bestand,url,titel,regel,soort,ernst,citaat,context,uitleg,voorstel
0001_bsn_bsn-op-nederlands-paspoort.txt,https://www.nederlandwereldwijd.nl/bsn/bsn-op-nederlands-paspoort,Waar vind ik mijn burgerservicenummer (BSN) op een Nederlands paspoort? | NederlandWereldwijd,3,lange-zin,advies,"In paspoorten met een afgiftedatum van 2014 of later staat uw BSN bovenaan op pagina 1, op de achterkant van de houderpa...","In paspoorten met een afgiftedatum van 2014 of later staat uw BSN bovenaan op pagina 1, op de achterkant van de houderpa...",Zin van 22 woorden; boven de 20 wordt een zin lastig te volgen.,Knip de zin in tweeën.
0001_bsn_bsn-op-nederlands-paspoort.txt,https://www.nederlandwereldwijd.nl/bsn/bsn-op-nederlands-paspoort,Waar vind ik mijn burgerservicenummer (BSN) op een Nederlands paspoort? | NederlandWereldwijd,4,lange-zin,advies,Bij paspoorten met een afgiftedatum vanaf 30 augustus 2021 vindt u uw BSN ook in een QR-code op de achterkant van de hou...,Bij paspoorten met een afgiftedatum vanaf 30 augustus 2021 vindt u uw BSN ook in een QR-code op de achterkant van de hou...,Zin van 23 woorden; boven de 20 wordt een zin lastig te volgen.,Knip de zin in tweeën.
0003_digid-buiten-nederland_inloggen-id-kaart.txt,https://www.nederlandwereldwijd.nl/digid-buiten-nederland/inloggen-id-kaart,Inloggen via DigiD met identiteitsbewijs vanuit het buitenland | NederlandWereldwijdTelefoon,28,lijdende-vorm,advies,wordt niet verstuurd,"De brief wordt niet verstuurd naar een Nederlandse ambassade, consulaat-generaal of VFS Global.",Lijdende vorm: de lezer ziet niet wie er iets doet.,"Schrijf actief, bijvoorbeeld 'wij sturen' of 'u ontvangt'."
0003_digid-buiten-nederland_inloggen-id-kaart.txt,https://www.nederlandwereldwijd.nl/digid-buiten-nederland/inloggen-id-kaart,Inloggen via DigiD met identiteitsbewijs vanuit het buitenland | NederlandWereldwijdTelefoon,43,lijdende-vorm,advies,worden geen gegevens,Er worden geen gegevens opgeslagen.,Lijdende vorm: de lezer ziet niet wie er iets doet.,"Schrijf actief, bijvoorbeeld 'wij sturen' of 'u ontvangt'."
0003_digid-buiten-nederland_inloggen-id-kaart.txt,https://www.nederlandwereldwijd.nl/digid-buiten-nederland/inloggen-id-kaart,Inloggen via DigiD met identiteitsbewijs vanuit het buitenland | NederlandWereldwijdTelefoon,58,lijdende-vorm,advies,worden geen gegevens,Er worden geen gegevens opgeslagen.,Lijdende vorm: de lezer ziet niet wie er iets doet.,"Schrijf actief, bijvoorbeeld 'wij sturen' of 'u ontvangt'."
0006_paspoort-id-kaart.txt,https://www.nederlandwereldwijd.nl/paspoort-id-kaart,Nederlands paspoort of ID-kaart aanvragen in het buitenland | NederlandWereldwijd,1,lange-zin,advies,U vindt hier alles over het aanvragen of vernieuwen van een Nederlands paspoort of ID-kaart als u in het buitenland woon...,U vindt hier alles over het aanvragen of vernieuwen van een Nederlands paspoort of ID-kaart als u in het buitenland woon...,Zin van 21 woorden; boven de 20 wordt een zin lastig te volgen.,Knip de zin in tweeën.
0008_paspoort-id-kaart_aanvragen.txt,https://www.nederlandwereldwijd.nl/paspoort-id-kaart/aanvragen,Voor het eerst een Nederlands paspoort of ID-kaart aanvragen vanuit het buitenland | NederlandWereldwijd,6,lange-zin,advies,Let op: Het aanvragen van een Nederlands paspoort of ID-kaart in het buitenland kost vaak meer tijd dan u misschien verw...,Let op: Het aanvragen van een Nederlands paspoort of ID-kaart in het buitenland kost vaak meer tijd dan u misschien verw...,Zin van 21 woorden; boven de 20 wordt een zin lastig te volgen.,Knip de zin in tweeën.
0008_paspoort-id-kaart_aanvragen.txt,https://www.nederlandwereldwijd.nl/paspoort-id-kaart/aanvragen,Voor het eerst een Nederlands paspoort of ID-kaart aanvragen vanuit het buitenland | NederlandWereldwijd,39,lijdende-vorm,advies,worden door geboorte,"Nederlander worden door geboorte, erkenning of adoptie",Lijdende vorm: de lezer ziet niet wie er iets doet.,"Schrijf actief, bijvoorbeeld 'wij sturen' of 'u ontvangt'."
0009_paspoort-id-kaart_aanvragen-grensgemeente.txt,https://www.nederlandwereldwijd.nl/paspoort-id-kaart/aanvragen-grensgemeente,Paspoort of ID-kaart aanvragen bij een grensgemeente in Nederland | NederlandWereldwijd,1,lange-zin,advies,"Als u in het buitenland woont, kunt u uw paspoort of identiteitskaart (ID-kaart) aanvragen bij een van de 15 grensgemeen...","Als u in het buitenland woont, kunt u uw paspoort of identiteitskaart (ID-kaart) aanvragen bij een van de 15 grensgemeen...",Zin van 22 woorden; boven de 20 wordt een zin lastig te volgen.,Knip de zin in tweeën.
0009_paspoort-id-kaart_aanvragen-grensgemeente.txt,https://www.nederlandwereldwijd.nl/paspoort-id-kaart/aanvragen-grensgemeente,Paspoort of ID-kaart aanvragen bij een grensgemeente in Nederland | NederlandWereldwijd,32,lange-zin,advies,De tarieven voor paspoorten en identiteitskaarten zijn bij de 15 grensgemeenten lager dan bij de Nederlandse ambassades ...,De tarieven voor paspoorten en identiteitskaarten zijn bij de 15 grensgemeenten lager dan bij de Nederlandse ambassades ...,Zin van 22 woorden; boven de 20 wordt een zin lastig te volgen.,Knip de zin in tweeën.
0010_paspoort-id-kaart_aanvragen-in-de-buurt.txt,https://www.nederlandwereldwijd.nl/paspoort-id-kaart/aanvragen-in-de-buurt,Buiten Nederland een paspoort of ID-kaart aanvragen bij u in de buurt | NederlandWereldwijd,53,lange-zin,advies,"Deze sessie is in de eerste plaats bedoeld voor een beperkte groep aanvragers, namelijk personen van 65 jaar en ouder en...","Deze sessie is in de eerste plaats bedoeld voor een beperkte groep aanvragers, namelijk personen van 65 jaar en ouder en...",Zin van 25 woorden; boven de 20 wordt een zin lastig te volgen.,Knip de zin in tweeën.
0014_paspoort-id-kaart_buitenland_paspoort-albanie.txt,https://www.nederlandwereldwijd.nl/paspoort-id-kaart/buitenland/paspoort-albanie,Paspoort of ID-kaart aanvragen als u in Albanië woont | NederlandWereldwijd,11,lange-zin,advies,In uw persoonlijke checklist (uit stap 1) ziet u dat u documenten uit Albanië nodig heeft om een paspoort of ID-kaart aa...,In uw persoonlijke checklist (uit stap 1) ziet u dat u documenten uit Albanië nodig heeft om een paspoort of ID-kaart aa...,Zin van 24 woorden; boven de 20 wordt een zin lastig te volgen.,Knip de zin in tweeën.
0014_paspoort-id-kaart_buitenland_paspoort-albanie.txt,https://www.nederlandwereldwijd.nl/paspoort-id-kaart/buitenland/paspoort-albanie,Paspoort of ID-kaart aanvragen als u in Albanië woont | NederlandWereldwijd,60,lange-zin,advies,In het overzicht van de consulaire tarieven in Noord-Macedonië ziet u wat een paspoort of ID-kaart kost en hoe u kunt be...,In het overzicht van de consulaire tarieven in Noord-Macedonië ziet u wat een paspoort of ID-kaart kost en hoe u kunt be...,Zin van 22 woorden; boven de 20 wordt een zin lastig te volgen.,Knip de zin in tweeën.
0014_paspoort-id-kaart_buitenland_paspoort-albanie.txt,https://www.nederlandwereldwijd.nl/paspoort-id-kaart/buitenland/paspoort-albanie,Paspoort of ID-kaart aanvragen als u in Albanië woont | NederlandWereldwijd,76,lange-zin,advies,Op de pagina Hoelang duurt het om een Nederlands paspoort of ID-kaart aan te vragen in het buitenland leest u meer over ...,Op de pagina Hoelang duurt het om een Nederlands paspoort of ID-kaart aan te vragen in het buitenland leest u meer over ...,Zin van 29 woorden; boven de 20 wordt een zin lastig te volgen.,Knip de zin in tweeën.
0014_paspoort-id-kaart_buitenland_paspoort-albanie.txt,https://www.nederlandwereldwijd.nl/paspoort-id-kaart/buitenland/paspoort-albanie,Paspoort of ID-kaart aanvragen als u in Albanië woont | NederlandWereldwijd,80,lange-zin,advies,U kunt uw nieuwe paspoort of ID-kaart ophalen bij de ambassade in Skopje op maandag tot en met vrijdag van 9.00 – 12.00 ...,U kunt uw nieuwe paspoort of ID-kaart ophalen bij de ambassade in Skopje op maandag tot en met vrijdag van 9.00 – 12.00 ...,Zin van 24 woorden; boven de 20 wordt een zin lastig te volgen.,Knip de zin in tweeën.
0014_paspoort-id-kaart_buitenland_paspoort-albanie.txt,https://www.nederlandwereldwijd.nl/paspoort-id-kaart/buitenland/paspoort-albanie,Paspoort of ID-kaart aanvragen als u in Albanië woont | NederlandWereldwijd,93,lange-zin,advies,Bij paspoorten uitgegeven vanaf eind september 2024 staat de naam van de partner vaak op de achterkant van de titelpagin...,Bij paspoorten uitgegeven vanaf eind september 2024 staat de naam van de partner vaak op de achterkant van de titelpagin...,Zin van 26 woorden; boven de 20 wordt een zin lastig te volgen.,Knip de zin in tweeën.
0015_paspoort-id-kaart_buitenland_paspoort-algerije.txt,https://www.nederlandwereldwijd.nl/paspoort-id-kaart/buitenland/paspoort-algerije,Paspoort of ID-kaart aanvragen als u in Algerije woont | NederlandWereldwijd,11,lange-zin,advies,In uw persoonlijke checklist (uit stap 1) ziet u dat u documenten uit Algerije nodig heeft om een paspoort of ID-kaart a...,In uw persoonlijke checklist (uit stap 1) ziet u dat u documenten uit Algerije nodig heeft om een paspoort of ID-kaart a...,Zin van 24 woorden; boven de 20 wordt een zin lastig te volgen.,Knip de zin in tweeën.
0015_paspoort-id-kaart_buitenland_paspoort-algerije.txt,https://www.nederlandwereldwijd.nl/paspoort-id-kaart/buitenland/paspoort-algerije,Paspoort of ID-kaart aanvragen als u in Algerije woont | NederlandWereldwijd,73,lange-zin,advies,Op de pagina Hoelang duurt het om een Nederlands paspoort of ID-kaart aan te vragen in het buitenland leest u meer over ...,Op de pagina Hoelang duurt het om een Nederlands paspoort of ID-kaart aan te vragen in het buitenland leest u meer over ...,Zin van 29 woorden; boven de 20 wordt een zin lastig te volgen.,Knip de zin in tweeën.
0015_paspoort-id-kaart_buitenland_paspoort-algerije.txt,https://www.nederlandwereldwijd.nl/paspoort-id-kaart/buitenland/paspoort-algerije,Paspoort of ID-kaart aanvragen als u in Algerije woont | NederlandWereldwijd,93,lange-zin,advies,Bij paspoorten uitgegeven vanaf eind september 2024 staat de naam van de partner vaak op de achterkant van de titelpagin...,Bij paspoorten uitgegeven vanaf eind september 2024 staat de naam van de partner vaak op de achterkant van de titelpagin...,Zin van 26 woorden; boven de 20 wordt een zin lastig te volgen.,Knip de zin in tweeën.
0016_paspoort-id-kaart_buitenland_paspoort-amerikaans-samoa.txt,https://www.nederlandwereldwijd.nl/paspoort-id-kaart/buitenland/paspoort-amerikaans-samoa,Paspoort of ID-kaart aanvragen als u in Amerikaans-Samoa woont | NederlandWereldwijd,11,lange-zin,advies,In uw persoonlijke checklist (uit stap 1) ziet u dat u documenten uit Amerikaans-Samoa nodig heeft om een paspoort of ID...,In uw persoonlijke checklist (uit stap 1) ziet u dat u documenten uit Amerikaans-Samoa nodig heeft om een paspoort of ID...,Zin van 24 woorden; boven de 20 wordt een zin lastig te volgen.,Knip de zin in tweeën.
0016_paspoort-id-kaart_buitenland_paspoort-amerikaans-samoa.txt,https://www.nederlandwereldwijd.nl/paspoort-id-kaart/buitenland/paspoort-amerikaans-samoa,Paspoort of ID-kaart aanvragen als u in Amerikaans-Samoa woont | NederlandWereldwijd,61,lange-zin,advies,In het overzicht van de consulaire tarieven in Nieuw-Zeeland ziet u wat een paspoort of ID-kaart kost en hoe u kunt beta...,In het overzicht van de consulaire tarieven in Nieuw-Zeeland ziet u wat een paspoort of ID-kaart kost en hoe u kunt beta...,Zin van 22 woorden; boven de 20 wordt een zin lastig te volgen.,Knip de zin in tweeën.
0016_paspoort-id-kaart_buitenland_paspoort-amerikaans-samoa.txt,https://www.nederlandwereldwijd.nl/paspoort-id-kaart/buitenland/paspoort-amerikaans-samoa,Paspoort of ID-kaart aanvragen als u in Amerikaans-Samoa woont | NederlandWereldwijd,75,lange-zin,advies,Op de pagina Hoelang duurt het om een Nederlands paspoort of ID-kaart aan te vragen in het buitenland leest u meer over ...,Op de pagina Hoelang duurt het om een Nederlands paspoort of ID-kaart aan te vragen in het buitenland leest u meer over ...,Zin van 29 woorden; boven de 20 wordt een zin lastig te volgen.,Knip de zin in tweeën.
0016_paspoort-id-kaart_buitenland_paspoort-amerikaans-samoa.txt,https://www.nederlandwereldwijd.nl/paspoort-id-kaart/buitenland/paspoort-amerikaans-samoa,Paspoort of ID-kaart aanvragen als u in Amerikaans-Samoa woont | NederlandWereldwijd,92,lange-zin,advies,Bij paspoorten uitgegeven vanaf eind september 2024 staat de naam van de partner vaak op de achterkant van de titelpagin...,Bij paspoorten uitgegeven vanaf eind september 2024 staat de naam van de partner vaak op de achterkant van de titelpagin...,Zin van 26 woorden; boven de 20 wordt een zin lastig te volgen.,Knip de zin in tweeën.
0017_paspoort-id-kaart_buitenland_paspoort-amerikaanse-maagdeneilanden.txt,https://www.nederlandwereldwijd.nl/paspoort-id-kaart/buitenland/paspoort-amerikaanse-maagdeneilanden,Paspoort of ID-kaart aanvragen als u op de Amerikaanse Maagdeneilanden woont | NederlandWereldwijd,11,lange-zin,advies,In uw persoonlijke checklist (uit stap 1) ziet u dat u documenten uit de Amerikaanse Maagdeneilanden nodig heeft om een ...,In uw persoonlijke checklist (uit stap 1) ziet u dat u documenten uit de Amerikaanse Maagdeneilanden nodig heeft om een ...,Zin van 26 woorden; boven de 20 wordt een zin lastig te volgen.,Knip de zin in tweeën.
0017_paspoort-id-kaart_buitenland_paspoort-amerikaanse-maagdeneilanden.txt,https://www.nederlandwereldwijd.nl/paspoort-id-kaart/buitenland/paspoort-amerikaanse-maagdeneilanden,Paspoort of ID-kaart aanvragen als u op de Amerikaanse Maagdeneilanden woont | NederlandWereldwijd,73,lange-zin,advies,Op de pagina Hoelang duurt het om een Nederlands paspoort of ID-kaart aan te vragen in het buitenland leest u meer over ...,Op de pagina Hoelang duurt het om een Nederlands paspoort of ID-kaart aan te vragen in het buitenland leest u meer over ...,Zin van 29 woorden; boven de 20 wordt een zin lastig te volgen.,Knip de zin in tweeën.
0017_paspoort-id-kaart_buitenland_paspoort-amerikaanse-maagdeneilanden.txt,https://www.nederlandwereldwijd.nl/paspoort-id-kaart/buitenland/paspoort-amerikaanse-maagdeneilanden,Paspoort of ID-kaart aanvragen als u op de Amerikaanse Maagdeneilanden woont | NederlandWereldwijd,94,lange-zin,advies,Bij paspoorten uitgegeven vanaf eind september 2024 staat de naam van de partner vaak op de achterkant van de titelpagin...,Bij paspoorten uitgegeven vanaf eind september 2024 staat de naam van de partner vaak op de achterkant van de titelpagin...,Zin van 26 woorden; boven de 20 wordt een zin lastig te volgen.,Knip de zin in tweeën.
0018_paspoort-id-kaart_buitenland_paspoort-andorra.txt,https://www.nederlandwereldwijd.nl/paspoort-id-kaart/buitenland/paspoort-andorra,Paspoort of ID-kaart aanvragen als u in Andorra woont | NederlandWereldwijd,11,lange-zin,advies,In uw persoonlijke checklist (uit stap 1) ziet u dat u documenten uit Andorra nodig heeft om een paspoort of ID-kaart aa...,In uw persoonlijke checklist (uit stap 1) ziet u dat u documenten uit Andorra nodig heeft om een paspoort of ID-kaart aa...,Zin van 24 woorden; boven de 20 wordt een zin lastig te volgen.,Knip de zin in tweeën.
0018_paspoort-id-kaart_buitenland_paspoort-andorra.txt,https://www.nederlandwereldwijd.nl/paspoort-id-kaart/buitenland/paspoort-andorra,Paspoort of ID-kaart aanvragen als u in Andorra woont | NederlandWereldwijd,73,lange-zin,advies,In het overzicht van de consulaire tarieven in Frankrijk ziet u wat een paspoort of ID-kaart kost en hoe u kunt betalen.,In het overzicht van de consulaire tarieven in Frankrijk ziet u wat een paspoort of ID-kaart kost en hoe u kunt betalen.,Zin van 22 woorden; boven de 20 wordt een zin lastig te volgen.,Knip de zin in tweeën.
0018_paspoort-id-kaart_buitenland_paspoort-andorra.txt,https://www.nederlandwereldwijd.nl/paspoort-id-kaart/buitenland/paspoort-andorra,Paspoort of ID-kaart aanvragen als u in Andorra woont | NederlandWereldwijd,88,lange-zin,advies,Op de pagina Hoelang duurt het om een Nederlands paspoort of ID-kaart aan te vragen in het buitenland leest u meer over ...,Op de pagina Hoelang duurt het om een Nederlands paspoort of ID-kaart aan te vragen in het buitenland leest u meer over ...,Zin van 29 woorden; boven de 20 wordt een zin lastig te volgen.,Knip de zin in tweeën.
0018_paspoort-id-kaart_buitenland_paspoort-andorra.txt,https://www.nederlandwereldwijd.nl/paspoort-id-kaart/buitenland/paspoort-andorra,Paspoort of ID-kaart aanvragen als u in Andorra woont | NederlandWereldwijd,106,lange-zin,advies,Bij paspoorten uitgegeven vanaf eind september 2024 staat de naam van de partner vaak op de achterkant van de titelpagin...,Bij paspoorten uitgegeven vanaf eind september 2024 staat de naam van de partner vaak op de achterkant van de titelpagin...,Zin van 26 woorden; boven de 20 wordt een zin lastig te volgen.,Knip de zin in tweeën.
0019_paspoort-id-kaart_buitenland_paspoort-angola.txt,https://www.nederlandwereldwijd.nl/paspoort-id-kaart/buitenland/paspoort-angola,Paspoort of ID-kaart aanvragen als u in Angola woont | NederlandWereldwijd,11,lange-zin,advies,In uw persoonlijke checklist (uit stap 1) ziet u dat u documenten uit Angola nodig heeft om een paspoort of ID-kaart aan...,In uw persoonlijke checklist (uit stap 1) ziet u dat u documenten uit Angola nodig heeft om een paspoort of ID-kaart aan...,Zin van 24 woorden; boven de 20 wordt een zin lastig te volgen.,Knip de zin in tweeën.
0019_paspoort-id-kaart_buitenland_paspoort-angola.txt,https://www.nederlandwereldwijd.nl/paspoort-id-kaart/buitenland/paspoort-angola,Paspoort of ID-kaart aanvragen als u in Angola woont | NederlandWereldwijd,73,lange-zin,advies,Op de pagina Hoelang duurt het om een Nederlands paspoort of ID-kaart aan te vragen in het buitenland leest u meer over ...,Op de pagina Hoelang duurt het om een Nederlands paspoort of ID-kaart aan te vragen in het buitenland leest u meer over ...,Zin van 29 woorden; boven de 20 wordt een zin lastig te volgen.,Knip de zin in tweeën.
0019_paspoort-id-kaart_buitenland_paspoort-angola.txt,https://www.nederlandwereldwijd.nl/paspoort-id-kaart/buitenland/paspoort-angola,Paspoort of ID-kaart aanvragen als u in Angola woont | NederlandWereldwijd,91,lange-zin,advies,Bij paspoorten uitgegeven vanaf eind september 2024 staat de naam van de partner vaak op de achterkant van de titelpagin...,Bij paspoorten uitgegeven vanaf eind september 2024 staat de naam van de partner vaak op de achterkant van de titelpagin...,Zin van 26 woorden; boven de 20 wordt een zin lastig te volgen.,Knip de zin in tweeën.
0020_paspoort-id-kaart_buitenland_paspoort-anguilla.txt,https://www.nederlandwereldwijd.nl/paspoort-id-kaart/buitenland/paspoort-anguilla,Paspoort of ID-kaart aanvragen als u in Anguilla woont | NederlandWereldwijd,11,lange-zin,advies,In uw persoonlijke checklist (uit stap 1) ziet u dat u documenten uit Anguilla nodig heeft om een paspoort of ID-kaart a...,In uw persoonlijke checklist (uit stap 1) ziet u dat u documenten uit Anguilla nodig heeft om een paspoort of ID-kaart a...,Zin van 24 woorden; boven de 20 wordt een zin lastig te volgen.,Knip de zin in tweeën.
0020_paspoort-id-kaart_buitenland_paspoort-anguilla.txt,https://www.nederlandwereldwijd.nl/paspoort-id-kaart/buitenland/paspoort-anguilla,Paspoort of ID-kaart aanvragen als u in Anguilla woont | NederlandWereldwijd,73,lange-zin,advies,Op de pagina Hoelang duurt het om een Nederlands paspoort of ID-kaart aan te vragen in het buitenland leest u meer over ...,Op de pagina Hoelang duurt het om een Nederlands paspoort of ID-kaart aan te vragen in het buitenland leest u meer over ...,Zin van 29 woorden; boven de 20 wordt een zin lastig te volgen.,Knip de zin in tweeën.
0020_paspoort-id-kaart_buitenland_paspoort-anguilla.txt,https://www.nederlandwereldwijd.nl/paspoort-id-kaart/buitenland/paspoort-anguilla,Paspoort of ID-kaart aanvragen als u in Anguilla woont | NederlandWereldwijd,92,lange-zin,advies,Bij paspoorten uitgegeven vanaf eind september 2024 staat de naam van de partner vaak op de achterkant van de titelpagin...,Bij paspoorten uitgegeven vanaf eind september 2024 staat de naam van de partner vaak op de achterkant van de titelpagin...,Zin van 26 woorden; boven de 20 wordt een zin lastig te volgen.,Knip de zin in tweeën.
0021_paspoort-id-kaart_buitenland_paspoort-antigua-en-barbuda.txt,https://www.nederlandwereldwijd.nl/paspoort-id-kaart/buitenland/paspoort-antigua-en-barbuda,Paspoort of ID-kaart aanvragen als u in Antigua en Barbuda woont | NederlandWereldwijd,11,lange-zin,advies,In uw persoonlijke checklist (uit stap 1) ziet u dat u documenten uit Antigua en Barbuda nodig heeft om een paspoort of ...,In uw persoonlijke checklist (uit stap 1) ziet u dat u documenten uit Antigua en Barbuda nodig heeft om een paspoort of ...,Zin van 26 woorden; boven de 20 wordt een zin lastig te volgen.,Knip de zin in tweeën.
0021_paspoort-id-kaart_buitenland_paspoort-antigua-en-barbuda.txt,https://www.nederlandwereldwijd.nl/paspoort-id-kaart/buitenland/paspoort-antigua-en-barbuda,Paspoort of ID-kaart aanvragen als u in Antigua en Barbuda woont | NederlandWereldwijd,73,lange-zin,advies,Op de pagina Hoelang duurt het om een Nederlands paspoort of ID-kaart aan te vragen in het buitenland leest u meer over ...,Op de pagina Hoelang duurt het om een Nederlands paspoort of ID-kaart aan te vragen in het buitenland leest u meer over ...,Zin van 29 woorden; boven de 20 wordt een zin lastig te volgen.,Knip de zin in tweeën.
0021_paspoort-id-kaart_buitenland_paspoort-antigua-en-barbuda.txt,https://www.nederlandwereldwijd.nl/paspoort-id-kaart/buitenland/paspoort-antigua-en-barbuda,Paspoort of ID-kaart aanvragen als u in Antigua en Barbuda woont | NederlandWereldwijd,92,lange-zin,advies,Bij paspoorten uitgegeven vanaf eind september 2024 staat de naam van de partner vaak op de achterkant van de titelpagin...,Bij paspoorten uitgegeven vanaf eind september 2024 staat de naam van de partner vaak op de achterkant van de titelpagin...,Zin van 26 woorden; boven de 20 wordt een zin lastig te volgen.,Knip de zin in tweeën.
0022_paspoort-id-kaart_buitenland_paspoort-argentinie.txt,https://www.nederlandwereldwijd.nl/paspoort-id-kaart/buitenland/paspoort-argentinie,Paspoort of ID-kaart aanvragen als u in Argentinië woont | NederlandWereldwijd,11,lange-zin,advies,In uw persoonlijke checklist (uit stap 1) ziet u dat u documenten uit Argentinië nodig heeft om een paspoort of ID-kaart...,In uw persoonlijke checklist (uit stap 1) ziet u dat u documenten uit Argentinië nodig heeft om een paspoort of ID-kaart...,Zin van 24 woorden; boven de 20 wordt een zin lastig te volgen.,Knip de zin in tweeën.
0022_paspoort-id-kaart_buitenland_paspoort-argentinie.txt,https://www.nederlandwereldwijd.nl/paspoort-id-kaart/buitenland/paspoort-argentinie,Paspoort of ID-kaart aanvragen als u in Argentinië woont | NederlandWereldwijd,63,lange-zin,advies,In het overzicht van de consulaire tarieven in Argentinië ziet u wat een paspoort of ID-kaart kost en hoe u kunt betalen...,In het overzicht van de consulaire tarieven in Argentinië ziet u wat een paspoort of ID-kaart kost en hoe u kunt betalen...,Zin van 22 woorden; boven de 20 wordt een zin lastig te volgen.,Knip de zin in tweeën.
0022_paspoort-id-kaart_buitenland_paspoort-argentinie.txt,https://www.nederlandwereldwijd.nl/paspoort-id-kaart/buitenland/paspoort-argentinie,Paspoort of ID-kaart aanvragen als u in Argentinië woont | NederlandWereldwijd,98,lange-zin,advies,Bij paspoorten uitgegeven vanaf eind september 2024 staat de naam van de partner vaak op de achterkant van de titelpagin...,Bij paspoorten uitgegeven vanaf eind september 2024 staat de naam van de partner vaak op de achterkant van de titelpagin...,Zin van 26 woorden; boven de 20 wordt een zin lastig te volgen.,Knip de zin in tweeën.
0023_paspoort-id-kaart_buitenland_paspoort-armenie.txt,https://www.nederlandwereldwijd.nl/paspoort-id-kaart/buitenland/paspoort-armenie,Paspoort of ID-kaart aanvragen als u in Armenië woont | NederlandWereldwijd,11,lange-zin,advies,In uw persoonlijke checklist (uit stap 1) ziet u dat u documenten uit Armenië nodig heeft om een paspoort of ID-kaart aa...,In uw persoonlijke checklist (uit stap 1) ziet u dat u documenten uit Armenië nodig heeft om een paspoort of ID-kaart aa...,Zin van 24 woorden; boven de 20 wordt een zin lastig te volgen.,Knip de zin in tweeën.
0023_paspoort-id-kaart_buitenland_paspoort-armenie.txt,https://www.nederlandwereldwijd.nl/paspoort-id-kaart/buitenland/paspoort-armenie,Paspoort of ID-kaart aanvragen als u in Armenië woont | NederlandWereldwijd,67,lange-zin,advies,In het overzicht van de consulaire tarieven in Georgië ziet u wat een paspoort of ID-kaart kost en hoe u kunt betalen.,In het overzicht van de consulaire tarieven in Georgië ziet u wat een paspoort of ID-kaart kost en hoe u kunt betalen.,Zin van 22 woorden; boven de 20 wordt een zin lastig te volgen.,Knip de zin in tweeën.
0023_paspoort-id-kaart_buitenland_paspoort-armenie.txt,https://www.nederlandwereldwijd.nl/paspoort-id-kaart/buitenland/paspoort-armenie,Paspoort of ID-kaart aanvragen als u in Armenië woont | NederlandWereldwijd,81,lange-zin,advies,Op de pagina Hoelang duurt het om een Nederlands paspoort of ID-kaart aan te vragen in het buitenland leest u meer over ...,Op de pagina Hoelang duurt het om een Nederlands paspoort of ID-kaart aan te vragen in het buitenland leest u meer over ...,Zin van 29 woorden; boven de 20 wordt een zin lastig te volgen.,Knip de zin in tweeën.
0023_paspoort-id-kaart_buitenland_paspoort-armenie.txt,https://www.nederlandwereldwijd.nl/paspoort-id-kaart/buitenland/paspoort-armenie,Paspoort of ID-kaart aanvragen als u in Armenië woont | NederlandWereldwijd,102,lange-zin,advies,Bij paspoorten uitgegeven vanaf eind september 2024 staat de naam van de partner vaak op de achterkant van de titelpagin...,Bij paspoorten uitgegeven vanaf eind september 2024 staat de naam van de partner vaak op de achterkant van de titelpagin...,Zin van 26 woorden; boven de 20 wordt een zin lastig te volgen.,Knip de zin in tweeën.
0024_paspoort-id-kaart_buitenland_paspoort-australie.txt,https://www.nederlandwereldwijd.nl/paspoort-id-kaart/buitenland/paspoort-australie,Nederlands paspoort of ID-kaart vernieuwen of aanvragen als u in Australië woont | NederlandWereldwijd,91,lange-zin,advies,In het overzicht van de consulaire tarieven in Australië ziet u wat een paspoort of ID-kaart kost en hoe u kunt betalen.,In het overzicht van de consulaire tarieven in Australië ziet u wat een paspoort of ID-kaart kost en hoe u kunt betalen.,Zin van 22 woorden; boven de 20 wordt een zin lastig te volgen.,Knip de zin in tweeën.
0024_paspoort-id-kaart_buitenland_paspoort-australie.txt,https://www.nederlandwereldwijd.nl/paspoort-id-kaart/buitenland/paspoort-australie,Nederlands paspoort of ID-kaart vernieuwen of aanvragen als u in Australië woont | NederlandWereldwijd,105,lange-zin,advies,Op de pagina Hoelang duurt het om een Nederlands paspoort of ID-kaart aan te vragen in het buitenland leest u meer over ...,Op de pagina Hoelang duurt het om een Nederlands paspoort of ID-kaart aan te vragen in het buitenland leest u meer over ...,Zin van 29 woorden; boven de 20 wordt een zin lastig te volgen.,Knip de zin in tweeën.
0024_paspoort-id-kaart_buitenland_paspoort-australie.txt,https://www.nederlandwereldwijd.nl/paspoort-id-kaart/buitenland/paspoort-australie,Nederlands paspoort of ID-kaart vernieuwen of aanvragen als u in Australië woont | NederlandWereldwijd,119,lijdende-vorm,advies,worden niet geaccepteerd,Andere enveloppen worden niet geaccepteerd.,Lijdende vorm: de lezer ziet niet wie er iets doet.,"Schrijf actief, bijvoorbeeld 'wij sturen' of 'u ontvangt'."
0024_paspoort-id-kaart_buitenland_paspoort-australie.txt,https://www.nederlandwereldwijd.nl/paspoort-id-kaart/buitenland/paspoort-australie,Nederlands paspoort of ID-kaart vernieuwen of aanvragen als u in Australië woont | NederlandWereldwijd,120,lijdende-vorm,advies,worden verstuurd,"De envelop moet zijn voorzien van een signature on delivery sticker, anders kan het paspoort niet worden verstuurd.",Lijdende vorm: de lezer ziet niet wie er iets doet.,"Schrijf actief, bijvoorbeeld 'wij sturen' of 'u ontvangt'."
0024_paspoort-id-kaart_buitenland_paspoort-australie.txt,https://www.nederlandwereldwijd.nl/paspoort-id-kaart/buitenland/paspoort-australie,Nederlands paspoort of ID-kaart vernieuwen of aanvragen als u in Australië woont | NederlandWereldwijd,132,lange-zin,advies,Bij paspoorten uitgegeven vanaf eind september 2024 staat de naam van de partner vaak op de achterkant van de titelpagin...,Bij paspoorten uitgegeven vanaf eind september 2024 staat de naam van de partner vaak op de achterkant van de titelpagin...,Zin van 26 woorden; boven de 20 wordt een zin lastig te volgen.,Knip de zin in tweeën.
0025_paspoort-id-kaart_buitenland_paspoort-azerbeidzjan.txt,https://www.nederlandwereldwijd.nl/paspoort-id-kaart/buitenland/paspoort-azerbeidzjan,Paspoort of ID-kaart aanvragen als u in Azerbeidzjan woont | NederlandWereldwijd,11,lange-zin,advies,In uw persoonlijke checklist (uit stap 1) ziet u dat u documenten uit Azerbeidzjan nodig heeft om een paspoort of ID-kaa...,In uw persoonlijke checklist (uit stap 1) ziet u dat u documenten uit Azerbeidzjan nodig heeft om een paspoort of ID-kaa...,Zin van 24 woorden; boven de 20 wordt een zin lastig te volgen.,Knip de zin in tweeën.
0025_paspoort-id-kaart_buitenland_paspoort-azerbeidzjan.txt,https://www.nederlandwereldwijd.nl/paspoort-id-kaart/buitenland/paspoort-azerbeidzjan,Paspoort of ID-kaart aanvragen als u in Azerbeidzjan woont | NederlandWereldwijd,115,lange-zin,advies,Op de pagina Hoelang duurt het om een Nederlands paspoort of ID-kaart aan te vragen in het buitenland leest u meer over ...,Op de pagina Hoelang duurt het om een Nederlands paspoort of ID-kaart aan te vragen in het buitenland leest u meer over ...,Zin van 29 woorden; boven de 20 wordt een zin lastig te volgen.,Knip de zin in tweeën.
0025_paspoort-id-kaart_buitenland_paspoort-azerbeidzjan.txt,https://www.nederlandwereldwijd.nl/paspoort-id-kaart/buitenland/paspoort-azerbeidzjan,Paspoort of ID-kaart aanvragen als u in Azerbeidzjan woont | NederlandWereldwijd,145,lange-zin,advies,Bij paspoorten uitgegeven vanaf eind september 2024 staat de naam van de partner vaak op de achterkant van de titelpagin...,Bij paspoorten uitgegeven vanaf eind september 2024 staat de naam van de partner vaak op de achterkant van de titelpagin...,Zin van 26 woorden; boven de 20 wordt een zin lastig te volgen.,Knip de zin in tweeën.
0026_paspoort-id-kaart_buitenland_paspoort-bahamas.txt,https://www.nederlandwereldwijd.nl/paspoort-id-kaart/buitenland/paspoort-bahamas,Paspoort of ID-kaart aanvragen als u op de Bahama's woont | NederlandWereldwijd,11,lange-zin,advies,In uw persoonlijke checklist (uit stap 1) ziet u dat u documenten uit de Bahama's nodig heeft om een paspoort of ID-kaar...,In uw persoonlijke checklist (uit stap 1) ziet u dat u documenten uit de Bahama's nodig heeft om een paspoort of ID-kaar...,Zin van 25 woorden; boven de 20 wordt een zin lastig te volgen.,Knip de zin in tweeën.
0026_paspoort-id-kaart_buitenland_paspoort-bahamas.txt,https://www.nederlandwereldwijd.nl/paspoort-id-kaart/buitenland/paspoort-bahamas,Paspoort of ID-kaart aanvragen als u op de Bahama's woont | NederlandWereldwijd,73,lange-zin,advies,Op de pagina Hoelang duurt het om een Nederlands paspoort of ID-kaart aan te vragen in het buitenland leest u meer over ...,Op de pagina Hoelang duurt het om een Nederlands paspoort of ID-kaart aan te vragen in het buitenland leest u meer over ...,Zin van 29 woorden; boven de 20 wordt een zin lastig te volgen.,Knip de zin in tweeën.
0026_paspoort-id-kaart_buitenland_paspoort-bahamas.txt,https://www.nederlandwereldwijd.nl/paspoort-id-kaart/buitenland/paspoort-bahamas,Paspoort of ID-kaart aanvragen als u op de Bahama's woont | NederlandWereldwijd,94,lange-zin,advies,Bij paspoorten uitgegeven vanaf eind september 2024 staat de naam van de partner vaak op de achterkant van de titelpagin...,Bij paspoorten uitgegeven vanaf eind september 2024 staat de naam van de partner vaak op de achterkant van de titelpagin...,Zin van 26 woorden; boven de 20 wordt een zin lastig te volgen.,Knip de zin in tweeën.
0027_paspoort-id-kaart_buitenland_paspoort-bahrein.txt,https://www.nederlandwereldwijd.nl/paspoort-id-kaart/buitenland/paspoort-bahrein,Paspoort of ID-kaart aanvragen als u in Bahrein woont | NederlandWereldwijd,11,lange-zin,advies,In uw persoonlijke checklist (uit stap 1) ziet u dat u documenten uit Bahrein nodig heeft om een paspoort of ID-kaart aa...,In uw persoonlijke checklist (uit stap 1) ziet u dat u documenten uit Bahrein nodig heeft om een paspoort of ID-kaart aa...,Zin van 24 woorden; boven de 20 wordt een zin lastig te volgen.,Knip de zin in tweeën.
0027_paspoort-id-kaart_buitenland_paspoort-bahrein.txt,https://www.nederlandwereldwijd.nl/paspoort-id-kaart/buitenland/paspoort-bahrein,Paspoort of ID-kaart aanvragen als u in Bahrein woont | NederlandWereldwijd,60,lange-zin,advies,In het overzicht van de consulaire tarieven in Koeweit ziet u wat een paspoort of ID-kaart kost en hoe u kunt betalen.,In het overzicht van de consulaire tarieven in Koeweit ziet u wat een paspoort of ID-kaart kost en hoe u kunt betalen.,Zin van 22 woorden; boven de 20 wordt een zin lastig te volgen.,Knip de zin in tweeën.
0027_paspoort-id-kaart_buitenland_paspoort-bahrein.txt,https://www.nederlandwereldwijd.nl/paspoort-id-kaart/buitenland/paspoort-bahrein,Paspoort of ID-kaart aanvragen als u in Bahrein woont | NederlandWereldwijd,74,lange-zin,advies,Op de pagina Hoelang duurt het om een Nederlands paspoort of ID-kaart aan te vragen in het buitenland leest u meer over ...,Op de pagina Hoelang duurt het om een Nederlands paspoort of ID-kaart aan te vragen in het buitenland leest u meer over ...,Zin van 29 woorden; boven de 20 wordt een zin lastig te volgen.,Knip de zin in tweeën.
0027_paspoort-id-kaart_buitenland_paspoort-bahrein.txt,https://www.nederlandwereldwijd.nl/paspoort-id-kaart/buitenland/paspoort-bahrein,Paspoort of ID-kaart aanvragen als u in Bahrein woont | NederlandWereldwijd,78,lange-zin,advies,U kunt uw nieuwe paspoort of ID-kaart ophalen bij de ambassade in Koeweit op maandag en woensdag van 14.00 – 15.00 uur.,U kunt uw nieuwe paspoort of ID-kaart ophalen bij de ambassade in Koeweit op maandag en woensdag van 14.00 – 15.00 uur.,Zin van 22 woorden; boven de 20 wordt een zin lastig te volgen.,Knip de zin in tweeën.
0027_paspoort-id-kaart_buitenland_paspoort-bahrein.txt,https://www.nederlandwereldwijd.nl/paspoort-id-kaart/buitenland/paspoort-bahrein,Paspoort of ID-kaart aanvragen als u in Bahrein woont | NederlandWereldwijd,90,lange-zin,advies,Bij paspoorten uitgegeven vanaf eind september 2024 staat de naam van de partner vaak op de achterkant van de titelpagin...,Bij paspoorten uitgegeven vanaf eind september 2024 staat de naam van de partner vaak op de achterkant van de titelpagin...,Zin van 26 woorden; boven de 20 wordt een zin lastig te volgen.,Knip de zin in tweeën.
0028_paspoort-id-kaart_buitenland_paspoort-bangladesh.txt,https://www.nederlandwereldwijd.nl/paspoort-id-kaart/buitenland/paspoort-bangladesh,Paspoort of ID-kaart aanvragen als u in Bangladesh woont | NederlandWereldwijd,11,lange-zin,advies,In uw persoonlijke checklist (uit stap 1) ziet u dat u documenten uit Bangladesh nodig heeft om een paspoort of ID-kaart...,In uw persoonlijke checklist (uit stap 1) ziet u dat u documenten uit Bangladesh nodig heeft om een paspoort of ID-kaart...,Zin van 24 woorden; boven de 20 wordt een zin lastig te volgen.,Knip de zin in tweeën.
0028_paspoort-id-kaart_buitenland_paspoort-bangladesh.txt,https://www.nederlandwereldwijd.nl/paspoort-id-kaart/buitenland/paspoort-bangladesh,Paspoort of ID-kaart aanvragen als u in Bangladesh woont | NederlandWereldwijd,60,lange-zin,advies,In het overzicht van de consulaire tarieven in Bangladesh ziet u wat een paspoort of ID-kaart kost en hoe u kunt betalen...,In het overzicht van de consulaire tarieven in Bangladesh ziet u wat een paspoort of ID-kaart kost en hoe u kunt betalen...,Zin van 22 woorden; boven de 20 wordt een zin lastig te volgen.,Knip de zin in tweeën.
0028_paspoort-id-kaart_buitenland_paspoort-bangladesh.txt,https://www.nederlandwereldwijd.nl/paspoort-id-kaart/buitenland/paspoort-bangladesh,Paspoort of ID-kaart aanvragen als u in Bangladesh woont | NederlandWereldwijd,74,lange-zin,advies,Op de pagina Hoelang duurt het om een Nederlands paspoort of ID-kaart aan te vragen in het buitenland leest u meer over ...,Op de pagina Hoelang duurt het om een Nederlands paspoort of ID-kaart aan te vragen in het buitenland leest u meer over ...,Zin van 29 woorden; boven de 20 wordt een zin lastig te volgen.,Knip de zin in tweeën.
0028_paspoort-id-kaart_buitenland_paspoort-bangladesh.txt,https://www.nederlandwereldwijd.nl/paspoort-id-kaart/buitenland/paspoort-bangladesh,Paspoort of ID-kaart aanvragen als u in Bangladesh woont | NederlandWereldwijd,78,lange-zin,advies,U kunt uw nieuwe paspoort of ID-kaart ophalen bij de ambassade in Dhaka op zondag tot en met donderdag van 9.00 – 16.00 ...,U kunt uw nieuwe paspoort of ID-kaart ophalen bij de ambassade in Dhaka op zondag tot en met donderdag van 9.00 – 16.00 ...,Zin van 24 woorden; boven de 20 wordt een zin lastig te volgen.,Knip de zin in tweeën.
0028_paspoort-id-kaart_buitenland_paspoort-bangladesh.txt,https://www.nederlandwereldwijd.nl/paspoort-id-kaart/buitenland/paspoort-bangladesh,Paspoort of ID-kaart aanvragen als u in Bangladesh woont | NederlandWereldwijd,89,lange-zin,advies,Bij paspoorten uitgegeven vanaf eind september 2024 staat de naam van de partner vaak op de achterkant van de titelpagin...,Bij paspoorten uitgegeven vanaf eind september 2024 staat de naam van de partner vaak op de achterkant van de titelpagin...,Zin van 26 woorden; boven de 20 wordt een zin lastig te volgen.,Knip de zin in tweeën.
0029_paspoort-id-kaart_buitenland_paspoort-barbados.txt,https://www.nederlandwereldwijd.nl/paspoort-id-kaart/buitenland/paspoort-barbados,Paspoort of ID-kaart aanvragen als u in Barbados woont | NederlandWereldwijd,11,lange-zin,advies,In uw persoonlijke checklist (uit stap 1) ziet u dat u documenten uit Barbados nodig heeft om een paspoort of ID-kaart a...,In uw persoonlijke checklist (uit stap 1) ziet u dat u documenten uit Barbados nodig heeft om een paspoort of ID-kaart a...,Zin van 24 woorden; boven de 20 wordt een zin lastig te volgen.,Knip de zin in tweeën.
0029_paspoort-id-kaart_buitenland_paspoort-barbados.txt,https://www.nederlandwereldwijd.nl/paspoort-id-kaart/buitenland/paspoort-barbados,Paspoort of ID-kaart aanvragen als u in Barbados woont | NederlandWereldwijd,73,lange-zin,advies,Op de pagina Hoelang duurt het om een Nederlands paspoort of ID-kaart aan te vragen in het buitenland leest u meer over ...,Op de pagina Hoelang duurt het om een Nederlands paspoort of ID-kaart aan te vragen in het buitenland leest u meer over ...,Zin van 29 woorden; boven de 20 wordt een zin lastig te volgen.,Knip de zin in tweeën.
0029_paspoort-id-kaart_buitenland_paspoort-barbados.txt,https://www.nederlandwereldwijd.nl/paspoort-id-kaart/buitenland/paspoort-barbados,Paspoort of ID-kaart aanvragen als u in Barbados woont | NederlandWereldwijd,92,lange-zin,advies,Bij paspoorten uitgegeven vanaf eind september 2024 staat de naam van de partner vaak op de achterkant van de titelpagin...,Bij paspoorten uitgegeven vanaf eind september 2024 staat de naam van de partner vaak op de achterkant van de titelpagin...,Zin van 26 woorden; boven de 20 wordt een zin lastig te volgen.,Knip de zin in tweeën.
0030_paspoort-id-kaart_buitenland_paspoort-belarus-wit-rusland.txt,https://www.nederlandwereldwijd.nl/paspoort-id-kaart/buitenland/paspoort-belarus-wit-rusland,Paspoort of ID-kaart aanvragen als u in Belarus (Wit-Rusland) woont | NederlandWereldwijd,11,lange-zin,advies,In uw persoonlijke checklist (uit stap 1) ziet u dat u documenten uit Belarus (Wit-Rusland) nodig heeft om een paspoort ...,In uw persoonlijke checklist (uit stap 1) ziet u dat u documenten uit Belarus (Wit-Rusland) nodig heeft om een paspoort ...,Zin van 25 woorden; boven de 20 wordt een zin lastig te volgen.,Knip de zin in tweeën.
0030_paspoort-id-kaart_buitenland_paspoort-belarus-wit-rusland.txt,https://www.nederlandwereldwijd.nl/paspoort-id-kaart/buitenland/paspoort-belarus-wit-rusland,Paspoort of ID-kaart aanvragen als u in Belarus (Wit-Rusland) woont | NederlandWereldwijd,61,lange-zin,advies,In het overzicht van de consulaire tarieven in Polen ziet u wat een paspoort of ID-kaart kost en hoe u kunt betalen.,In het overzicht van de consulaire tarieven in Polen ziet u wat een paspoort of ID-kaart kost en hoe u kunt betalen.,Zin van 22 woorden; boven de 20 wordt een zin lastig te volgen.,Knip de zin in tweeën.
0030_paspoort-id-kaart_buitenland_paspoort-belarus-wit-rusland.txt,https://www.nederlandwereldwijd.nl/paspoort-id-kaart/buitenland/paspoort-belarus-wit-rusland,Paspoort of ID-kaart aanvragen als u in Belarus (Wit-Rusland) woont | NederlandWereldwijd,75,lange-zin,advies,Op de pagina Hoelang duurt het om een Nederlands paspoort of ID-kaart aan te vragen in het buitenland leest u meer over ...,Op de pagina Hoelang duurt het om een Nederlands paspoort of ID-kaart aan te vragen in het buitenland leest u meer over ...,Zin van 29 woorden; boven de 20 wordt een zin lastig te volgen.,Knip de zin in tweeën.
0030_paspoort-id-kaart_buitenland_paspoort-belarus-wit-rusland.txt,https://www.nederlandwereldwijd.nl/paspoort-id-kaart/buitenland/paspoort-belarus-wit-rusland,Paspoort of ID-kaart aanvragen als u in Belarus (Wit-Rusland) woont | NederlandWereldwijd,91,lange-zin,advies,Bij paspoorten uitgegeven vanaf eind september 2024 staat de naam van de partner vaak op de achterkant van de titelpagin...,Bij paspoorten uitgegeven vanaf eind september 2024 staat de naam van de partner vaak op de achterkant van de titelpagin...,Zin van 26 woorden; boven de 20 wordt een zin lastig te volgen.,Knip de zin in tweeën.
0031_paspoort-id-kaart_buitenland_paspoort-belgie.txt,https://www.nederlandwereldwijd.nl/paspoort-id-kaart/buitenland/paspoort-belgie,Paspoort of ID-kaart aanvragen als u in België woont | NederlandWereldwijd,12,lange-zin,advies,In uw persoonlijke checklist (uit stap 1) ziet u dat u documenten uit België nodig heeft om een paspoort of ID-kaart aan...,In uw persoonlijke checklist (uit stap 1) ziet u dat u documenten uit België nodig heeft om een paspoort of ID-kaart aan...,Zin van 24 woorden; boven de 20 wordt een zin lastig te volgen.,Knip de zin in tweeën.
0031_paspoort-id-kaart_buitenland_paspoort-belgie.txt,https://www.nederlandwereldwijd.nl/paspoort-id-kaart/buitenland/paspoort-belgie,Paspoort of ID-kaart aanvragen als u in België woont | NederlandWereldwijd,18,lange-zin,advies,een uittreksel of verklaring van woonplaats met vermelding van uw nationaliteit (certificat de résidence avec mention de...,een uittreksel of verklaring van woonplaats met vermelding van uw nationaliteit (certificat de résidence avec mention de...,Zin van 38 woorden; boven de 20 wordt een zin lastig te volgen.,Knip de zin in tweeën.
0031_paspoort-id-kaart_buitenland_paspoort-belgie.txt,https://www.nederlandwereldwijd.nl/paspoort-id-kaart/buitenland/paspoort-belgie,Paspoort of ID-kaart aanvragen als u in België woont | NederlandWereldwijd,73,lange-zin,advies,In het overzicht van de consulaire tarieven in Luxemburg ziet u wat een paspoort of ID-kaart kost en hoe u kunt betalen.,In het overzicht van de consulaire tarieven in Luxemburg ziet u wat een paspoort of ID-kaart kost en hoe u kunt betalen.,Zin van 22 woorden; boven de 20 wordt een zin lastig te volgen.,Knip de zin in tweeën.
0031_paspoort-id-kaart_buitenland_paspoort-belgie.txt,https://www.nederlandwereldwijd.nl/paspoort-id-kaart/buitenland/paspoort-belgie,Paspoort of ID-kaart aanvragen als u in België woont | NederlandWereldwijd,87,lange-zin,advies,Op de pagina Hoelang duurt het om een Nederlands paspoort of ID-kaart aan te vragen in het buitenland leest u meer over ...,Op de pagina Hoelang duurt het om een Nederlands paspoort of ID-kaart aan te vragen in het buitenland leest u meer over ...,Zin van 29 woorden; boven de 20 wordt een zin lastig te volgen.,Knip de zin in tweeën.
0031_paspoort-id-kaart_buitenland_paspoort-belgie.txt,https://www.nederlandwereldwijd.nl/paspoort-id-kaart/buitenland/paspoort-belgie,Paspoort of ID-kaart aanvragen als u in België woont | NederlandWereldwijd,105,lange-zin,advies,Bij paspoorten uitgegeven vanaf eind september 2024 staat de naam van de partner vaak op de achterkant van de titelpagin...,Bij paspoorten uitgegeven vanaf eind september 2024 staat de naam van de partner vaak op de achterkant van de titelpagin...,Zin van 26 woorden; boven de 20 wordt een zin lastig te volgen.,Knip de zin in tweeën.
0032_paspoort-id-kaart_buitenland_paspoort-belize.txt,https://www.nederlandwereldwijd.nl/paspoort-id-kaart/buitenland/paspoort-belize,Paspoort of ID-kaart aanvragen als u in Belize woont | NederlandWereldwijd,11,lange-zin,advies,In uw persoonlijke checklist (uit stap 1) ziet u dat u documenten uit Belize nodig heeft om een paspoort of ID-kaart aan...,In uw persoonlijke checklist (uit stap 1) ziet u dat u documenten uit Belize nodig heeft om een paspoort of ID-kaart aan...,Zin van 24 woorden; boven de 20 wordt een zin lastig te volgen.,Knip de zin in tweeën.
0032_paspoort-id-kaart_buitenland_paspoort-belize.txt,https://www.nederlandwereldwijd.nl/paspoort-id-kaart/buitenland/paspoort-belize,Paspoort of ID-kaart aanvragen als u in Belize woont | NederlandWereldwijd,74,lange-zin,advies,Op de pagina Hoelang duurt het om een Nederlands paspoort of ID-kaart aan te vragen in het buitenland leest u meer over ...,Op de pagina Hoelang duurt het om een Nederlands paspoort of ID-kaart aan te vragen in het buitenland leest u meer over ...,Zin van 29 woorden; boven de 20 wordt een zin lastig te volgen.,Knip de zin in tweeën.
0032_paspoort-id-kaart_buitenland_paspoort-belize.txt,https://www.nederlandwereldwijd.nl/paspoort-id-kaart/buitenland/paspoort-belize,Paspoort of ID-kaart aanvragen als u in Belize woont | NederlandWereldwijd,88,lange-zin,advies,Bij paspoorten uitgegeven vanaf eind september 2024 staat de naam van de partner vaak op de achterkant van de titelpagin...,Bij paspoorten uitgegeven vanaf eind september 2024 staat de naam van de partner vaak op de achterkant van de titelpagin...,Zin van 26 woorden; boven de 20 wordt een zin lastig te volgen.,Knip de zin in tweeën.
0033_paspoort-id-kaart_buitenland_paspoort-benin.txt,https://www.nederlandwereldwijd.nl/paspoort-id-kaart/buitenland/paspoort-benin,Paspoort of ID-kaart aanvragen als u in Benin woont | NederlandWereldwijd,11,lange-zin,advies,In uw persoonlijke checklist (uit stap 1) ziet u dat u documenten uit Benin nodig heeft om een paspoort of ID-kaart aan ...,In uw persoonlijke checklist (uit stap 1) ziet u dat u documenten uit Benin nodig heeft om een paspoort of ID-kaart aan ...,Zin van 24 woorden; boven de 20 wordt een zin lastig te volgen.,Knip de zin in tweeën.
0033_paspoort-id-kaart_buitenland_paspoort-benin.txt,https://www.nederlandwereldwijd.nl/paspoort-id-kaart/buitenland/paspoort-benin,Paspoort of ID-kaart aanvragen als u in Benin woont | NederlandWereldwijd,74,lange-zin,advies,Op de pagina Hoelang duurt het om een Nederlands paspoort of ID-kaart aan te vragen in het buitenland leest u meer over ...,Op de pagina Hoelang duurt het om een Nederlands paspoort of ID-kaart aan te vragen in het buitenland leest u meer over ...,Zin van 29 woorden; boven de 20 wordt een zin lastig te volgen.,Knip de zin in tweeën.
0033_paspoort-id-kaart_buitenland_paspoort-benin.txt,https://www.nederlandwereldwijd.nl/paspoort-id-kaart/buitenland/paspoort-benin,Paspoort of ID-kaart aanvragen als u in Benin woont | NederlandWereldwijd,94,lange-zin,advies,Bij paspoorten uitgegeven vanaf eind september 2024 staat de naam van de partner vaak op de achterkant van de titelpagin...,Bij paspoorten uitgegeven vanaf eind september 2024 staat de naam van de partner vaak op de achterkant van de titelpagin...,Zin van 26 woorden; boven de 20 wordt een zin lastig te volgen.,Knip de zin in tweeën.
0034_paspoort-id-kaart_buitenland_paspoort-bhutan.txt,https://www.nederlandwereldwijd.nl/paspoort-id-kaart/buitenland/paspoort-bhutan,Paspoort of ID-kaart aanvragen als u in Bhutan woont | NederlandWereldwijd,11,lange-zin,advies,In uw persoonlijke checklist (uit stap 1) ziet u dat u documenten uit Bhutan nodig heeft om een paspoort of ID-kaart aan...,In uw persoonlijke checklist (uit stap 1) ziet u dat u documenten uit Bhutan nodig heeft om een paspoort of ID-kaart aan...,Zin van 24 woorden; boven de 20 wordt een zin lastig te volgen.,Knip de zin in tweeën.
0034_paspoort-id-kaart_buitenland_paspoort-bhutan.txt,https://www.nederlandwereldwijd.nl/paspoort-id-kaart/buitenland/paspoort-bhutan,Paspoort of ID-kaart aanvragen als u in Bhutan woont | NederlandWereldwijd,61,lange-zin,advies,In het overzicht van de consulaire tarieven in India ziet u wat een paspoort of ID-kaart kost en hoe u kunt betalen.,In het overzicht van de consulaire tarieven in India ziet u wat een paspoort of ID-kaart kost en hoe u kunt betalen.,Zin van 22 woorden; boven de 20 wordt een zin lastig te volgen.,Knip de zin in tweeën.
0034_paspoort-id-kaart_buitenland_paspoort-bhutan.txt,https://www.nederlandwereldwijd.nl/paspoort-id-kaart/buitenland/paspoort-bhutan,Paspoort of ID-kaart aanvragen als u in Bhutan woont | NederlandWereldwijd,75,lange-zin,advies,Op de pagina Hoelang duurt het om een Nederlands paspoort of ID-kaart aan te vragen in het buitenland leest u meer over ...,Op de pagina Hoelang duurt het om een Nederlands paspoort of ID-kaart aan te vragen in het buitenland leest u meer over ...,Zin van 29 woorden; boven de 20 wordt een zin lastig te volgen.,Knip de zin in tweeën.
0034_paspoort-id-kaart_buitenland_paspoort-bhutan.txt,https://www.nederlandwereldwijd.nl/paspoort-id-kaart/buitenland/paspoort-bhutan,Paspoort of ID-kaart aanvragen als u in Bhutan woont | NederlandWereldwijd,99,lange-zin,advies,Bij paspoorten uitgegeven vanaf eind september 2024 staat de naam van de partner vaak op de achterkant van de titelpagin...,Bij paspoorten uitgegeven vanaf eind september 2024 staat de naam van de partner vaak op de achterkant van de titelpagin...,Zin van 26 woorden; boven de 20 wordt een zin lastig te volgen.,Knip de zin in tweeën.
0035_paspoort-id-kaart_buitenland_paspoort-bolivia.txt,https://www.nederlandwereldwijd.nl/paspoort-id-kaart/buitenland/paspoort-bolivia,Paspoort of ID-kaart aanvragen als u in Bolivia woont | NederlandWereldwijd,11,lange-zin,advies,In uw persoonlijke checklist (uit stap 1) ziet u dat u documenten uit Bolivia nodig heeft om een paspoort of ID-kaart aa...,In uw persoonlijke checklist (uit stap 1) ziet u dat u documenten uit Bolivia nodig heeft om een paspoort of ID-kaart aa...,Zin van 24 woorden; boven de 20 wordt een zin lastig te volgen.,Knip de zin in tweeën.
0035_paspoort-id-kaart_buitenland_paspoort-bolivia.txt,https://www.nederlandwereldwijd.nl/paspoort-id-kaart/buitenland/paspoort-bolivia,Paspoort of ID-kaart aanvragen als u in Bolivia woont | NederlandWereldwijd,41,lange-zin,advies,"Vermeld in uw e-mail de volledige namen, geboortedata, woonplaats, vervaldatum van de huidige paspoorten en contactgegev...","Vermeld in uw e-mail de volledige namen, geboortedata, woonplaats, vervaldatum van de huidige paspoorten en contactgegev...",Zin van 25 woorden; boven de 20 wordt een zin lastig te volgen.,Knip de zin in tweeën.
0035_paspoort-id-kaart_buitenland_paspoort-bolivia.txt,https://www.nederlandwereldwijd.nl/paspoort-id-kaart/buitenland/paspoort-bolivia,Paspoort of ID-kaart aanvragen als u in Bolivia woont | NederlandWereldwijd,42,lange-zin,advies,"U krijgt ongeveer 3 weken vóór de afspraak van het Honorair Consulaat per e-mail meer informatie over uw afspraak, het t...","U krijgt ongeveer 3 weken vóór de afspraak van het Honorair Consulaat per e-mail meer informatie over uw afspraak, het t...",Zin van 25 woorden; boven de 20 wordt een zin lastig te volgen.,Knip de zin in tweeën.
0035_paspoort-id-kaart_buitenland_paspoort-bolivia.txt,https://www.nederlandwereldwijd.nl/paspoort-id-kaart/buitenland/paspoort-bolivia,Paspoort of ID-kaart aanvragen als u in Bolivia woont | NederlandWereldwijd,52,lange-zin,advies,"U krijgt ongeveer 3 weken vóór de afspraak van het Honorair Consulaat per e-mail meer informatie over uw afspraak, het t...","U krijgt ongeveer 3 weken vóór de afspraak van het Honorair Consulaat per e-mail meer informatie over uw afspraak, het t...",Zin van 25 woorden; boven de 20 wordt een zin lastig te volgen.,Knip de zin in tweeën.
0035_paspoort-id-kaart_buitenland_paspoort-bolivia.txt,https://www.nederlandwereldwijd.nl/paspoort-id-kaart/buitenland/paspoort-bolivia,Paspoort of ID-kaart aanvragen als u in Bolivia woont | NederlandWereldwijd,64,lange-zin,advies,"Vermeld in uw e-mail de volledige namen, geboortedata, woonplaats, vervaldatum van de huidige paspoorten en contactgegev...","Vermeld in uw e-mail de volledige namen, geboortedata, woonplaats, vervaldatum van de huidige paspoorten en contactgegev...",Zin van 25 woorden; boven de 20 wordt een zin lastig te volgen.,Knip de zin in tweeën.
0035_paspoort-id-kaart_buitenland_paspoort-bolivia.txt,https://www.nederlandwereldwijd.nl/paspoort-id-kaart/buitenland/paspoort-bolivia,Paspoort of ID-kaart aanvragen als u in Bolivia woont | NederlandWereldwijd,65,lange-zin,advies,"U krijgt ongeveer 3 weken vóór de afspraak van het Honorair Consulaat per e-mail meer informatie over uw afspraak, het t...","U krijgt ongeveer 3 weken vóór de afspraak van het Honorair Consulaat per e-mail meer informatie over uw afspraak, het t...",Zin van 25 woorden; boven de 20 wordt een zin lastig te volgen.,Knip de zin in tweeën.
0035_paspoort-id-kaart_buitenland_paspoort-bolivia.txt,https://www.nederlandwereldwijd.nl/paspoort-id-kaart/buitenland/paspoort-bolivia,Paspoort of ID-kaart aanvragen als u in Bolivia woont | NederlandWereldwijd,94,lange-zin,advies,In het overzicht van de consulaire tarieven in Peru ziet u wat een paspoort of ID-kaart kost en hoe u kunt betalen.,In het overzicht van de consulaire tarieven in Peru ziet u wat een paspoort of ID-kaart kost en hoe u kunt betalen.,Zin van 22 woorden; boven de 20 wordt een zin lastig te volgen.,Knip de zin in tweeën.
0035_paspoort-id-kaart_buitenland_paspoort-bolivia.txt,https://www.nederlandwereldwijd.nl/paspoort-id-kaart/buitenland/paspoort-bolivia,Paspoort of ID-kaart aanvragen als u in Bolivia woont | NederlandWereldwijd,108,lange-zin,advies,Op de pagina Hoelang duurt het om een Nederlands paspoort of ID-kaart aan te vragen in het buitenland leest u meer over ...,Op de pagina Hoelang duurt het om een Nederlands paspoort of ID-kaart aan te vragen in het buitenland leest u meer over ...,Zin van 29 woorden; boven de 20 wordt een zin lastig te volgen.,Knip de zin in tweeën.
0035_paspoort-id-kaart_buitenland_paspoort-bolivia.txt,https://www.nederlandwereldwijd.nl/paspoort-id-kaart/buitenland/paspoort-bolivia,Paspoort of ID-kaart aanvragen als u in Bolivia woont | NederlandWereldwijd,126,lange-zin,advies,Bij paspoorten uitgegeven vanaf eind september 2024 staat de naam van de partner vaak op de achterkant van de titelpagin...,Bij paspoorten uitgegeven vanaf eind september 2024 staat de naam van de partner vaak op de achterkant van de titelpagin...,Zin van 26 woorden; boven de 20 wordt een zin lastig te volgen.,Knip de zin in tweeën.
0036_paspoort-id-kaart_buitenland_paspoort-bosnie-en-herzegovina.txt,https://www.nederlandwereldwijd.nl/paspoort-id-kaart/buitenland/paspoort-bosnie-en-herzegovina,Paspoort of ID-kaart aanvragen als u in Bosnië en Herzegovina woont | NederlandWereldwijd,11,lange-zin,advies,In uw persoonlijke checklist (uit stap 1) ziet u dat u documenten uit Bosnië en Herzegovina nodig heeft om een paspoort ...,In uw persoonlijke checklist (uit stap 1) ziet u dat u documenten uit Bosnië en Herzegovina nodig heeft om een paspoort ...,Zin van 26 woorden; boven de 20 wordt een zin lastig te volgen.,Knip de zin in tweeën.
0036_paspoort-id-kaart_buitenland_paspoort-bosnie-en-herzegovina.txt,https://www.nederlandwereldwijd.nl/paspoort-id-kaart/buitenland/paspoort-bosnie-en-herzegovina,Paspoort of ID-kaart aanvragen als u in Bosnië en Herzegovina woont | NederlandWereldwijd,75,lange-zin,advies,Op de pagina Hoelang duurt het om een Nederlands paspoort of ID-kaart aan te vragen in het buitenland leest u meer over ...,Op de pagina Hoelang duurt het om een Nederlands paspoort of ID-kaart aan te vragen in het buitenland leest u meer over ...,Zin van 29 woorden; boven de 20 wordt een zin lastig te volgen.,Knip de zin in tweeën.
0036_paspoort-id-kaart_buitenland_paspoort-bosnie-en-herzegovina.txt,https://www.nederlandwereldwijd.nl/paspoort-id-kaart/buitenland/paspoort-bosnie-en-herzegovina,Paspoort of ID-kaart aanvragen als u in Bosnië en Herzegovina woont | NederlandWereldwijd,92,lange-zin,advies,Bij paspoorten uitgegeven vanaf eind september 2024 staat de naam van de partner vaak op de achterkant van de titelpagin...,Bij paspoorten uitgegeven vanaf eind september 2024 staat de naam van de partner vaak op de achterkant van de titelpagin...,Zin van 26 woorden; boven de 20 wordt een zin lastig te volgen.,Knip de zin in tweeën.
0037_paspoort-id-kaart_buitenland_paspoort-botswana.txt,https://www.nederlandwereldwijd.nl/paspoort-id-kaart/buitenland/paspoort-botswana,Paspoort of ID-kaart aanvragen als u in Botswana woont | NederlandWereldwijd,11,lange-zin,advies,In uw persoonlijke checklist (uit stap 1) ziet u dat u documenten uit Botswana nodig heeft om een paspoort of ID-kaart a...,In uw persoonlijke checklist (uit stap 1) ziet u dat u documenten uit Botswana nodig heeft om een paspoort of ID-kaart a...,Zin van 24 woorden; boven de 20 wordt een zin lastig te volgen.,Knip de zin in tweeën.
0037_paspoort-id-kaart_buitenland_paspoort-botswana.txt,https://www.nederlandwereldwijd.nl/paspoort-id-kaart/buitenland/paspoort-botswana,Paspoort of ID-kaart aanvragen als u in Botswana woont | NederlandWereldwijd,75,lange-zin,advies,Op de pagina Hoelang duurt het om een Nederlands paspoort of ID-kaart aan te vragen in het buitenland leest u meer over ...,Op de pagina Hoelang duurt het om een Nederlands paspoort of ID-kaart aan te vragen in het buitenland leest u meer over ...,Zin van 29 woorden; boven de 20 wordt een zin lastig te volgen.,Knip de zin in tweeën.
0037_paspoort-id-kaart_buitenland_paspoort-botswana.txt,https://www.nederlandwereldwijd.nl/paspoort-id-kaart/buitenland/paspoort-botswana,Paspoort of ID-kaart aanvragen als u in Botswana woont | NederlandWereldwijd,105,lange-zin,advies,Bij paspoorten uitgegeven vanaf eind september 2024 staat de naam van de partner vaak op de achterkant van de titelpagin...,Bij paspoorten uitgegeven vanaf eind september 2024 staat de naam van de partner vaak op de achterkant van de titelpagin...,Zin van 26 woorden; boven de 20 wordt een zin lastig te volgen.,Knip de zin in tweeën.
0038_paspoort-id-kaart_buitenland_paspoort-brazilie.txt,https://www.nederlandwereldwijd.nl/paspoort-id-kaart/buitenland/paspoort-brazilie,Paspoort of ID-kaart aanvragen als u in Brazilië woont | NederlandWereldwijd,12,lange-zin,advies,In uw persoonlijke checklist (uit stap 1) ziet u dat u documenten uit Brazilië nodig heeft om een paspoort of ID-kaart a...,In uw persoonlijke checklist (uit stap 1) ziet u dat u documenten uit Brazilië nodig heeft om een paspoort of ID-kaart a...,Zin van 24 woorden; boven de 20 wordt een zin lastig te volgen.,Knip de zin in tweeën.
0038_paspoort-id-kaart_buitenland_paspoort-brazilie.txt,https://www.nederlandwereldwijd.nl/paspoort-id-kaart/buitenland/paspoort-brazilie,Paspoort of ID-kaart aanvragen als u in Brazilië woont | NederlandWereldwijd,63,lange-zin,advies,In het overzicht van de consulaire tarieven in Brazilië ziet u wat een paspoort of ID-kaart kost en hoe u kunt betalen.,In het overzicht van de consulaire tarieven in Brazilië ziet u wat een paspoort of ID-kaart kost en hoe u kunt betalen.,Zin van 22 woorden; boven de 20 wordt een zin lastig te volgen.,Knip de zin in tweeën.
0038_paspoort-id-kaart_buitenland_paspoort-brazilie.txt,https://www.nederlandwereldwijd.nl/paspoort-id-kaart/buitenland/paspoort-brazilie,Paspoort of ID-kaart aanvragen als u in Brazilië woont | NederlandWereldwijd,77,lange-zin,advies,Op de pagina Hoelang duurt het om een Nederlands paspoort of ID-kaart aan te vragen in het buitenland leest u meer over ...,Op de pagina Hoelang duurt het om een Nederlands paspoort of ID-kaart aan te vragen in het buitenland leest u meer over ...,Zin van 29 woorden; boven de 20 wordt een zin lastig te volgen.,Knip de zin in tweeën.
0038_paspoort-id-kaart_buitenland_paspoort-brazilie.txt,https://www.nederlandwereldwijd.nl/paspoort-id-kaart/buitenland/paspoort-brazilie,Paspoort of ID-kaart aanvragen als u in Brazilië woont | NederlandWereldwijd,81,lange-zin,advies,U kunt uw nieuwe paspoort of ID-kaart ophalen bij het consulaat-generaal in São Paulo op maandag tot en met donderdag va...,U kunt uw nieuwe paspoort of ID-kaart ophalen bij het consulaat-generaal in São Paulo op maandag tot en met donderdag va...,Zin van 25 woorden; boven de 20 wordt een zin lastig te volgen.,Knip de zin in tweeën.
0038_paspoort-id-kaart_buitenland_paspoort-brazilie.txt,https://www.nederlandwereldwijd.nl/paspoort-id-kaart/buitenland/paspoort-brazilie,Paspoort of ID-kaart aanvragen als u in Brazilië woont | NederlandWereldwijd,92,lange-zin,advies,Bij paspoorten uitgegeven vanaf eind september 2024 staat de naam van de partner vaak op de achterkant van de titelpagin...,Bij paspoorten uitgegeven vanaf eind september 2024 staat de naam van de partner vaak op de achterkant van de titelpagin...,Zin van 26 woorden; boven de 20 wordt een zin lastig te volgen.,Knip de zin in tweeën.
0039_paspoort-id-kaart_buitenland_paspoort-britse-maagdeneilanden.txt,https://www.nederlandwereldwijd.nl/paspoort-id-kaart/buitenland/paspoort-britse-maagdeneilanden,Paspoort of ID-kaart aanvragen als u op de Britse Maagdeneilanden woont | NederlandWereldwijd,11,lange-zin,advies,In uw persoonlijke checklist (uit stap 1) ziet u dat u documenten uit de Britse Maagdeneilanden nodig heeft om een paspo...,In uw persoonlijke checklist (uit stap 1) ziet u dat u documenten uit de Britse Maagdeneilanden nodig heeft om een paspo...,Zin van 26 woorden; boven de 20 wordt een zin lastig te volgen.,Knip de zin in tweeën.
0039_paspoort-id-kaart_buitenland_paspoort-britse-maagdeneilanden.txt,https://www.nederlandwereldwijd.nl/paspoort-id-kaart/buitenland/paspoort-britse-maagdeneilanden,Paspoort of ID-kaart aanvragen als u op de Britse Maagdeneilanden woont | NederlandWereldwijd,73,lange-zin,advies,Op de pagina Hoelang duurt het om een Nederlands paspoort of ID-kaart aan te vragen in het buitenland leest u meer over ...,Op de pagina Hoelang duurt het om een Nederlands paspoort of ID-kaart aan te vragen in het buitenland leest u meer over ...,Zin van 29 woorden; boven de 20 wordt een zin lastig te volgen.,Knip de zin in tweeën.
0039_paspoort-id-kaart_buitenland_paspoort-britse-maagdeneilanden.txt,https://www.nederlandwereldwijd.nl/paspoort-id-kaart/buitenland/paspoort-britse-maagdeneilanden,Paspoort of ID-kaart aanvragen als u op de Britse Maagdeneilanden woont | NederlandWereldwijd,92,lange-zin,advies,Bij paspoorten uitgegeven vanaf eind september 2024 staat de naam van de partner vaak op de achterkant van de titelpagin...,Bij paspoorten uitgegeven vanaf eind september 2024 staat de naam van de partner vaak op de achterkant van de titelpagin...,Zin van 26 woorden; boven de 20 wordt een zin lastig te volgen.,Knip de zin in tweeën.
0040_paspoort-id-kaart_buitenland_paspoort-brunei-darussalam.txt,https://www.nederlandwereldwijd.nl/paspoort-id-kaart/buitenland/paspoort-brunei-darussalam,Paspoort of ID-kaart aanvragen als u in Brunei Darussalam woont | NederlandWereldwijd,11,lange-zin,advies,In uw persoonlijke checklist (uit stap 1) ziet u dat u documenten uit Brunei Darussalam nodig heeft om een paspoort of I...,In uw persoonlijke checklist (uit stap 1) ziet u dat u documenten uit Brunei Darussalam nodig heeft om een paspoort of I...,Zin van 25 woorden; boven de 20 wordt een zin lastig te volgen.,Knip de zin in tweeën.
0040_paspoort-id-kaart_buitenland_paspoort-brunei-darussalam.txt,https://www.nederlandwereldwijd.nl/paspoort-id-kaart/buitenland/paspoort-brunei-darussalam,Paspoort of ID-kaart aanvragen als u in Brunei Darussalam woont | NederlandWereldwijd,60,lange-zin,advies,In het overzicht van de consulaire tarieven in Singapore ziet u wat een paspoort of ID-kaart kost en hoe u kunt betalen.,In het overzicht van de consulaire tarieven in Singapore ziet u wat een paspoort of ID-kaart kost en hoe u kunt betalen.,Zin van 22 woorden; boven de 20 wordt een zin lastig te volgen.,Knip de zin in tweeën.
0040_paspoort-id-kaart_buitenland_paspoort-brunei-darussalam.txt,https://www.nederlandwereldwijd.nl/paspoort-id-kaart/buitenland/paspoort-brunei-darussalam,Paspoort of ID-kaart aanvragen als u in Brunei Darussalam woont | NederlandWereldwijd,74,lange-zin,advies,Op de pagina Hoelang duurt het om een Nederlands paspoort of ID-kaart aan te vragen in het buitenland leest u meer over ...,Op de pagina Hoelang duurt het om een Nederlands paspoort of ID-kaart aan te vragen in het buitenland leest u meer over ...,Zin van 29 woorden; boven de 20 wordt een zin lastig te volgen.,Knip de zin in tweeën.
0040_paspoort-id-kaart_buitenland_paspoort-brunei-darussalam.txt,https://www.nederlandwereldwijd.nl/paspoort-id-kaart/buitenland/paspoort-brunei-darussalam,Paspoort of ID-kaart aanvragen als u in Brunei Darussalam woont | NederlandWereldwijd,91,lange-zin,advies,Bij paspoorten uitgegeven vanaf eind september 2024 staat de naam van de partner vaak op de achterkant van de titelpagin...,Bij paspoorten uitgegeven vanaf eind september 2024 staat de naam van de partner vaak op de achterkant van de titelpagin...,Zin van 26 woorden; boven de 20 wordt een zin lastig te volgen.,Knip de zin in tweeën.
0041_paspoort-id-kaart_buitenland_paspoort-bulgarije.txt,https://www.nederlandwereldwijd.nl/paspoort-id-kaart/buitenland/paspoort-bulgarije,Paspoort of ID-kaart aanvragen als u in Bulgarije woont | NederlandWereldwijd,11,lange-zin,advies,In uw persoonlijke checklist (uit stap 1) ziet u dat u documenten uit Bulgarije nodig heeft om een paspoort of ID-kaart ...,In uw persoonlijke checklist (uit stap 1) ziet u dat u documenten uit Bulgarije nodig heeft om een paspoort of ID-kaart ...,Zin van 24 woorden; boven de 20 wordt een zin lastig te volgen.,Knip de zin in tweeën.
0041_paspoort-id-kaart_buitenland_paspoort-bulgarije.txt,https://www.nederlandwereldwijd.nl/paspoort-id-kaart/buitenland/paspoort-bulgarije,Paspoort of ID-kaart aanvragen als u in Bulgarije woont | NederlandWereldwijd,60,lange-zin,advies,In het overzicht van de consulaire tarieven in Bulgarije ziet u wat een paspoort of ID-kaart kost en hoe u kunt betalen.,In het overzicht van de consulaire tarieven in Bulgarije ziet u wat een paspoort of ID-kaart kost en hoe u kunt betalen.,Zin van 22 woorden; boven de 20 wordt een zin lastig te volgen.,Knip de zin in tweeën.
0041_paspoort-id-kaart_buitenland_paspoort-bulgarije.txt,https://www.nederlandwereldwijd.nl/paspoort-id-kaart/buitenland/paspoort-bulgarije,Paspoort of ID-kaart aanvragen als u in Bulgarije woont | NederlandWereldwijd,74,lange-zin,advies,Op de pagina Hoelang duurt het om een Nederlands paspoort of ID-kaart aan te vragen in het buitenland leest u meer over ...,Op de pagina Hoelang duurt het om een Nederlands paspoort of ID-kaart aan te vragen in het buitenland leest u meer over ...,Zin van 29 woorden; boven de 20 wordt een zin lastig te volgen.,Knip de zin in tweeën.
0041_paspoort-id-kaart_buitenland_paspoort-bulgarije.txt,https://www.nederlandwereldwijd.nl/paspoort-id-kaart/buitenland/paspoort-bulgarije,Paspoort of ID-kaart aanvragen als u in Bulgarije woont | NederlandWereldwijd,78,lange-zin,advies,U kunt uw nieuwe paspoort of ID-kaart ophalen bij de ambassade in Sofia op maandag en donderdag van 10.00 – 12.00 uur.,U kunt uw nieuwe paspoort of ID-kaart ophalen bij de ambassade in Sofia op maandag en donderdag van 10.00 – 12.00 uur.,Zin van 22 woorden; boven de 20 wordt een zin lastig te volgen.,Knip de zin in tweeën.
0041_paspoort-id-kaart_buitenland_paspoort-bulgarije.txt,https://www.nederlandwereldwijd.nl/paspoort-id-kaart/buitenland/paspoort-bulgarije,Paspoort of ID-kaart aanvragen als u in Bulgarije woont | NederlandWereldwijd,90,lange-zin,advies,Bij paspoorten uitgegeven vanaf eind september 2024 staat de naam van de partner vaak op de achterkant van de titelpagin...,Bij paspoorten uitgegeven vanaf eind september 2024 staat de naam van de partner vaak op de achterkant van de titelpagin...,Zin van 26 woorden; boven de 20 wordt een zin lastig te volgen.,Knip de zin in tweeën.
0042_paspoort-id-kaart_buitenland_paspoort-burkina-faso.txt,https://www.nederlandwereldwijd.nl/paspoort-id-kaart/buitenland/paspoort-burkina-faso,Paspoort of ID-kaart aanvragen als u in Burkina Faso woont | NederlandWereldwijd,11,lange-zin,advies,In uw persoonlijke checklist (uit stap 1) ziet u dat u documenten uit Burkina Faso nodig heeft om een paspoort of ID-kaa...,In uw persoonlijke checklist (uit stap 1) ziet u dat u documenten uit Burkina Faso nodig heeft om een paspoort of ID-kaa...,Zin van 25 woorden; boven de 20 wordt een zin lastig te volgen.,Knip de zin in tweeën.
0042_paspoort-id-kaart_buitenland_paspoort-burkina-faso.txt,https://www.nederlandwereldwijd.nl/paspoort-id-kaart/buitenland/paspoort-burkina-faso,Paspoort of ID-kaart aanvragen als u in Burkina Faso woont | NederlandWereldwijd,74,lange-zin,advies,Op de pagina Hoelang duurt het om een Nederlands paspoort of ID-kaart aan te vragen in het buitenland leest u meer over ...,Op de pagina Hoelang duurt het om een Nederlands paspoort of ID-kaart aan te vragen in het buitenland leest u meer over ...,Zin van 29 woorden; boven de 20 wordt een zin lastig te volgen.,Knip de zin in tweeën.
0042_paspoort-id-kaart_buitenland_paspoort-burkina-faso.txt,https://www.nederlandwereldwijd.nl/paspoort-id-kaart/buitenland/paspoort-burkina-faso,Paspoort of ID-kaart aanvragen als u in Burkina Faso woont | NederlandWereldwijd,95,lange-zin,advies,Bij paspoorten uitgegeven vanaf eind september 2024 staat de naam van de partner vaak op de achterkant van de titelpagin...,Bij paspoorten uitgegeven vanaf eind september 2024 staat de naam van de partner vaak op de achterkant van de titelpagin...,Zin van 26 woorden; boven de 20 wordt een zin lastig te volgen.,Knip de zin in tweeën.
0043_paspoort-id-kaart_buitenland_paspoort-burundi.txt,https://www.nederlandwereldwijd.nl/paspoort-id-kaart/buitenland/paspoort-burundi,Paspoort of ID-kaart aanvragen als u in Burundi woont | NederlandWereldwijd,11,lange-zin,advies,In uw persoonlijke checklist (uit stap 1) ziet u dat u documenten uit Burundi nodig heeft om een paspoort of ID-kaart aa...,In uw persoonlijke checklist (uit stap 1) ziet u dat u documenten uit Burundi nodig heeft om een paspoort of ID-kaart aa...,Zin van 24 woorden; boven de 20 wordt een zin lastig te volgen.,Knip de zin in tweeën.
0043_paspoort-id-kaart_buitenland_paspoort-burundi.txt,https://www.nederlandwereldwijd.nl/paspoort-id-kaart/buitenland/paspoort-burundi,Paspoort of ID-kaart aanvragen als u in Burundi woont | NederlandWereldwijd,74,lange-zin,advies,Op de pagina Hoelang duurt het om een Nederlands paspoort of ID-kaart aan te vragen in het buitenland leest u meer over ...,Op de pagina Hoelang duurt het om een Nederlands paspoort of ID-kaart aan te vragen in het buitenland leest u meer over ...,Zin van 29 woorden; boven de 20 wordt een zin lastig te volgen.,Knip de zin in tweeën.
0043_paspoort-id-kaart_buitenland_paspoort-burundi.txt,https://www.nederlandwereldwijd.nl/paspoort-id-kaart/buitenland/paspoort-burundi,Paspoort of ID-kaart aanvragen als u in Burundi woont | NederlandWereldwijd,94,lange-zin,advies,Bij paspoorten uitgegeven vanaf eind september 2024 staat de naam van de partner vaak op de achterkant van de titelpagin...,Bij paspoorten uitgegeven vanaf eind september 2024 staat de naam van de partner vaak op de achterkant van de titelpagin...,Zin van 26 woorden; boven de 20 wordt een zin lastig te volgen.,Knip de zin in tweeën.
0044_paspoort-id-kaart_buitenland_paspoort-cambodja.txt,https://www.nederlandwereldwijd.nl/paspoort-id-kaart/buitenland/paspoort-cambodja,Paspoort of ID-kaart aanvragen als u in Cambodja woont | NederlandWereldwijd,11,lange-zin,advies,In uw persoonlijke checklist (uit stap 1) ziet u dat u documenten uit Cambodja nodig heeft om een paspoort of ID-kaart a...,In uw persoonlijke checklist (uit stap 1) ziet u dat u documenten uit Cambodja nodig heeft om een paspoort of ID-kaart a...,Zin van 24 woorden; boven de 20 wordt een zin lastig te volgen.,Knip de zin in tweeën.
0044_paspoort-id-kaart_buitenland_paspoort-cambodja.txt,https://www.nederlandwereldwijd.nl/paspoort-id-kaart/buitenland/paspoort-cambodja,Paspoort of ID-kaart aanvragen als u in Cambodja woont | NederlandWereldwijd,64,lange-zin,advies,In het overzicht van de consulaire tarieven in Thailand ziet u wat een paspoort of ID-kaart kost en hoe u kunt betalen.,In het overzicht van de consulaire tarieven in Thailand ziet u wat een paspoort of ID-kaart kost en hoe u kunt betalen.,Zin van 22 woorden; boven de 20 wordt een zin lastig te volgen.,Knip de zin in tweeën.
0044_paspoort-id-kaart_buitenland_paspoort-cambodja.txt,https://www.nederlandwereldwijd.nl/paspoort-id-kaart/buitenland/paspoort-cambodja,Paspoort of ID-kaart aanvragen als u in Cambodja woont | NederlandWereldwijd,78,lange-zin,advies,Op de pagina Hoelang duurt het om een Nederlands paspoort of ID-kaart aan te vragen in het buitenland leest u meer over ...,Op de pagina Hoelang duurt het om een Nederlands paspoort of ID-kaart aan te vragen in het buitenland leest u meer over ...,Zin van 29 woorden; boven de 20 wordt een zin lastig te volgen.,Knip de zin in tweeën.
0044_paspoort-id-kaart_buitenland_paspoort-cambodja.txt,https://www.nederlandwereldwijd.nl/paspoort-id-kaart/buitenland/paspoort-cambodja,Paspoort of ID-kaart aanvragen als u in Cambodja woont | NederlandWereldwijd,82,lange-zin,advies,U kunt uw nieuwe paspoort of ID-kaart ophalen bij de ambassade in Bangkok op maandag tot en met donderdag van 13.30 – 15...,U kunt uw nieuwe paspoort of ID-kaart ophalen bij de ambassade in Bangkok op maandag tot en met donderdag van 13.30 – 15...,Zin van 24 woorden; boven de 20 wordt een zin lastig te volgen.,Knip de zin in tweeën.
0044_paspoort-id-kaart_buitenland_paspoort-cambodja.txt,https://www.nederlandwereldwijd.nl/paspoort-id-kaart/buitenland/paspoort-cambodja,Paspoort of ID-kaart aanvragen als u in Cambodja woont | NederlandWereldwijd,91,lijdende-vorm,advies,worden verstuurd,Zonder postcode kan uw paspoort niet worden verstuurd.,Lijdende vorm: de lezer ziet niet wie er iets doet.,"Schrijf actief, bijvoorbeeld 'wij sturen' of 'u ontvangt'."
0044_paspoort-id-kaart_buitenland_paspoort-cambodja.txt,https://www.nederlandwereldwijd.nl/paspoort-id-kaart/buitenland/paspoort-cambodja,Paspoort of ID-kaart aanvragen als u in Cambodja woont | NederlandWereldwijd,98,lange-zin,advies,Bij paspoorten uitgegeven vanaf eind september 2024 staat de naam van de partner vaak op de achterkant van de titelpagin...,Bij paspoorten uitgegeven vanaf eind september 2024 staat de naam van de partner vaak op de achterkant van de titelpagin...,Zin van 26 woorden; boven de 20 wordt een zin lastig te volgen.,Knip de zin in tweeën.
0045_paspoort-id-kaart_buitenland_paspoort-canada.txt,https://www.nederlandwereldwijd.nl/paspoort-id-kaart/buitenland/paspoort-canada,Paspoort of ID-kaart aanvragen als u in Canada woont | NederlandWereldwijd,12,lange-zin,advies,In uw persoonlijke checklist (uit stap 1) ziet u dat u documenten uit Canada nodig heeft om een paspoort of ID-kaart aan...,In uw persoonlijke checklist (uit stap 1) ziet u dat u documenten uit Canada nodig heeft om een paspoort of ID-kaart aan...,Zin van 24 woorden; boven de 20 wordt een zin lastig te volgen.,Knip de zin in tweeën.
0045_paspoort-id-kaart_buitenland_paspoort-canada.txt,https://www.nederlandwereldwijd.nl/paspoort-id-kaart/buitenland/paspoort-canada,Paspoort of ID-kaart aanvragen als u in Canada woont | NederlandWereldwijd,34,lange-zin,advies,"Dan neemt u een Amerikaans naturalisatiecertificaat, Amerikaans certificaat van burgerschap, of een bewijs van geboorte ...","Dan neemt u een Amerikaans naturalisatiecertificaat, Amerikaans certificaat van burgerschap, of een bewijs van geboorte ...",Zin van 27 woorden; boven de 20 wordt een zin lastig te volgen.,Knip de zin in tweeën.
0045_paspoort-id-kaart_buitenland_paspoort-canada.txt,https://www.nederlandwereldwijd.nl/paspoort-id-kaart/buitenland/paspoort-canada,Paspoort of ID-kaart aanvragen als u in Canada woont | NederlandWereldwijd,35,lange-zin,advies,"* Om uw naturalisatiecertificaat te legaliseren, raden wij u aan eerst een 'Certified True Copy' van het document aan te...","* Om uw naturalisatiecertificaat te legaliseren, raden wij u aan eerst een 'Certified True Copy' van het document aan te...",Zin van 25 woorden; boven de 20 wordt een zin lastig te volgen.,Knip de zin in tweeën.
0045_paspoort-id-kaart_buitenland_paspoort-canada.txt,https://www.nederlandwereldwijd.nl/paspoort-id-kaart/buitenland/paspoort-canada,Paspoort of ID-kaart aanvragen als u in Canada woont | NederlandWereldwijd,58,lange-zin,advies,"U kunt ook een afspraak maken bij een VFS Global kantoor in Toronto, Vancouver of Edmonton om daar een paspoort of ID-ka...","U kunt ook een afspraak maken bij een VFS Global kantoor in Toronto, Vancouver of Edmonton om daar een paspoort of ID-ka...",Zin van 25 woorden; boven de 20 wordt een zin lastig te volgen.,Knip de zin in tweeën.
0045_paspoort-id-kaart_buitenland_paspoort-canada.txt,https://www.nederlandwereldwijd.nl/paspoort-id-kaart/buitenland/paspoort-canada,Paspoort of ID-kaart aanvragen als u in Canada woont | NederlandWereldwijd,120,lange-zin,advies,"Deze sessie is in de eerste plaats bedoeld voor een beperkte groep aanvragers, namelijk personen van 65 jaar en ouder en...","Deze sessie is in de eerste plaats bedoeld voor een beperkte groep aanvragers, namelijk personen van 65 jaar en ouder en...",Zin van 25 woorden; boven de 20 wordt een zin lastig te volgen.,Knip de zin in tweeën.
0045_paspoort-id-kaart_buitenland_paspoort-canada.txt,https://www.nederlandwereldwijd.nl/paspoort-id-kaart/buitenland/paspoort-canada,Paspoort of ID-kaart aanvragen als u in Canada woont | NederlandWereldwijd,159,lange-zin,advies,Op de pagina Hoelang duurt het om een Nederlands paspoort of ID-kaart aan te vragen in het buitenland leest u meer over ...,Op de pagina Hoelang duurt het om een Nederlands paspoort of ID-kaart aan te vragen in het buitenland leest u meer over ...,Zin van 29 woorden; boven de 20 wordt een zin lastig te volgen.,Knip de zin in tweeën.
0045_paspoort-id-kaart_buitenland_paspoort-canada.txt,https://www.nederlandwereldwijd.nl/paspoort-id-kaart/buitenland/paspoort-canada,Paspoort of ID-kaart aanvragen als u in Canada woont | NederlandWereldwijd,163,lange-zin,advies,"U kunt uw nieuwe paspoort of ID-kaart ophalen bij de ambassade in Ottawa, of bij het consulaat-generaal in Toronto of Va...","U kunt uw nieuwe paspoort of ID-kaart ophalen bij de ambassade in Ottawa, of bij het consulaat-generaal in Toronto of Va...",Zin van 21 woorden; boven de 20 wordt een zin lastig te volgen.,Knip de zin in tweeën.
0045_paspoort-id-kaart_buitenland_paspoort-canada.txt,https://www.nederlandwereldwijd.nl/paspoort-id-kaart/buitenland/paspoort-canada,Paspoort of ID-kaart aanvragen als u in Canada woont | NederlandWereldwijd,188,lange-zin,advies,Bij paspoorten uitgegeven vanaf eind september 2024 staat de naam van de partner vaak op de achterkant van de titelpagin...,Bij paspoorten uitgegeven vanaf eind september 2024 staat de naam van de partner vaak op de achterkant van de titelpagin...,Zin van 26 woorden; boven de 20 wordt een zin lastig te volgen.,Knip de zin in tweeën.
0046_paspoort-id-kaart_buitenland_paspoort-centraal-afrikaanse-republiek.txt,https://www.nederlandwereldwijd.nl/paspoort-id-kaart/buitenland/paspoort-centraal-afrikaanse-republiek,Paspoort of ID-kaart aanvragen als u in de Centraal-Afrikaanse Republiek woont | NederlandWereldwijd,11,lange-zin,advies,In uw persoonlijke checklist (uit stap 1) ziet u dat u documenten uit de Centraal-Afrikaanse Republiek nodig heeft om ee...,In uw persoonlijke checklist (uit stap 1) ziet u dat u documenten uit de Centraal-Afrikaanse Republiek nodig heeft om ee...,Zin van 26 woorden; boven de 20 wordt een zin lastig te volgen.,Knip de zin in tweeën.
0046_paspoort-id-kaart_buitenland_paspoort-centraal-afrikaanse-republiek.txt,https://www.nederlandwereldwijd.nl/paspoort-id-kaart/buitenland/paspoort-centraal-afrikaanse-republiek,Paspoort of ID-kaart aanvragen als u in de Centraal-Afrikaanse Republiek woont | NederlandWereldwijd,74,lange-zin,advies,Op de pagina Hoelang duurt het om een Nederlands paspoort of ID-kaart aan te vragen in het buitenland leest u meer over ...,Op de pagina Hoelang duurt het om een Nederlands paspoort of ID-kaart aan te vragen in het buitenland leest u meer over ...,Zin van 29 woorden; boven de 20 wordt een zin lastig te volgen.,Knip de zin in tweeën.
0046_paspoort-id-kaart_buitenland_paspoort-centraal-afrikaanse-republiek.txt,https://www.nederlandwereldwijd.nl/paspoort-id-kaart/buitenland/paspoort-centraal-afrikaanse-republiek,Paspoort of ID-kaart aanvragen als u in de Centraal-Afrikaanse Republiek woont | NederlandWereldwijd,91,lange-zin,advies,Bij paspoorten uitgegeven vanaf eind september 2024 staat de naam van de partner vaak op de achterkant van de titelpagin...,Bij paspoorten uitgegeven vanaf eind september 2024 staat de naam van de partner vaak op de achterkant van de titelpagin...,Zin van 26 woorden; boven de 20 wordt een zin lastig te volgen.,Knip de zin in tweeën.
0047_paspoort-id-kaart_buitenland_paspoort-chili.txt,https://www.nederlandwereldwijd.nl/paspoort-id-kaart/buitenland/paspoort-chili,Paspoort of ID-kaart aanvragen als u in Chili woont | NederlandWereldwijd,11,lange-zin,advies,In uw persoonlijke checklist (uit stap 1) ziet u dat u documenten uit Chili nodig heeft om een paspoort of ID-kaart aan ...,In uw persoonlijke checklist (uit stap 1) ziet u dat u documenten uit Chili nodig heeft om een paspoort of ID-kaart aan ...,Zin van 24 woorden; boven de 20 wordt een zin lastig te volgen.,Knip de zin in tweeën.
0047_paspoort-id-kaart_buitenland_paspoort-chili.txt,https://www.nederlandwereldwijd.nl/paspoort-id-kaart/buitenland/paspoort-chili,Paspoort of ID-kaart aanvragen als u in Chili woont | NederlandWereldwijd,62,lange-zin,advies,In het overzicht van de consulaire tarieven in Chili ziet u wat een paspoort of ID-kaart kost en hoe u kunt betalen.,In het overzicht van de consulaire tarieven in Chili ziet u wat een paspoort of ID-kaart kost en hoe u kunt betalen.,Zin van 22 woorden; boven de 20 wordt een zin lastig te volgen.,Knip de zin in tweeën.
0047_paspoort-id-kaart_buitenland_paspoort-chili.txt,https://www.nederlandwereldwijd.nl/paspoort-id-kaart/buitenland/paspoort-chili,Paspoort of ID-kaart aanvragen als u in Chili woont | NederlandWereldwijd,76,lange-zin,advies,Op de pagina Hoelang duurt het om een Nederlands paspoort of ID-kaart aan te vragen in het buitenland leest u meer over ...,Op de pagina Hoelang duurt het om een Nederlands paspoort of ID-kaart aan te vragen in het buitenland leest u meer over ...,Zin van 29 woorden; boven de 20 wordt een zin lastig te volgen.,Knip de zin in tweeën.
0047_paspoort-id-kaart_buitenland_paspoort-chili.txt,https://www.nederlandwereldwijd.nl/paspoort-id-kaart/buitenland/paspoort-chili,Paspoort of ID-kaart aanvragen als u in Chili woont | NederlandWereldwijd,80,lange-zin,advies,U krijgt een e-mail van de ambassade in Santiago met de datum en tijd waarop u uw paspoort of ID-kaart kunt ophalen.,U krijgt een e-mail van de ambassade in Santiago met de datum en tijd waarop u uw paspoort of ID-kaart kunt ophalen.,Zin van 22 woorden; boven de 20 wordt een zin lastig te volgen.,Knip de zin in tweeën.
0047_paspoort-id-kaart_buitenland_paspoort-chili.txt,https://www.nederlandwereldwijd.nl/paspoort-id-kaart/buitenland/paspoort-chili,Paspoort of ID-kaart aanvragen als u in Chili woont | NederlandWereldwijd,96,lange-zin,advies,Bij paspoorten uitgegeven vanaf eind september 2024 staat de naam van de partner vaak op de achterkant van de titelpagin...,Bij paspoorten uitgegeven vanaf eind september 2024 staat de naam van de partner vaak op de achterkant van de titelpagin...,Zin van 26 woorden; boven de 20 wordt een zin lastig te volgen.,Knip de zin in tweeën.
0048_paspoort-id-kaart_buitenland_paspoort-china.txt,https://www.nederlandwereldwijd.nl/paspoort-id-kaart/buitenland/paspoort-china,Paspoort of ID-kaart aanvragen als u in China woont | NederlandWereldwijd,11,lange-zin,advies,In uw persoonlijke checklist (uit stap 1) ziet u dat u documenten uit China nodig heeft om een paspoort of ID-kaart aan ...,In uw persoonlijke checklist (uit stap 1) ziet u dat u documenten uit China nodig heeft om een paspoort of ID-kaart aan ...,Zin van 24 woorden; boven de 20 wordt een zin lastig te volgen.,Knip de zin in tweeën.
0048_paspoort-id-kaart_buitenland_paspoort-china.txt,https://www.nederlandwereldwijd.nl/paspoort-id-kaart/buitenland/paspoort-china,Paspoort of ID-kaart aanvragen als u in China woont | NederlandWereldwijd,24,lange-zin,advies,"Zoals vermeld in uw checklist, moet u naast de toestemmingsverklaring een kopie van het geldig identiteitsbewijs meeneme...","Zoals vermeld in uw checklist, moet u naast de toestemmingsverklaring een kopie van het geldig identiteitsbewijs meeneme...",Zin van 23 woorden; boven de 20 wordt een zin lastig te volgen.,Knip de zin in tweeën.
0048_paspoort-id-kaart_buitenland_paspoort-china.txt,https://www.nederlandwereldwijd.nl/paspoort-id-kaart/buitenland/paspoort-china,Paspoort of ID-kaart aanvragen als u in China woont | NederlandWereldwijd,26,lange-zin,advies,"Mocht de ouder niet naar de afspraak kunnen komen, dan moet een gelegaliseerde toestemmingsverklaring worden overgelegd ...","Mocht de ouder niet naar de afspraak kunnen komen, dan moet een gelegaliseerde toestemmingsverklaring worden overgelegd ...",Zin van 23 woorden; boven de 20 wordt een zin lastig te volgen.,Knip de zin in tweeën.
0048_paspoort-id-kaart_buitenland_paspoort-china.txt,https://www.nederlandwereldwijd.nl/paspoort-id-kaart/buitenland/paspoort-china,Paspoort of ID-kaart aanvragen als u in China woont | NederlandWereldwijd,68,lange-zin,advies,In het overzicht van de consulaire tarieven in China ziet u wat een paspoort of ID-kaart kost en hoe u kunt betalen.,In het overzicht van de consulaire tarieven in China ziet u wat een paspoort of ID-kaart kost en hoe u kunt betalen.,Zin van 22 woorden; boven de 20 wordt een zin lastig te volgen.,Knip de zin in tweeën.
0048_paspoort-id-kaart_buitenland_paspoort-china.txt,https://www.nederlandwereldwijd.nl/paspoort-id-kaart/buitenland/paspoort-china,Paspoort of ID-kaart aanvragen als u in China woont | NederlandWereldwijd,82,lange-zin,advies,Op de pagina Hoelang duurt het om een Nederlands paspoort of ID-kaart aan te vragen in het buitenland leest u meer over ...,Op de pagina Hoelang duurt het om een Nederlands paspoort of ID-kaart aan te vragen in het buitenland leest u meer over ...,Zin van 29 woorden; boven de 20 wordt een zin lastig te volgen.,Knip de zin in tweeën.
0048_paspoort-id-kaart_buitenland_paspoort-china.txt,https://www.nederlandwereldwijd.nl/paspoort-id-kaart/buitenland/paspoort-china,Paspoort of ID-kaart aanvragen als u in China woont | NederlandWereldwijd,113,lange-zin,advies,Bij paspoorten uitgegeven vanaf eind september 2024 staat de naam van de partner vaak op de achterkant van de titelpagin...,Bij paspoorten uitgegeven vanaf eind september 2024 staat de naam van de partner vaak op de achterkant van de titelpagin...,Zin van 26 woorden; boven de 20 wordt een zin lastig te volgen.,Knip de zin in tweeën.
0049_paspoort-id-kaart_buitenland_paspoort-colombia.txt,https://www.nederlandwereldwijd.nl/paspoort-id-kaart/buitenland/paspoort-colombia,Paspoort of ID-kaart aanvragen als u in Colombia woont | NederlandWereldwijd,11,lange-zin,advies,In uw persoonlijke checklist (uit stap 1) ziet u dat u documenten uit Colombia nodig heeft om een paspoort of ID-kaart a...,In uw persoonlijke checklist (uit stap 1) ziet u dat u documenten uit Colombia nodig heeft om een paspoort of ID-kaart a...,Zin van 24 woorden; boven de 20 wordt een zin lastig te volgen.,Knip de zin in tweeën.
0049_paspoort-id-kaart_buitenland_paspoort-colombia.txt,https://www.nederlandwereldwijd.nl/paspoort-id-kaart/buitenland/paspoort-colombia,Paspoort of ID-kaart aanvragen als u in Colombia woont | NederlandWereldwijd,62,lange-zin,advies,In het overzicht van de consulaire tarieven in Colombia ziet u wat een paspoort of ID-kaart kost en hoe u kunt betalen.,In het overzicht van de consulaire tarieven in Colombia ziet u wat een paspoort of ID-kaart kost en hoe u kunt betalen.,Zin van 22 woorden; boven de 20 wordt een zin lastig te volgen.,Knip de zin in tweeën.
0049_paspoort-id-kaart_buitenland_paspoort-colombia.txt,https://www.nederlandwereldwijd.nl/paspoort-id-kaart/buitenland/paspoort-colombia,Paspoort of ID-kaart aanvragen als u in Colombia woont | NederlandWereldwijd,76,lange-zin,advies,Op de pagina Hoelang duurt het om een Nederlands paspoort of ID-kaart aan te vragen in het buitenland leest u meer over ...,Op de pagina Hoelang duurt het om een Nederlands paspoort of ID-kaart aan te vragen in het buitenland leest u meer over ...,Zin van 29 woorden; boven de 20 wordt een zin lastig te volgen.,Knip de zin in tweeën.
0049_paspoort-id-kaart_buitenland_paspoort-colombia.txt,https://www.nederlandwereldwijd.nl/paspoort-id-kaart/buitenland/paspoort-colombia,Paspoort of ID-kaart aanvragen als u in Colombia woont | NederlandWereldwijd,80,lange-zin,advies,U kunt uw nieuwe paspoort of ID-kaart ophalen bij de ambassade in Bogotá op maandag tot en met vrijdag van 8.00 – 10.00 ...,U kunt uw nieuwe paspoort of ID-kaart ophalen bij de ambassade in Bogotá op maandag tot en met vrijdag van 8.00 – 10.00 ...,Zin van 24 woorden; boven de 20 wordt een zin lastig te volgen.,Knip de zin in tweeën.
0049_paspoort-id-kaart_buitenland_paspoort-colombia.txt,https://www.nederlandwereldwijd.nl/paspoort-id-kaart/buitenland/paspoort-colombia,Paspoort of ID-kaart aanvragen als u in Colombia woont | NederlandWereldwijd,92,lange-zin,advies,Bij paspoorten uitgegeven vanaf eind september 2024 staat de naam van de partner vaak op de achterkant van de titelpagin...,Bij paspoorten uitgegeven vanaf eind september 2024 staat de naam van de partner vaak op de achterkant van de titelpagin...,Zin van 26 woorden; boven de 20 wordt een zin lastig te volgen.,Knip de zin in tweeën.
0050_paspoort-id-kaart_buitenland_paspoort-comoren.txt,https://www.nederlandwereldwijd.nl/paspoort-id-kaart/buitenland/paspoort-comoren,Paspoort of ID-kaart aanvragen als u in de Comoren woont | NederlandWereldwijd,11,lange-zin,advies,In uw persoonlijke checklist (uit stap 1) ziet u dat u documenten uit de Comoren nodig heeft om een paspoort of ID-kaart...,In uw persoonlijke checklist (uit stap 1) ziet u dat u documenten uit de Comoren nodig heeft om een paspoort of ID-kaart...,Zin van 25 woorden; boven de 20 wordt een zin lastig te volgen.,Knip de zin in tweeën.
0050_paspoort-id-kaart_buitenland_paspoort-comoren.txt,https://www.nederlandwereldwijd.nl/paspoort-id-kaart/buitenland/paspoort-comoren,Paspoort of ID-kaart aanvragen als u in de Comoren woont | NederlandWereldwijd,72,lange-zin,advies,Op de pagina Hoelang duurt het om een Nederlands paspoort of ID-kaart aan te vragen in het buitenland leest u meer over ...,Op de pagina Hoelang duurt het om een Nederlands paspoort of ID-kaart aan te vragen in het buitenland leest u meer over ...,Zin van 29 woorden; boven de 20 wordt een zin lastig te volgen.,Knip de zin in tweeën.
0050_paspoort-id-kaart_buitenland_paspoort-comoren.txt,https://www.nederlandwereldwijd.nl/paspoort-id-kaart/buitenland/paspoort-comoren,Paspoort of ID-kaart aanvragen als u in de Comoren woont | NederlandWereldwijd,92,lange-zin,advies,Bij paspoorten uitgegeven vanaf eind september 2024 staat de naam van de partner vaak op de achterkant van de titelpagin...,Bij paspoorten uitgegeven vanaf eind september 2024 staat de naam van de partner vaak op de achterkant van de titelpagin...,Zin van 26 woorden; boven de 20 wordt een zin lastig te volgen.,Knip de zin in tweeën.
0051_paspoort-id-kaart_buitenland_paspoort-congo-de-republiek.txt,https://www.nederlandwereldwijd.nl/paspoort-id-kaart/buitenland/paspoort-congo-de-republiek,Paspoort of ID-kaart aanvragen als u in de Republiek Congo woont | NederlandWereldwijd,11,lange-zin,advies,In uw persoonlijke checklist (uit stap 1) ziet u dat u documenten uit de Republiek Congo nodig heeft om een paspoort of ...,In uw persoonlijke checklist (uit stap 1) ziet u dat u documenten uit de Republiek Congo nodig heeft om een paspoort of ...,Zin van 26 woorden; boven de 20 wordt een zin lastig te volgen.,Knip de zin in tweeën.
0051_paspoort-id-kaart_buitenland_paspoort-congo-de-republiek.txt,https://www.nederlandwereldwijd.nl/paspoort-id-kaart/buitenland/paspoort-congo-de-republiek,Paspoort of ID-kaart aanvragen als u in de Republiek Congo woont | NederlandWereldwijd,73,lange-zin,advies,Op de pagina Hoelang duurt het om een Nederlands paspoort of ID-kaart aan te vragen in het buitenland leest u meer over ...,Op de pagina Hoelang duurt het om een Nederlands paspoort of ID-kaart aan te vragen in het buitenland leest u meer over ...,Zin van 29 woorden; boven de 20 wordt een zin lastig te volgen.,Knip de zin in tweeën.
0051_paspoort-id-kaart_buitenland_paspoort-congo-de-republiek.txt,https://www.nederlandwereldwijd.nl/paspoort-id-kaart/buitenland/paspoort-congo-de-republiek,Paspoort of ID-kaart aanvragen als u in de Republiek Congo woont | NederlandWereldwijd,91,lange-zin,advies,Bij paspoorten uitgegeven vanaf eind september 2024 staat de naam van de partner vaak op de achterkant van de titelpagin...,Bij paspoorten uitgegeven vanaf eind september 2024 staat de naam van de partner vaak op de achterkant van de titelpagin...,Zin van 26 woorden; boven de 20 wordt een zin lastig te volgen.,Knip de zin in tweeën.
0052_paspoort-id-kaart_buitenland_paspoort-congo-democratische-republiek.txt,https://www.nederlandwereldwijd.nl/paspoort-id-kaart/buitenland/paspoort-congo-democratische-republiek,Paspoort of ID-kaart aanvragen als u in de Democratische Republiek Congo woont | NederlandWereldwijd,10,lange-zin,advies,In uw persoonlijke checklist (uit stap 1) ziet u dat u documenten uit de Democratische Republiek Congo nodig heeft om ee...,In uw persoonlijke checklist (uit stap 1) ziet u dat u documenten uit de Democratische Republiek Congo nodig heeft om ee...,Zin van 27 woorden; boven de 20 wordt een zin lastig te volgen.,Knip de zin in tweeën.
0052_paspoort-id-kaart_buitenland_paspoort-congo-democratische-republiek.txt,https://www.nederlandwereldwijd.nl/paspoort-id-kaart/buitenland/paspoort-congo-democratische-republiek,Paspoort of ID-kaart aanvragen als u in de Democratische Republiek Congo woont | NederlandWereldwijd,73,lange-zin,advies,Op de pagina Hoelang duurt het om een Nederlands paspoort of ID-kaart aan te vragen in het buitenland leest u meer over ...,Op de pagina Hoelang duurt het om een Nederlands paspoort of ID-kaart aan te vragen in het buitenland leest u meer over ...,Zin van 29 woorden; boven de 20 wordt een zin lastig te volgen.,Knip de zin in tweeën.
0052_paspoort-id-kaart_buitenland_paspoort-congo-democratische-republiek.txt,https://www.nederlandwereldwijd.nl/paspoort-id-kaart/buitenland/paspoort-congo-democratische-republiek,Paspoort of ID-kaart aanvragen als u in de Democratische Republiek Congo woont | NederlandWereldwijd,90,lange-zin,advies,Bij paspoorten uitgegeven vanaf eind september 2024 staat de naam van de partner vaak op de achterkant van de titelpagin...,Bij paspoorten uitgegeven vanaf eind september 2024 staat de naam van de partner vaak op de achterkant van de titelpagin...,Zin van 26 woorden; boven de 20 wordt een zin lastig te volgen.,Knip de zin in tweeën.
0053_paspoort-id-kaart_buitenland_paspoort-cookeilanden.txt,https://www.nederlandwereldwijd.nl/paspoort-id-kaart/buitenland/paspoort-cookeilanden,Paspoort of ID-kaart aanvragen als op de Cookeilanden woont | NederlandWereldwijd,11,lange-zin,advies,In uw persoonlijke checklist (uit stap 1) ziet u dat u documenten uit de Cookeilanden nodig heeft om een paspoort of ID-...,In uw persoonlijke checklist (uit stap 1) ziet u dat u documenten uit de Cookeilanden nodig heeft om een paspoort of ID-...,Zin van 25 woorden; boven de 20 wordt een zin lastig te volgen.,Knip de zin in tweeën.
0053_paspoort-id-kaart_buitenland_paspoort-cookeilanden.txt,https://www.nederlandwereldwijd.nl/paspoort-id-kaart/buitenland/paspoort-cookeilanden,Paspoort of ID-kaart aanvragen als op de Cookeilanden woont | NederlandWereldwijd,61,lange-zin,advies,In het overzicht van de consulaire tarieven in Nieuw-Zeeland ziet u wat een paspoort of ID-kaart kost en hoe u kunt beta...,In het overzicht van de consulaire tarieven in Nieuw-Zeeland ziet u wat een paspoort of ID-kaart kost en hoe u kunt beta...,Zin van 22 woorden; boven de 20 wordt een zin lastig te volgen.,Knip de zin in tweeën.
0053_paspoort-id-kaart_buitenland_paspoort-cookeilanden.txt,https://www.nederlandwereldwijd.nl/paspoort-id-kaart/buitenland/paspoort-cookeilanden,Paspoort of ID-kaart aanvragen als op de Cookeilanden woont | NederlandWereldwijd,75,lange-zin,advies,Op de pagina Hoelang duurt het om een Nederlands paspoort of ID-kaart aan te vragen in het buitenland leest u meer over ...,Op de pagina Hoelang duurt het om een Nederlands paspoort of ID-kaart aan te vragen in het buitenland leest u meer over ...,Zin van 29 woorden; boven de 20 wordt een zin lastig te volgen.,Knip de zin in tweeën.
0053_paspoort-id-kaart_buitenland_paspoort-cookeilanden.txt,https://www.nederlandwereldwijd.nl/paspoort-id-kaart/buitenland/paspoort-cookeilanden,Paspoort of ID-kaart aanvragen als op de Cookeilanden woont | NederlandWereldwijd,92,lange-zin,advies,Bij paspoorten uitgegeven vanaf eind september 2024 staat de naam van de partner vaak op de achterkant van de titelpagin...,Bij paspoorten uitgegeven vanaf eind september 2024 staat de naam van de partner vaak op de achterkant van de titelpagin...,Zin van 26 woorden; boven de 20 wordt een zin lastig te volgen.,Knip de zin in tweeën.
0054_paspoort-id-kaart_buitenland_paspoort-costa-rica.txt,https://www.nederlandwereldwijd.nl/paspoort-id-kaart/buitenland/paspoort-costa-rica,Paspoort of ID-kaart aanvragen als u in Costa Rica woont | NederlandWereldwijd,11,lange-zin,advies,In uw persoonlijke checklist (uit stap 1) ziet u dat u documenten uit Costa Rica nodig heeft om een paspoort of ID-kaart...,In uw persoonlijke checklist (uit stap 1) ziet u dat u documenten uit Costa Rica nodig heeft om een paspoort of ID-kaart...,Zin van 25 woorden; boven de 20 wordt een zin lastig te volgen.,Knip de zin in tweeën.
0054_paspoort-id-kaart_buitenland_paspoort-costa-rica.txt,https://www.nederlandwereldwijd.nl/paspoort-id-kaart/buitenland/paspoort-costa-rica,Paspoort of ID-kaart aanvragen als u in Costa Rica woont | NederlandWereldwijd,73,lange-zin,advies,Op de pagina Hoelang duurt het om een Nederlands paspoort of ID-kaart aan te vragen in het buitenland leest u meer over ...,Op de pagina Hoelang duurt het om een Nederlands paspoort of ID-kaart aan te vragen in het buitenland leest u meer over ...,Zin van 29 woorden; boven de 20 wordt een zin lastig te volgen.,Knip de zin in tweeën.
0054_paspoort-id-kaart_buitenland_paspoort-costa-rica.txt,https://www.nederlandwereldwijd.nl/paspoort-id-kaart/buitenland/paspoort-costa-rica,Paspoort of ID-kaart aanvragen als u in Costa Rica woont | NederlandWereldwijd,83,lange-zin,advies,"Zodra het oude paspoort bij de ambassade binnen is en ongeldig is gemaakt, worden beide documenten (het nieuwe paspoort ...","Zodra het oude paspoort bij de ambassade binnen is en ongeldig is gemaakt, worden beide documenten (het nieuwe paspoort ...",Zin van 32 woorden; boven de 20 wordt een zin lastig te volgen.,Knip de zin in tweeën.
0054_paspoort-id-kaart_buitenland_paspoort-costa-rica.txt,https://www.nederlandwereldwijd.nl/paspoort-id-kaart/buitenland/paspoort-costa-rica,Paspoort of ID-kaart aanvragen als u in Costa Rica woont | NederlandWereldwijd,90,lange-zin,advies,Bij paspoorten uitgegeven vanaf eind september 2024 staat de naam van de partner vaak op de achterkant van de titelpagin...,Bij paspoorten uitgegeven vanaf eind september 2024 staat de naam van de partner vaak op de achterkant van de titelpagin...,Zin van 26 woorden; boven de 20 wordt een zin lastig te volgen.,Knip de zin in tweeën.
0055_paspoort-id-kaart_buitenland_paspoort-cuba.txt,https://www.nederlandwereldwijd.nl/paspoort-id-kaart/buitenland/paspoort-cuba,Paspoort of ID-kaart aanvragen als u in Cuba woont | NederlandWereldwijd,11,lange-zin,advies,In uw persoonlijke checklist (uit stap 1) ziet u dat u documenten uit Cuba nodig heeft om een paspoort of ID-kaart aan t...,In uw persoonlijke checklist (uit stap 1) ziet u dat u documenten uit Cuba nodig heeft om een paspoort of ID-kaart aan t...,Zin van 24 woorden; boven de 20 wordt een zin lastig te volgen.,Knip de zin in tweeën.
0055_paspoort-id-kaart_buitenland_paspoort-cuba.txt,https://www.nederlandwereldwijd.nl/paspoort-id-kaart/buitenland/paspoort-cuba,Paspoort of ID-kaart aanvragen als u in Cuba woont | NederlandWereldwijd,73,lange-zin,advies,Op de pagina Hoelang duurt het om een Nederlands paspoort of ID-kaart aan te vragen in het buitenland leest u meer over ...,Op de pagina Hoelang duurt het om een Nederlands paspoort of ID-kaart aan te vragen in het buitenland leest u meer over ...,Zin van 29 woorden; boven de 20 wordt een zin lastig te volgen.,Knip de zin in tweeën.
0055_paspoort-id-kaart_buitenland_paspoort-cuba.txt,https://www.nederlandwereldwijd.nl/paspoort-id-kaart/buitenland/paspoort-cuba,Paspoort of ID-kaart aanvragen als u in Cuba woont | NederlandWereldwijd,91,lange-zin,advies,Bij paspoorten uitgegeven vanaf eind september 2024 staat de naam van de partner vaak op de achterkant van de titelpagin...,Bij paspoorten uitgegeven vanaf eind september 2024 staat de naam van de partner vaak op de achterkant van de titelpagin...,Zin van 26 woorden; boven de 20 wordt een zin lastig te volgen.,Knip de zin in tweeën.
0056_paspoort-id-kaart_buitenland_paspoort-cyprus.txt,https://www.nederlandwereldwijd.nl/paspoort-id-kaart/buitenland/paspoort-cyprus,Paspoort of ID-kaart aanvragen als u in Cyprus woont | NederlandWereldwijd,11,lange-zin,advies,In uw persoonlijke checklist (uit stap 1) ziet u dat u documenten uit Cyprus nodig heeft om een paspoort of ID-kaart aan...,In uw persoonlijke checklist (uit stap 1) ziet u dat u documenten uit Cyprus nodig heeft om een paspoort of ID-kaart aan...,Zin van 24 woorden; boven de 20 wordt een zin lastig te volgen.,Knip de zin in tweeën.
0056_paspoort-id-kaart_buitenland_paspoort-cyprus.txt,https://www.nederlandwereldwijd.nl/paspoort-id-kaart/buitenland/paspoort-cyprus,Paspoort of ID-kaart aanvragen als u in Cyprus woont | NederlandWereldwijd,60,lange-zin,advies,In het overzicht van de consulaire tarieven in Cyprus ziet u wat een paspoort of ID-kaart kost en hoe u kunt betalen.,In het overzicht van de consulaire tarieven in Cyprus ziet u wat een paspoort of ID-kaart kost en hoe u kunt betalen.,Zin van 22 woorden; boven de 20 wordt een zin lastig te volgen.,Knip de zin in tweeën.
0056_paspoort-id-kaart_buitenland_paspoort-cyprus.txt,https://www.nederlandwereldwijd.nl/paspoort-id-kaart/buitenland/paspoort-cyprus,Paspoort of ID-kaart aanvragen als u in Cyprus woont | NederlandWereldwijd,74,lange-zin,advies,Op de pagina Hoelang duurt het om een Nederlands paspoort of ID-kaart aan te vragen in het buitenland leest u meer over ...,Op de pagina Hoelang duurt het om een Nederlands paspoort of ID-kaart aan te vragen in het buitenland leest u meer over ...,Zin van 29 woorden; boven de 20 wordt een zin lastig te volgen.,Knip de zin in tweeën.
0056_paspoort-id-kaart_buitenland_paspoort-cyprus.txt,https://www.nederlandwereldwijd.nl/paspoort-id-kaart/buitenland/paspoort-cyprus,Paspoort of ID-kaart aanvragen als u in Cyprus woont | NederlandWereldwijd,90,lange-zin,advies,Bij paspoorten uitgegeven vanaf eind september 2024 staat de naam van de partner vaak op de achterkant van de titelpagin...,Bij paspoorten uitgegeven vanaf eind september 2024 staat de naam van de partner vaak op de achterkant van de titelpagin...,Zin van 26 woorden; boven de 20 wordt een zin lastig te volgen.,Knip de zin in tweeën.
0057_paspoort-id-kaart_buitenland_paspoort-denemarken.txt,https://www.nederlandwereldwijd.nl/paspoort-id-kaart/buitenland/paspoort-denemarken,Paspoort of ID-kaart aanvragen als u in Denemarken woont | NederlandWereldwijd,11,lange-zin,advies,In uw persoonlijke checklist (uit stap 1) ziet u dat u documenten uit Denemarken nodig heeft om een paspoort of ID-kaart...,In uw persoonlijke checklist (uit stap 1) ziet u dat u documenten uit Denemarken nodig heeft om een paspoort of ID-kaart...,Zin van 24 woorden; boven de 20 wordt een zin lastig te volgen.,Knip de zin in tweeën.
0057_paspoort-id-kaart_buitenland_paspoort-denemarken.txt,https://www.nederlandwereldwijd.nl/paspoort-id-kaart/buitenland/paspoort-denemarken,Paspoort of ID-kaart aanvragen als u in Denemarken woont | NederlandWereldwijd,18,lange-zin,advies,"U kiest daarbij de optie Se de oplysninger, der er registreret om dig i CPR en u logt in met uw MitId (de Deense tegenha...","U kiest daarbij de optie Se de oplysninger, der er registreret om dig i CPR en u logt in met uw MitId (de Deense tegenha...",Zin van 27 woorden; boven de 20 wordt een zin lastig te volgen.,Knip de zin in tweeën.
0057_paspoort-id-kaart_buitenland_paspoort-denemarken.txt,https://www.nederlandwereldwijd.nl/paspoort-id-kaart/buitenland/paspoort-denemarken,Paspoort of ID-kaart aanvragen als u in Denemarken woont | NederlandWereldwijd,20,lijdende-vorm,advies,wordt niet geaccepteerd,Een digitale versie van de geboorteakte wordt niet geaccepteerd.,Lijdende vorm: de lezer ziet niet wie er iets doet.,"Schrijf actief, bijvoorbeeld 'wij sturen' of 'u ontvangt'."
0057_paspoort-id-kaart_buitenland_paspoort-denemarken.txt,https://www.nederlandwereldwijd.nl/paspoort-id-kaart/buitenland/paspoort-denemarken,Paspoort of ID-kaart aanvragen als u in Denemarken woont | NederlandWereldwijd,24,lange-zin,advies,U kunt dit telefonisch doen via 0771 – 567 567 (vanuit Zweden) of +46 8 564 851 60 (vanuit het buitenland).,U kunt dit telefonisch doen via 0771 – 567 567 (vanuit Zweden) of +46 8 564 851 60 (vanuit het buitenland).,Zin van 21 woorden; boven de 20 wordt een zin lastig te volgen.,Knip de zin in tweeën.
0057_paspoort-id-kaart_buitenland_paspoort-denemarken.txt,https://www.nederlandwereldwijd.nl/paspoort-id-kaart/buitenland/paspoort-denemarken,Paspoort of ID-kaart aanvragen als u in Denemarken woont | NederlandWereldwijd,25,lijdende-vorm,advies,wordt het opgestuurd,Dan vraagt u het uittreksel met het personnummer van de aanvrager aan en wordt het opgestuurd naar het adres waar u staat ingeschreven.,Lijdende vorm: de lezer ziet niet wie er iets doet.,"Schrijf actief, bijvoorbeeld 'wij sturen' of 'u ontvangt'."
0057_paspoort-id-kaart_buitenland_paspoort-denemarken.txt,https://www.nederlandwereldwijd.nl/paspoort-id-kaart/buitenland/paspoort-denemarken,Paspoort of ID-kaart aanvragen als u in Denemarken woont | NederlandWereldwijd,25,lange-zin,advies,Dan vraagt u het uittreksel met het personnummer van de aanvrager aan en wordt het opgestuurd naar het adres waar u staa...,Dan vraagt u het uittreksel met het personnummer van de aanvrager aan en wordt het opgestuurd naar het adres waar u staa...,Zin van 23 woorden; boven de 20 wordt een zin lastig te volgen.,Knip de zin in tweeën.
0057_paspoort-id-kaart_buitenland_paspoort-denemarken.txt,https://www.nederlandwereldwijd.nl/paspoort-id-kaart/buitenland/paspoort-denemarken,Paspoort of ID-kaart aanvragen als u in Denemarken woont | NederlandWereldwijd,42,lijdende-vorm,advies,wordt niet geaccepteerd,Een digitale versie van de geboorteakte wordt niet geaccepteerd.,Lijdende vorm: de lezer ziet niet wie er iets doet.,"Schrijf actief, bijvoorbeeld 'wij sturen' of 'u ontvangt'."
0057_paspoort-id-kaart_buitenland_paspoort-denemarken.txt,https://www.nederlandwereldwijd.nl/paspoort-id-kaart/buitenland/paspoort-denemarken,Paspoort of ID-kaart aanvragen als u in Denemarken woont | NederlandWereldwijd,45,lange-zin,advies,Bekijk waar u de erkenningsakte kunt aanvragen en kies voor de meertalige versie Declaration of joint Care and Responsib...,Bekijk waar u de erkenningsakte kunt aanvragen en kies voor de meertalige versie Declaration of joint Care and Responsib...,Zin van 24 woorden; boven de 20 wordt een zin lastig te volgen.,Knip de zin in tweeën.
0057_paspoort-id-kaart_buitenland_paspoort-denemarken.txt,https://www.nederlandwereldwijd.nl/paspoort-id-kaart/buitenland/paspoort-denemarken,Paspoort of ID-kaart aanvragen als u in Denemarken woont | NederlandWereldwijd,79,lange-zin,advies,In het overzicht van de consulaire tarieven in Denemarken ziet u wat een paspoort of ID-kaart kost en hoe u kunt betalen...,In het overzicht van de consulaire tarieven in Denemarken ziet u wat een paspoort of ID-kaart kost en hoe u kunt betalen...,Zin van 22 woorden; boven de 20 wordt een zin lastig te volgen.,Knip de zin in tweeën.
0057_paspoort-id-kaart_buitenland_paspoort-denemarken.txt,https://www.nederlandwereldwijd.nl/paspoort-id-kaart/buitenland/paspoort-denemarken,Paspoort of ID-kaart aanvragen als u in Denemarken woont | NederlandWereldwijd,93,lange-zin,advies,Op de pagina Hoelang duurt het om een Nederlands paspoort of ID-kaart aan te vragen in het buitenland leest u meer over ...,Op de pagina Hoelang duurt het om een Nederlands paspoort of ID-kaart aan te vragen in het buitenland leest u meer over ...,Zin van 29 woorden; boven de 20 wordt een zin lastig te volgen.,Knip de zin in tweeën.
0057_paspoort-id-kaart_buitenland_paspoort-denemarken.txt,https://www.nederlandwereldwijd.nl/paspoort-id-kaart/buitenland/paspoort-denemarken,Paspoort of ID-kaart aanvragen als u in Denemarken woont | NederlandWereldwijd,97,lange-zin,advies,U kunt uw nieuwe paspoort of ID-kaart ophalen bij de ambassade in Kopenhagen op maandag tot en met donderdag van 9.00 - ...,U kunt uw nieuwe paspoort of ID-kaart ophalen bij de ambassade in Kopenhagen op maandag tot en met donderdag van 9.00 - ...,Zin van 24 woorden; boven de 20 wordt een zin lastig te volgen.,Knip de zin in tweeën.
0057_paspoort-id-kaart_buitenland_paspoort-denemarken.txt,https://www.nederlandwereldwijd.nl/paspoort-id-kaart/buitenland/paspoort-denemarken,Paspoort of ID-kaart aanvragen als u in Denemarken woont | NederlandWereldwijd,108,lange-zin,advies,Bij paspoorten uitgegeven vanaf eind september 2024 staat de naam van de partner vaak op de achterkant van de titelpagin...,Bij paspoorten uitgegeven vanaf eind september 2024 staat de naam van de partner vaak op de achterkant van de titelpagin...,Zin van 26 woorden; boven de 20 wordt een zin lastig te volgen.,Knip de zin in tweeën.
0058_paspoort-id-kaart_buitenland_paspoort-djibouti.txt,https://www.nederlandwereldwijd.nl/paspoort-id-kaart/buitenland/paspoort-djibouti,Paspoort of ID-kaart aanvragen als u in Djibouti woont | NederlandWereldwijd,11,lange-zin,advies,In uw persoonlijke checklist (uit stap 1) ziet u dat u documenten uit Djibouti nodig heeft om een paspoort of ID-kaart a...,In uw persoonlijke checklist (uit stap 1) ziet u dat u documenten uit Djibouti nodig heeft om een paspoort of ID-kaart a...,Zin van 24 woorden; boven de 20 wordt een zin lastig te volgen.,Knip de zin in tweeën.
0058_paspoort-id-kaart_buitenland_paspoort-djibouti.txt,https://www.nederlandwereldwijd.nl/paspoort-id-kaart/buitenland/paspoort-djibouti,Paspoort of ID-kaart aanvragen als u in Djibouti woont | NederlandWereldwijd,75,lange-zin,advies,Op de pagina Hoelang duurt het om een Nederlands paspoort of ID-kaart aan te vragen in het buitenland leest u meer over ...,Op de pagina Hoelang duurt het om een Nederlands paspoort of ID-kaart aan te vragen in het buitenland leest u meer over ...,Zin van 29 woorden; boven de 20 wordt een zin lastig te volgen.,Knip de zin in tweeën.
0058_paspoort-id-kaart_buitenland_paspoort-djibouti.txt,https://www.nederlandwereldwijd.nl/paspoort-id-kaart/buitenland/paspoort-djibouti,Paspoort of ID-kaart aanvragen als u in Djibouti woont | NederlandWereldwijd,95,lange-zin,advies,Bij paspoorten uitgegeven vanaf eind september 2024 staat de naam van de partner vaak op de achterkant van de titelpagin...,Bij paspoorten uitgegeven vanaf eind september 2024 staat de naam van de partner vaak op de achterkant van de titelpagin...,Zin van 26 woorden; boven de 20 wordt een zin lastig te volgen.,Knip de zin in tweeën.
0059_paspoort-id-kaart_buitenland_paspoort-dominica.txt,https://www.nederlandwereldwijd.nl/paspoort-id-kaart/buitenland/paspoort-dominica,Paspoort of ID-kaart aanvragen als u in Dominica woont | NederlandWereldwijd,11,lange-zin,advies,In uw persoonlijke checklist (uit stap 1) ziet u dat u documenten uit Dominica nodig heeft om een paspoort of ID-kaart a...,In uw persoonlijke checklist (uit stap 1) ziet u dat u documenten uit Dominica nodig heeft om een paspoort of ID-kaart a...,Zin van 24 woorden; boven de 20 wordt een zin lastig te volgen.,Knip de zin in tweeën.
0059_paspoort-id-kaart_buitenland_paspoort-dominica.txt,https://www.nederlandwereldwijd.nl/paspoort-id-kaart/buitenland/paspoort-dominica,Paspoort of ID-kaart aanvragen als u in Dominica woont | NederlandWereldwijd,73,lange-zin,advies,Op de pagina Hoelang duurt het om een Nederlands paspoort of ID-kaart aan te vragen in het buitenland leest u meer over ...,Op de pagina Hoelang duurt het om een Nederlands paspoort of ID-kaart aan te vragen in het buitenland leest u meer over ...,Zin van 29 woorden; boven de 20 wordt een zin lastig te volgen.,Knip de zin in tweeën.
0059_paspoort-id-kaart_buitenland_paspoort-dominica.txt,https://www.nederlandwereldwijd.nl/paspoort-id-kaart/buitenland/paspoort-dominica,Paspoort of ID-kaart aanvragen als u in Dominica woont | NederlandWereldwijd,92,lange-zin,advies,Bij paspoorten uitgegeven vanaf eind september 2024 staat de naam van de partner vaak op de achterkant van de titelpagin...,Bij paspoorten uitgegeven vanaf eind september 2024 staat de naam van de partner vaak op de achterkant van de titelpagin...,Zin van 26 woorden; boven de 20 wordt een zin lastig te volgen.,Knip de zin in tweeën.
0060_paspoort-id-kaart_buitenland_paspoort-dominicaanse-republiek.txt,https://www.nederlandwereldwijd.nl/paspoort-id-kaart/buitenland/paspoort-dominicaanse-republiek,Paspoort of ID-kaart aanvragen als u in de Dominicaanse Republiek woont | NederlandWereldwijd,11,lange-zin,advies,In uw persoonlijke checklist (uit stap 1) ziet u dat u documenten uit de Dominicaanse Republiek nodig heeft om een paspo...,In uw persoonlijke checklist (uit stap 1) ziet u dat u documenten uit de Dominicaanse Republiek nodig heeft om een paspo...,Zin van 26 woorden; boven de 20 wordt een zin lastig te volgen.,Knip de zin in tweeën.
0060_paspoort-id-kaart_buitenland_paspoort-dominicaanse-republiek.txt,https://www.nederlandwereldwijd.nl/paspoort-id-kaart/buitenland/paspoort-dominicaanse-republiek,Paspoort of ID-kaart aanvragen als u in de Dominicaanse Republiek woont | NederlandWereldwijd,24,lange-zin,advies,Is de geboorte laat aangegeven (na 60 dagen in de steden; na 90 dagen in landelijke gebieden) neem dan een ratificatievo...,Is de geboorte laat aangegeven (na 60 dagen in de steden; na 90 dagen in landelijke gebieden) neem dan een ratificatievo...,Zin van 29 woorden; boven de 20 wordt een zin lastig te volgen.,Knip de zin in tweeën.
0060_paspoort-id-kaart_buitenland_paspoort-dominicaanse-republiek.txt,https://www.nederlandwereldwijd.nl/paspoort-id-kaart/buitenland/paspoort-dominicaanse-republiek,Paspoort of ID-kaart aanvragen als u in de Dominicaanse Republiek woont | NederlandWereldwijd,27,lange-zin,advies,"Alleen als u het document in Nederland laat vertalen door een beëdigd vertaler, hoeft u de vertaling niet te laten legal...","Alleen als u het document in Nederland laat vertalen door een beëdigd vertaler, hoeft u de vertaling niet te laten legal...",Zin van 21 woorden; boven de 20 wordt een zin lastig te volgen.,Knip de zin in tweeën.
0060_paspoort-id-kaart_buitenland_paspoort-dominicaanse-republiek.txt,https://www.nederlandwereldwijd.nl/paspoort-id-kaart/buitenland/paspoort-dominicaanse-republiek,Paspoort of ID-kaart aanvragen als u in de Dominicaanse Republiek woont | NederlandWereldwijd,37,lange-zin,advies,"Alleen als u het document in Nederland laat vertalen door een beëdigd vertaler, hoeft u de vertaling niet te laten legal...","Alleen als u het document in Nederland laat vertalen door een beëdigd vertaler, hoeft u de vertaling niet te laten legal...",Zin van 21 woorden; boven de 20 wordt een zin lastig te volgen.,Knip de zin in tweeën.
0060_paspoort-id-kaart_buitenland_paspoort-dominicaanse-republiek.txt,https://www.nederlandwereldwijd.nl/paspoort-id-kaart/buitenland/paspoort-dominicaanse-republiek,Paspoort of ID-kaart aanvragen als u in de Dominicaanse Republiek woont | NederlandWereldwijd,82,lange-zin,advies,Op de pagina Hoelang duurt het om een Nederlands paspoort of ID-kaart aan te vragen in het buitenland leest u meer over ...,Op de pagina Hoelang duurt het om een Nederlands paspoort of ID-kaart aan te vragen in het buitenland leest u meer over ...,Zin van 29 woorden; boven de 20 wordt een zin lastig te volgen.,Knip de zin in tweeën.
0060_paspoort-id-kaart_buitenland_paspoort-dominicaanse-republiek.txt,https://www.nederlandwereldwijd.nl/paspoort-id-kaart/buitenland/paspoort-dominicaanse-republiek,Paspoort of ID-kaart aanvragen als u in de Dominicaanse Republiek woont | NederlandWereldwijd,100,lange-zin,advies,Bij paspoorten uitgegeven vanaf eind september 2024 staat de naam van de partner vaak op de achterkant van de titelpagin...,Bij paspoorten uitgegeven vanaf eind september 2024 staat de naam van de partner vaak op de achterkant van de titelpagin...,Zin van 26 woorden; boven de 20 wordt een zin lastig te volgen.,Knip de zin in tweeën.
0061_paspoort-id-kaart_buitenland_paspoort-duitsland.txt,https://www.nederlandwereldwijd.nl/paspoort-id-kaart/buitenland/paspoort-duitsland,Nederlands paspoort of ID-kaart vernieuwen of voor het eerst aanvragen als u in Duitsland woont | NederlandWereldwijd,86,lange-zin,advies,Als u ervoor kiest om uw nieuwe paspoort of ID-kaart te laten opsturen dan worden het paspoort of ID-kaart dat u vervang...,Als u ervoor kiest om uw nieuwe paspoort of ID-kaart te laten opsturen dan worden het paspoort of ID-kaart dat u vervang...,Zin van 28 woorden; boven de 20 wordt een zin lastig te volgen.,Knip de zin in tweeën.
0061_paspoort-id-kaart_buitenland_paspoort-duitsland.txt,https://www.nederlandwereldwijd.nl/paspoort-id-kaart/buitenland/paspoort-duitsland,Nederlands paspoort of ID-kaart vernieuwen of voor het eerst aanvragen als u in Duitsland woont | NederlandWereldwijd,90,lange-zin,advies,Op de pagina Hoelang duurt het om een Nederlands paspoort of ID-kaart aan te vragen in het buitenland leest u meer over ...,Op de pagina Hoelang duurt het om een Nederlands paspoort of ID-kaart aan te vragen in het buitenland leest u meer over ...,Zin van 29 woorden; boven de 20 wordt een zin lastig te volgen.,Knip de zin in tweeën.
0061_paspoort-id-kaart_buitenland_paspoort-duitsland.txt,https://www.nederlandwereldwijd.nl/paspoort-id-kaart/buitenland/paspoort-duitsland,Nederlands paspoort of ID-kaart vernieuwen of voor het eerst aanvragen als u in Duitsland woont | NederlandWereldwijd,113,lange-zin,advies,Bij paspoorten uitgegeven vanaf eind september 2024 staat de naam van de partner vaak op de achterkant van de titelpagin...,Bij paspoorten uitgegeven vanaf eind september 2024 staat de naam van de partner vaak op de achterkant van de titelpagin...,Zin van 26 woorden; boven de 20 wordt een zin lastig te volgen.,Knip de zin in tweeën.
0062_paspoort-id-kaart_buitenland_paspoort-ecuador.txt,https://www.nederlandwereldwijd.nl/paspoort-id-kaart/buitenland/paspoort-ecuador,Paspoort of ID-kaart aanvragen als u in Ecuador woont | NederlandWereldwijd,11,lange-zin,advies,In uw persoonlijke checklist (uit stap 1) ziet u dat u documenten uit Ecuador nodig heeft om een paspoort of ID-kaart aa...,In uw persoonlijke checklist (uit stap 1) ziet u dat u documenten uit Ecuador nodig heeft om een paspoort of ID-kaart aa...,Zin van 24 woorden; boven de 20 wordt een zin lastig te volgen.,Knip de zin in tweeën.
0062_paspoort-id-kaart_buitenland_paspoort-ecuador.txt,https://www.nederlandwereldwijd.nl/paspoort-id-kaart/buitenland/paspoort-ecuador,Paspoort of ID-kaart aanvragen als u in Ecuador woont | NederlandWereldwijd,60,lange-zin,advies,In het overzicht van de consulaire tarieven in Peru ziet u wat een paspoort of ID-kaart kost en hoe u kunt betalen.,In het overzicht van de consulaire tarieven in Peru ziet u wat een paspoort of ID-kaart kost en hoe u kunt betalen.,Zin van 22 woorden; boven de 20 wordt een zin lastig te volgen.,Knip de zin in tweeën.
0062_paspoort-id-kaart_buitenland_paspoort-ecuador.txt,https://www.nederlandwereldwijd.nl/paspoort-id-kaart/buitenland/paspoort-ecuador,Paspoort of ID-kaart aanvragen als u in Ecuador woont | NederlandWereldwijd,74,lange-zin,advies,Op de pagina Hoelang duurt het om een Nederlands paspoort of ID-kaart aan te vragen in het buitenland leest u meer over ...,Op de pagina Hoelang duurt het om een Nederlands paspoort of ID-kaart aan te vragen in het buitenland leest u meer over ...,Zin van 29 woorden; boven de 20 wordt een zin lastig te volgen.,Knip de zin in tweeën.
0062_paspoort-id-kaart_buitenland_paspoort-ecuador.txt,https://www.nederlandwereldwijd.nl/paspoort-id-kaart/buitenland/paspoort-ecuador,Paspoort of ID-kaart aanvragen als u in Ecuador woont | NederlandWereldwijd,92,lange-zin,advies,Bij paspoorten uitgegeven vanaf eind september 2024 staat de naam van de partner vaak op de achterkant van de titelpagin...,Bij paspoorten uitgegeven vanaf eind september 2024 staat de naam van de partner vaak op de achterkant van de titelpagin...,Zin van 26 woorden; boven de 20 wordt een zin lastig te volgen.,Knip de zin in tweeën.
0063_paspoort-id-kaart_buitenland_paspoort-egypte.txt,https://www.nederlandwereldwijd.nl/paspoort-id-kaart/buitenland/paspoort-egypte,Paspoort of ID-kaart aanvragen als u in Egypte woont | NederlandWereldwijd,11,lange-zin,advies,In uw persoonlijke checklist (uit stap 1) ziet u dat u documenten uit Egypte nodig heeft om een paspoort of ID-kaart aan...,In uw persoonlijke checklist (uit stap 1) ziet u dat u documenten uit Egypte nodig heeft om een paspoort of ID-kaart aan...,Zin van 24 woorden; boven de 20 wordt een zin lastig te volgen.,Knip de zin in tweeën.
0063_paspoort-id-kaart_buitenland_paspoort-egypte.txt,https://www.nederlandwereldwijd.nl/paspoort-id-kaart/buitenland/paspoort-egypte,Paspoort of ID-kaart aanvragen als u in Egypte woont | NederlandWereldwijd,80,lange-zin,advies,Op de pagina Hoelang duurt het om een Nederlands paspoort of ID-kaart aan te vragen in het buitenland leest u meer over ...,Op de pagina Hoelang duurt het om een Nederlands paspoort of ID-kaart aan te vragen in het buitenland leest u meer over ...,Zin van 29 woorden; boven de 20 wordt een zin lastig te volgen.,Knip de zin in tweeën.
0063_paspoort-id-kaart_buitenland_paspoort-egypte.txt,https://www.nederlandwereldwijd.nl/paspoort-id-kaart/buitenland/paspoort-egypte,Paspoort of ID-kaart aanvragen als u in Egypte woont | NederlandWereldwijd,100,lange-zin,advies,Bij paspoorten uitgegeven vanaf eind september 2024 staat de naam van de partner vaak op de achterkant van de titelpagin...,Bij paspoorten uitgegeven vanaf eind september 2024 staat de naam van de partner vaak op de achterkant van de titelpagin...,Zin van 26 woorden; boven de 20 wordt een zin lastig te volgen.,Knip de zin in tweeën.
0064_paspoort-id-kaart_buitenland_paspoort-el-salvador.txt,https://www.nederlandwereldwijd.nl/paspoort-id-kaart/buitenland/paspoort-el-salvador,Paspoort of ID-kaart aanvragen als u in El Salvador woont | NederlandWereldwijd,11,lange-zin,advies,In uw persoonlijke checklist (uit stap 1) ziet u dat u documenten uit El Salvador nodig heeft om een paspoort of ID-kaar...,In uw persoonlijke checklist (uit stap 1) ziet u dat u documenten uit El Salvador nodig heeft om een paspoort of ID-kaar...,Zin van 25 woorden; boven de 20 wordt een zin lastig te volgen.,Knip de zin in tweeën.
0064_paspoort-id-kaart_buitenland_paspoort-el-salvador.txt,https://www.nederlandwereldwijd.nl/paspoort-id-kaart/buitenland/paspoort-el-salvador,Paspoort of ID-kaart aanvragen als u in El Salvador woont | NederlandWereldwijd,74,lange-zin,advies,Op de pagina Hoelang duurt het om een Nederlands paspoort of ID-kaart aan te vragen in het buitenland leest u meer over ...,Op de pagina Hoelang duurt het om een Nederlands paspoort of ID-kaart aan te vragen in het buitenland leest u meer over ...,Zin van 29 woorden; boven de 20 wordt een zin lastig te volgen.,Knip de zin in tweeën.
0064_paspoort-id-kaart_buitenland_paspoort-el-salvador.txt,https://www.nederlandwereldwijd.nl/paspoort-id-kaart/buitenland/paspoort-el-salvador,Paspoort of ID-kaart aanvragen als u in El Salvador woont | NederlandWereldwijd,84,lange-zin,advies,"Zodra het oude paspoort bij de ambassade binnen is en ongeldig is gemaakt, worden beide documenten (het nieuwe paspoort ...","Zodra het oude paspoort bij de ambassade binnen is en ongeldig is gemaakt, worden beide documenten (het nieuwe paspoort ...",Zin van 32 woorden; boven de 20 wordt een zin lastig te volgen.,Knip de zin in tweeën.
0064_paspoort-id-kaart_buitenland_paspoort-el-salvador.txt,https://www.nederlandwereldwijd.nl/paspoort-id-kaart/buitenland/paspoort-el-salvador,Paspoort of ID-kaart aanvragen als u in El Salvador woont | NederlandWereldwijd,91,lange-zin,advies,Bij paspoorten uitgegeven vanaf eind september 2024 staat de naam van de partner vaak op de achterkant van de titelpagin...,Bij paspoorten uitgegeven vanaf eind september 2024 staat de naam van de partner vaak op de achterkant van de titelpagin...,Zin van 26 woorden; boven de 20 wordt een zin lastig te volgen.,Knip de zin in tweeën.
0065_paspoort-id-kaart_buitenland_paspoort-equatoriaal-guinea.txt,https://www.nederlandwereldwijd.nl/paspoort-id-kaart/buitenland/paspoort-equatoriaal-guinea,Paspoort of ID-kaart aanvragen als u in Equatoriaal-Guinea woont | NederlandWereldwijd,11,lange-zin,advies,In uw persoonlijke checklist (uit stap 1) ziet u dat u documenten uit Equatoriaal-Guinea nodig heeft om een paspoort of ...,In uw persoonlijke checklist (uit stap 1) ziet u dat u documenten uit Equatoriaal-Guinea nodig heeft om een paspoort of ...,Zin van 24 woorden; boven de 20 wordt een zin lastig te volgen.,Knip de zin in tweeën.
0065_paspoort-id-kaart_buitenland_paspoort-equatoriaal-guinea.txt,https://www.nederlandwereldwijd.nl/paspoort-id-kaart/buitenland/paspoort-equatoriaal-guinea,Paspoort of ID-kaart aanvragen als u in Equatoriaal-Guinea woont | NederlandWereldwijd,74,lange-zin,advies,Op de pagina Hoelang duurt het om een Nederlands paspoort of ID-kaart aan te vragen in het buitenland leest u meer over ...,Op de pagina Hoelang duurt het om een Nederlands paspoort of ID-kaart aan te vragen in het buitenland leest u meer over ...,Zin van 29 woorden; boven de 20 wordt een zin lastig te volgen.,Knip de zin in tweeën.
0065_paspoort-id-kaart_buitenland_paspoort-equatoriaal-guinea.txt,https://www.nederlandwereldwijd.nl/paspoort-id-kaart/buitenland/paspoort-equatoriaal-guinea,Paspoort of ID-kaart aanvragen als u in Equatoriaal-Guinea woont | NederlandWereldwijd,94,lange-zin,advies,Bij paspoorten uitgegeven vanaf eind september 2024 staat de naam van de partner vaak op de achterkant van de titelpagin...,Bij paspoorten uitgegeven vanaf eind september 2024 staat de naam van de partner vaak op de achterkant van de titelpagin...,Zin van 26 woorden; boven de 20 wordt een zin lastig te volgen.,Knip de zin in tweeën.
0066_paspoort-id-kaart_buitenland_paspoort-eritrea.txt,https://www.nederlandwereldwijd.nl/paspoort-id-kaart/buitenland/paspoort-eritrea,Paspoort of ID-kaart aanvragen als u in Eritrea woont | NederlandWereldwijd,11,lange-zin,advies,In uw persoonlijke checklist (uit stap 1) ziet u dat u documenten uit Eritrea nodig heeft om een paspoort of ID-kaart aa...,In uw persoonlijke checklist (uit stap 1) ziet u dat u documenten uit Eritrea nodig heeft om een paspoort of ID-kaart aa...,Zin van 24 woorden; boven de 20 wordt een zin lastig te volgen.,Knip de zin in tweeën.
0066_paspoort-id-kaart_buitenland_paspoort-eritrea.txt,https://www.nederlandwereldwijd.nl/paspoort-id-kaart/buitenland/paspoort-eritrea,Paspoort of ID-kaart aanvragen als u in Eritrea woont | NederlandWereldwijd,74,lange-zin,advies,Op de pagina Hoelang duurt het om een Nederlands paspoort of ID-kaart aan te vragen in het buitenland leest u meer over ...,Op de pagina Hoelang duurt het om een Nederlands paspoort of ID-kaart aan te vragen in het buitenland leest u meer over ...,Zin van 29 woorden; boven de 20 wordt een zin lastig te volgen.,Knip de zin in tweeën.
0066_paspoort-id-kaart_buitenland_paspoort-eritrea.txt,https://www.nederlandwereldwijd.nl/paspoort-id-kaart/buitenland/paspoort-eritrea,Paspoort of ID-kaart aanvragen als u in Eritrea woont | NederlandWereldwijd,94,lange-zin,advies,Bij paspoorten uitgegeven vanaf eind september 2024 staat de naam van de partner vaak op de achterkant van de titelpagin...,Bij paspoorten uitgegeven vanaf eind september 2024 staat de naam van de partner vaak op de achterkant van de titelpagin...,Zin van 26 woorden; boven de 20 wordt een zin lastig te volgen.,Knip de zin in tweeën.
0067_paspoort-id-kaart_buitenland_paspoort-estland.txt,https://www.nederlandwereldwijd.nl/paspoort-id-kaart/buitenland/paspoort-estland,Paspoort of ID-kaart aanvragen als u in Estland woont | NederlandWereldwijd,11,lange-zin,advies,In uw persoonlijke checklist (uit stap 1) ziet u dat u documenten uit Estland nodig heeft om een paspoort of ID-kaart aa...,In uw persoonlijke checklist (uit stap 1) ziet u dat u documenten uit Estland nodig heeft om een paspoort of ID-kaart aa...,Zin van 24 woorden; boven de 20 wordt een zin lastig te volgen.,Knip de zin in tweeën.
0067_paspoort-id-kaart_buitenland_paspoort-estland.txt,https://www.nederlandwereldwijd.nl/paspoort-id-kaart/buitenland/paspoort-estland,Paspoort of ID-kaart aanvragen als u in Estland woont | NederlandWereldwijd,61,lange-zin,advies,In het overzicht van de consulaire tarieven in Finland ziet u wat een paspoort of ID-kaart kost en hoe u kunt betalen.,In het overzicht van de consulaire tarieven in Finland ziet u wat een paspoort of ID-kaart kost en hoe u kunt betalen.,Zin van 22 woorden; boven de 20 wordt een zin lastig te volgen.,Knip de zin in tweeën.
0067_paspoort-id-kaart_buitenland_paspoort-estland.txt,https://www.nederlandwereldwijd.nl/paspoort-id-kaart/buitenland/paspoort-estland,Paspoort of ID-kaart aanvragen als u in Estland woont | NederlandWereldwijd,75,lange-zin,advies,Op de pagina Hoelang duurt het om een Nederlands paspoort of ID-kaart aan te vragen in het buitenland leest u meer over ...,Op de pagina Hoelang duurt het om een Nederlands paspoort of ID-kaart aan te vragen in het buitenland leest u meer over ...,Zin van 29 woorden; boven de 20 wordt een zin lastig te volgen.,Knip de zin in tweeën.
0067_paspoort-id-kaart_buitenland_paspoort-estland.txt,https://www.nederlandwereldwijd.nl/paspoort-id-kaart/buitenland/paspoort-estland,Paspoort of ID-kaart aanvragen als u in Estland woont | NederlandWereldwijd,91,lange-zin,advies,Bij paspoorten uitgegeven vanaf eind september 2024 staat de naam van de partner vaak op de achterkant van de titelpagin...,Bij paspoorten uitgegeven vanaf eind september 2024 staat de naam van de partner vaak op de achterkant van de titelpagin...,Zin van 26 woorden; boven de 20 wordt een zin lastig te volgen.,Knip de zin in tweeën.
0068_paspoort-id-kaart_buitenland_paspoort-eswatini.txt,https://www.nederlandwereldwijd.nl/paspoort-id-kaart/buitenland/paspoort-eswatini,Paspoort of ID-kaart aanvragen als u in Eswatini woont | NederlandWereldwijd,11,lange-zin,advies,In uw persoonlijke checklist (uit stap 1) ziet u dat u documenten uit Eswatini nodig heeft om een paspoort of ID-kaart a...,In uw persoonlijke checklist (uit stap 1) ziet u dat u documenten uit Eswatini nodig heeft om een paspoort of ID-kaart a...,Zin van 24 woorden; boven de 20 wordt een zin lastig te volgen.,Knip de zin in tweeën.
0068_paspoort-id-kaart_buitenland_paspoort-eswatini.txt,https://www.nederlandwereldwijd.nl/paspoort-id-kaart/buitenland/paspoort-eswatini,Paspoort of ID-kaart aanvragen als u in Eswatini woont | NederlandWereldwijd,74,lange-zin,advies,Op de pagina Hoelang duurt het om een Nederlands paspoort of ID-kaart aan te vragen in het buitenland leest u meer over ...,Op de pagina Hoelang duurt het om een Nederlands paspoort of ID-kaart aan te vragen in het buitenland leest u meer over ...,Zin van 29 woorden; boven de 20 wordt een zin lastig te volgen.,Knip de zin in tweeën.
0068_paspoort-id-kaart_buitenland_paspoort-eswatini.txt,https://www.nederlandwereldwijd.nl/paspoort-id-kaart/buitenland/paspoort-eswatini,Paspoort of ID-kaart aanvragen als u in Eswatini woont | NederlandWereldwijd,104,lange-zin,advies,Bij paspoorten uitgegeven vanaf eind september 2024 staat de naam van de partner vaak op de achterkant van de titelpagin...,Bij paspoorten uitgegeven vanaf eind september 2024 staat de naam van de partner vaak op de achterkant van de titelpagin...,Zin van 26 woorden; boven de 20 wordt een zin lastig te volgen.,Knip de zin in tweeën.
0069_paspoort-id-kaart_buitenland_paspoort-ethiopie.txt,https://www.nederlandwereldwijd.nl/paspoort-id-kaart/buitenland/paspoort-ethiopie,Paspoort of ID-kaart aanvragen als u in Ethiopië woont | NederlandWereldwijd,11,lange-zin,advies,In uw persoonlijke checklist (uit stap 1) ziet u dat u documenten uit Ethiopië nodig heeft om een paspoort of ID-kaart a...,In uw persoonlijke checklist (uit stap 1) ziet u dat u documenten uit Ethiopië nodig heeft om een paspoort of ID-kaart a...,Zin van 24 woorden; boven de 20 wordt een zin lastig te volgen.,Knip de zin in tweeën.
0069_paspoort-id-kaart_buitenland_paspoort-ethiopie.txt,https://www.nederlandwereldwijd.nl/paspoort-id-kaart/buitenland/paspoort-ethiopie,Paspoort of ID-kaart aanvragen als u in Ethiopië woont | NederlandWereldwijd,40,lijdende-vorm,advies,worden geaccepteerd,Alleen documenten die zijn uitgegeven door de Somalische autoriteiten in Somalië of Somaliland worden geaccepteerd.,Lijdende vorm: de lezer ziet niet wie er iets doet.,"Schrijf actief, bijvoorbeeld 'wij sturen' of 'u ontvangt'."
0069_paspoort-id-kaart_buitenland_paspoort-ethiopie.txt,https://www.nederlandwereldwijd.nl/paspoort-id-kaart/buitenland/paspoort-ethiopie,Paspoort of ID-kaart aanvragen als u in Ethiopië woont | NederlandWereldwijd,91,lange-zin,advies,Op de pagina Hoelang duurt het om een Nederlands paspoort of ID-kaart aan te vragen in het buitenland leest u meer over ...,Op de pagina Hoelang duurt het om een Nederlands paspoort of ID-kaart aan te vragen in het buitenland leest u meer over ...,Zin van 29 woorden; boven de 20 wordt een zin lastig te volgen.,Knip de zin in tweeën.
0069_paspoort-id-kaart_buitenland_paspoort-ethiopie.txt,https://www.nederlandwereldwijd.nl/paspoort-id-kaart/buitenland/paspoort-ethiopie,Paspoort of ID-kaart aanvragen als u in Ethiopië woont | NederlandWereldwijd,112,lange-zin,advies,Bij paspoorten uitgegeven vanaf eind september 2024 staat de naam van de partner vaak op de achterkant van de titelpagin...,Bij paspoorten uitgegeven vanaf eind september 2024 staat de naam van de partner vaak op de achterkant van de titelpagin...,Zin van 26 woorden; boven de 20 wordt een zin lastig te volgen.,Knip de zin in tweeën.
0069_paspoort-id-kaart_buitenland_paspoort-ethiopie.txt,https://www.nederlandwereldwijd.nl/paspoort-id-kaart/buitenland/paspoort-ethiopie,Paspoort of ID-kaart aanvragen als u in Ethiopië woont | NederlandWereldwijd,116,lange-zin,advies,Vraagt u voor uzelf of uw kind voor het eerst een Nederlands paspoort aan bij de Nederlandse ambassade in Addis Abeba?,Vraagt u voor uzelf of uw kind voor het eerst een Nederlands paspoort aan bij de Nederlandse ambassade in Addis Abeba?,Zin van 21 woorden; boven de 20 wordt een zin lastig te volgen.,Knip de zin in tweeën.
0069_paspoort-id-kaart_buitenland_paspoort-ethiopie.txt,https://www.nederlandwereldwijd.nl/paspoort-id-kaart/buitenland/paspoort-ethiopie,Paspoort of ID-kaart aanvragen als u in Ethiopië woont | NederlandWereldwijd,117,lange-zin,advies,Vraag direct na het ontvangen van het Nederlandse paspoort een Ethiopische verblijfsvergunning aan bij de Ethiopische Im...,Vraag direct na het ontvangen van het Nederlandse paspoort een Ethiopische verblijfsvergunning aan bij de Ethiopische Im...,Zin van 24 woorden; boven de 20 wordt een zin lastig te volgen.,Knip de zin in tweeën.
0070_paspoort-id-kaart_buitenland_paspoort-fiji.txt,https://www.nederlandwereldwijd.nl/paspoort-id-kaart/buitenland/paspoort-fiji,Paspoort of ID-kaart aanvragen als u in Fiji woont | NederlandWereldwijd,11,lange-zin,advies,In uw persoonlijke checklist (uit stap 1) ziet u dat u documenten uit Fiji nodig heeft om een paspoort of ID-kaart aan t...,In uw persoonlijke checklist (uit stap 1) ziet u dat u documenten uit Fiji nodig heeft om een paspoort of ID-kaart aan t...,Zin van 24 woorden; boven de 20 wordt een zin lastig te volgen.,Knip de zin in tweeën.
0070_paspoort-id-kaart_buitenland_paspoort-fiji.txt,https://www.nederlandwereldwijd.nl/paspoort-id-kaart/buitenland/paspoort-fiji,Paspoort of ID-kaart aanvragen als u in Fiji woont | NederlandWereldwijd,61,lange-zin,advies,In het overzicht van de consulaire tarieven in Nieuw-Zeeland ziet u wat een paspoort of ID-kaart kost en hoe u kunt beta...,In het overzicht van de consulaire tarieven in Nieuw-Zeeland ziet u wat een paspoort of ID-kaart kost en hoe u kunt beta...,Zin van 22 woorden; boven de 20 wordt een zin lastig te volgen.,Knip de zin in tweeën.
0070_paspoort-id-kaart_buitenland_paspoort-fiji.txt,https://www.nederlandwereldwijd.nl/paspoort-id-kaart/buitenland/paspoort-fiji,Paspoort of ID-kaart aanvragen als u in Fiji woont | NederlandWereldwijd,75,lange-zin,advies,Op de pagina Hoelang duurt het om een Nederlands paspoort of ID-kaart aan te vragen in het buitenland leest u meer over ...,Op de pagina Hoelang duurt het om een Nederlands paspoort of ID-kaart aan te vragen in het buitenland leest u meer over ...,Zin van 29 woorden; boven de 20 wordt een zin lastig te volgen.,Knip de zin in tweeën.
0070_paspoort-id-kaart_buitenland_paspoort-fiji.txt,https://www.nederlandwereldwijd.nl/paspoort-id-kaart/buitenland/paspoort-fiji,Paspoort of ID-kaart aanvragen als u in Fiji woont | NederlandWereldwijd,92,lange-zin,advies,Bij paspoorten uitgegeven vanaf eind september 2024 staat de naam van de partner vaak op de achterkant van de titelpagin...,Bij paspoorten uitgegeven vanaf eind september 2024 staat de naam van de partner vaak op de achterkant van de titelpagin...,Zin van 26 woorden; boven de 20 wordt een zin lastig te volgen.,Knip de zin in tweeën.
0071_paspoort-id-kaart_buitenland_paspoort-filipijnen.txt,https://www.nederlandwereldwijd.nl/paspoort-id-kaart/buitenland/paspoort-filipijnen,Paspoort of ID-kaart aanvragen als u in de Filipijnen woont | NederlandWereldwijd,11,lange-zin,advies,In uw persoonlijke checklist (uit stap 1) ziet u dat u documenten uit de Filipijnen nodig heeft om een paspoort of ID-ka...,In uw persoonlijke checklist (uit stap 1) ziet u dat u documenten uit de Filipijnen nodig heeft om een paspoort of ID-ka...,Zin van 25 woorden; boven de 20 wordt een zin lastig te volgen.,Knip de zin in tweeën.
0071_paspoort-id-kaart_buitenland_paspoort-filipijnen.txt,https://www.nederlandwereldwijd.nl/paspoort-id-kaart/buitenland/paspoort-filipijnen,Paspoort of ID-kaart aanvragen als u in de Filipijnen woont | NederlandWereldwijd,90,lange-zin,advies,In het overzicht van de consulaire tarieven in de Filipijnen ziet u wat een paspoort of ID-kaart kost en hoe u kunt beta...,In het overzicht van de consulaire tarieven in de Filipijnen ziet u wat een paspoort of ID-kaart kost en hoe u kunt beta...,Zin van 23 woorden; boven de 20 wordt een zin lastig te volgen.,Knip de zin in tweeën.
0071_paspoort-id-kaart_buitenland_paspoort-filipijnen.txt,https://www.nederlandwereldwijd.nl/paspoort-id-kaart/buitenland/paspoort-filipijnen,Paspoort of ID-kaart aanvragen als u in de Filipijnen woont | NederlandWereldwijd,104,lange-zin,advies,Op de pagina Hoelang duurt het om een Nederlands paspoort of ID-kaart aan te vragen in het buitenland leest u meer over ...,Op de pagina Hoelang duurt het om een Nederlands paspoort of ID-kaart aan te vragen in het buitenland leest u meer over ...,Zin van 29 woorden; boven de 20 wordt een zin lastig te volgen.,Knip de zin in tweeën.
0071_paspoort-id-kaart_buitenland_paspoort-filipijnen.txt,https://www.nederlandwereldwijd.nl/paspoort-id-kaart/buitenland/paspoort-filipijnen,Paspoort of ID-kaart aanvragen als u in de Filipijnen woont | NederlandWereldwijd,121,lange-zin,advies,Bij paspoorten uitgegeven vanaf eind september 2024 staat de naam van de partner vaak op de achterkant van de titelpagin...,Bij paspoorten uitgegeven vanaf eind september 2024 staat de naam van de partner vaak op de achterkant van de titelpagin...,Zin van 26 woorden; boven de 20 wordt een zin lastig te volgen.,Knip de zin in tweeën.
0072_paspoort-id-kaart_buitenland_paspoort-finland.txt,https://www.nederlandwereldwijd.nl/paspoort-id-kaart/buitenland/paspoort-finland,Paspoort of ID-kaart aanvragen als u in Finland woont | NederlandWereldwijd,11,lange-zin,advies,In uw persoonlijke checklist (uit stap 1) ziet u dat u documenten uit Finland nodig heeft om een paspoort of ID-kaart aa...,In uw persoonlijke checklist (uit stap 1) ziet u dat u documenten uit Finland nodig heeft om een paspoort of ID-kaart aa...,Zin van 24 woorden; boven de 20 wordt een zin lastig te volgen.,Knip de zin in tweeën.
0072_paspoort-id-kaart_buitenland_paspoort-finland.txt,https://www.nederlandwereldwijd.nl/paspoort-id-kaart/buitenland/paspoort-finland,Paspoort of ID-kaart aanvragen als u in Finland woont | NederlandWereldwijd,15,lange-zin,advies,U hoeft niet in Finland geboren te zijn of de Finse nationaliteit te hebben om een birth certificate/syntymätodistus aan...,U hoeft niet in Finland geboren te zijn of de Finse nationaliteit te hebben om een birth certificate/syntymätodistus aan...,Zin van 21 woorden; boven de 20 wordt een zin lastig te volgen.,Knip de zin in tweeën.
0072_paspoort-id-kaart_buitenland_paspoort-finland.txt,https://www.nederlandwereldwijd.nl/paspoort-id-kaart/buitenland/paspoort-finland,Paspoort of ID-kaart aanvragen als u in Finland woont | NederlandWereldwijd,21,lange-zin,advies,"Maak schermafdrukken van de informatie bij basic information, address details en eventueel personal relationships en voe...","Maak schermafdrukken van de informatie bij basic information, address details en eventueel personal relationships en voe...",Zin van 21 woorden; boven de 20 wordt een zin lastig te volgen.,Knip de zin in tweeën.
0072_paspoort-id-kaart_buitenland_paspoort-finland.txt,https://www.nederlandwereldwijd.nl/paspoort-id-kaart/buitenland/paspoort-finland,Paspoort of ID-kaart aanvragen als u in Finland woont | NederlandWereldwijd,68,lange-zin,advies,In het overzicht van de consulaire tarieven in Finland ziet u wat een paspoort of ID-kaart kost en hoe u kunt betalen.,In het overzicht van de consulaire tarieven in Finland ziet u wat een paspoort of ID-kaart kost en hoe u kunt betalen.,Zin van 22 woorden; boven de 20 wordt een zin lastig te volgen.,Knip de zin in tweeën.
0072_paspoort-id-kaart_buitenland_paspoort-finland.txt,https://www.nederlandwereldwijd.nl/paspoort-id-kaart/buitenland/paspoort-finland,Paspoort of ID-kaart aanvragen als u in Finland woont | NederlandWereldwijd,82,lange-zin,advies,Op de pagina Hoelang duurt het om een Nederlands paspoort of ID-kaart aan te vragen in het buitenland leest u meer over ...,Op de pagina Hoelang duurt het om een Nederlands paspoort of ID-kaart aan te vragen in het buitenland leest u meer over ...,Zin van 29 woorden; boven de 20 wordt een zin lastig te volgen.,Knip de zin in tweeën.
0072_paspoort-id-kaart_buitenland_paspoort-finland.txt,https://www.nederlandwereldwijd.nl/paspoort-id-kaart/buitenland/paspoort-finland,Paspoort of ID-kaart aanvragen als u in Finland woont | NederlandWereldwijd,98,lange-zin,advies,Bij paspoorten uitgegeven vanaf eind september 2024 staat de naam van de partner vaak op de achterkant van de titelpagin...,Bij paspoorten uitgegeven vanaf eind september 2024 staat de naam van de partner vaak op de achterkant van de titelpagin...,Zin van 26 woorden; boven de 20 wordt een zin lastig te volgen.,Knip de zin in tweeën.
0073_paspoort-id-kaart_buitenland_paspoort-frankrijk.txt,https://www.nederlandwereldwijd.nl/paspoort-id-kaart/buitenland/paspoort-frankrijk,Nederlands paspoort of ID-kaart vernieuwen of aanvragen als u in Frankrijk woont | NederlandWereldwijd,69,lange-zin,advies,In het overzicht van de consulaire tarieven in Frankrijk ziet u wat een paspoort of ID-kaart kost en hoe u kunt betalen.,In het overzicht van de consulaire tarieven in Frankrijk ziet u wat een paspoort of ID-kaart kost en hoe u kunt betalen.,Zin van 22 woorden; boven de 20 wordt een zin lastig te volgen.,Knip de zin in tweeën.
0073_paspoort-id-kaart_buitenland_paspoort-frankrijk.txt,https://www.nederlandwereldwijd.nl/paspoort-id-kaart/buitenland/paspoort-frankrijk,Nederlands paspoort of ID-kaart vernieuwen of aanvragen als u in Frankrijk woont | NederlandWereldwijd,86,lange-zin,advies,Op de pagina Hoelang duurt het om een Nederlands paspoort of ID-kaart aan te vragen in het buitenland leest u meer over ...,Op de pagina Hoelang duurt het om een Nederlands paspoort of ID-kaart aan te vragen in het buitenland leest u meer over ...,Zin van 29 woorden; boven de 20 wordt een zin lastig te volgen.,Knip de zin in tweeën.
0073_paspoort-id-kaart_buitenland_paspoort-frankrijk.txt,https://www.nederlandwereldwijd.nl/paspoort-id-kaart/buitenland/paspoort-frankrijk,Nederlands paspoort of ID-kaart vernieuwen of aanvragen als u in Frankrijk woont | NederlandWereldwijd,107,lange-zin,advies,Bij paspoorten uitgegeven vanaf eind september 2024 staat de naam van de partner vaak op de achterkant van de titelpagin...,Bij paspoorten uitgegeven vanaf eind september 2024 staat de naam van de partner vaak op de achterkant van de titelpagin...,Zin van 26 woorden; boven de 20 wordt een zin lastig te volgen.,Knip de zin in tweeën.
0074_paspoort-id-kaart_buitenland_paspoort-frans-guyana.txt,https://www.nederlandwereldwijd.nl/paspoort-id-kaart/buitenland/paspoort-frans-guyana,Paspoort of ID-kaart aanvragen als u in Frans-Guyana woont | NederlandWereldwijd,11,lange-zin,advies,In uw persoonlijke checklist (uit stap 1) ziet u dat u documenten uit Frans-Guyana nodig heeft om een paspoort of ID-kaa...,In uw persoonlijke checklist (uit stap 1) ziet u dat u documenten uit Frans-Guyana nodig heeft om een paspoort of ID-kaa...,Zin van 24 woorden; boven de 20 wordt een zin lastig te volgen.,Knip de zin in tweeën.
0074_paspoort-id-kaart_buitenland_paspoort-frans-guyana.txt,https://www.nederlandwereldwijd.nl/paspoort-id-kaart/buitenland/paspoort-frans-guyana,Paspoort of ID-kaart aanvragen als u in Frans-Guyana woont | NederlandWereldwijd,61,lange-zin,advies,In het overzicht van de consulaire tarieven in Suriname ziet u wat een paspoort of ID-kaart kost en hoe u kunt betalen.,In het overzicht van de consulaire tarieven in Suriname ziet u wat een paspoort of ID-kaart kost en hoe u kunt betalen.,Zin van 22 woorden; boven de 20 wordt een zin lastig te volgen.,Knip de zin in tweeën.
0074_paspoort-id-kaart_buitenland_paspoort-frans-guyana.txt,https://www.nederlandwereldwijd.nl/paspoort-id-kaart/buitenland/paspoort-frans-guyana,Paspoort of ID-kaart aanvragen als u in Frans-Guyana woont | NederlandWereldwijd,75,lange-zin,advies,Op de pagina Hoelang duurt het om een Nederlands paspoort of ID-kaart aan te vragen in het buitenland leest u meer over ...,Op de pagina Hoelang duurt het om een Nederlands paspoort of ID-kaart aan te vragen in het buitenland leest u meer over ...,Zin van 29 woorden; boven de 20 wordt een zin lastig te volgen.,Knip de zin in tweeën.
0074_paspoort-id-kaart_buitenland_paspoort-frans-guyana.txt,https://www.nederlandwereldwijd.nl/paspoort-id-kaart/buitenland/paspoort-frans-guyana,Paspoort of ID-kaart aanvragen als u in Frans-Guyana woont | NederlandWereldwijd,79,lange-zin,advies,U kunt uw nieuwe paspoort of ID-kaart ophalen bij de ambassade in Paramaribo op dinsdag en donderdag van 14.00 – 15.00 u...,U kunt uw nieuwe paspoort of ID-kaart ophalen bij de ambassade in Paramaribo op dinsdag en donderdag van 14.00 – 15.00 u...,Zin van 22 woorden; boven de 20 wordt een zin lastig te volgen.,Knip de zin in tweeën.
0074_paspoort-id-kaart_buitenland_paspoort-frans-guyana.txt,https://www.nederlandwereldwijd.nl/paspoort-id-kaart/buitenland/paspoort-frans-guyana,Paspoort of ID-kaart aanvragen als u in Frans-Guyana woont | NederlandWereldwijd,90,lange-zin,advies,Bij paspoorten uitgegeven vanaf eind september 2024 staat de naam van de partner vaak op de achterkant van de titelpagin...,Bij paspoorten uitgegeven vanaf eind september 2024 staat de naam van de partner vaak op de achterkant van de titelpagin...,Zin van 26 woorden; boven de 20 wordt een zin lastig te volgen.,Knip de zin in tweeën.
0075_paspoort-id-kaart_buitenland_paspoort-frans-polynesie.txt,https://www.nederlandwereldwijd.nl/paspoort-id-kaart/buitenland/paspoort-frans-polynesie,Paspoort of ID-kaart aanvragen als u in Frans-Polynesië woont | NederlandWereldwijd,62,lange-zin,advies,In het overzicht van de consulaire tarieven in Nieuw-Zeeland ziet u wat een paspoort of ID-kaart kost en hoe u kunt beta...,In het overzicht van de consulaire tarieven in Nieuw-Zeeland ziet u wat een paspoort of ID-kaart kost en hoe u kunt beta...,Zin van 22 woorden; boven de 20 wordt een zin lastig te volgen.,Knip de zin in tweeën.
0075_paspoort-id-kaart_buitenland_paspoort-frans-polynesie.txt,https://www.nederlandwereldwijd.nl/paspoort-id-kaart/buitenland/paspoort-frans-polynesie,Paspoort of ID-kaart aanvragen als u in Frans-Polynesië woont | NederlandWereldwijd,76,lange-zin,advies,Op de pagina Hoelang duurt het om een Nederlands paspoort of ID-kaart aan te vragen in het buitenland leest u meer over ...,Op de pagina Hoelang duurt het om een Nederlands paspoort of ID-kaart aan te vragen in het buitenland leest u meer over ...,Zin van 29 woorden; boven de 20 wordt een zin lastig te volgen.,Knip de zin in tweeën.
0075_paspoort-id-kaart_buitenland_paspoort-frans-polynesie.txt,https://www.nederlandwereldwijd.nl/paspoort-id-kaart/buitenland/paspoort-frans-polynesie,Paspoort of ID-kaart aanvragen als u in Frans-Polynesië woont | NederlandWereldwijd,93,lange-zin,advies,Bij paspoorten uitgegeven vanaf eind september 2024 staat de naam van de partner vaak op de achterkant van de titelpagin...,Bij paspoorten uitgegeven vanaf eind september 2024 staat de naam van de partner vaak op de achterkant van de titelpagin...,Zin van 26 woorden; boven de 20 wordt een zin lastig te volgen.,Knip de zin in tweeën.
0076_paspoort-id-kaart_buitenland_paspoort-gabon.txt,https://www.nederlandwereldwijd.nl/paspoort-id-kaart/buitenland/paspoort-gabon,Paspoort of ID-kaart aanvragen als u in Gabon woont | NederlandWereldwijd,11,lange-zin,advies,In uw persoonlijke checklist (uit stap 1) ziet u dat u documenten uit Gabon nodig heeft om een paspoort of ID-kaart aan ...,In uw persoonlijke checklist (uit stap 1) ziet u dat u documenten uit Gabon nodig heeft om een paspoort of ID-kaart aan ...,Zin van 24 woorden; boven de 20 wordt een zin lastig te volgen.,Knip de zin in tweeën.
0076_paspoort-id-kaart_buitenland_paspoort-gabon.txt,https://www.nederlandwereldwijd.nl/paspoort-id-kaart/buitenland/paspoort-gabon,Paspoort of ID-kaart aanvragen als u in Gabon woont | NederlandWereldwijd,74,lange-zin,advies,Op de pagina Hoelang duurt het om een Nederlands paspoort of ID-kaart aan te vragen in het buitenland leest u meer over ...,Op de pagina Hoelang duurt het om een Nederlands paspoort of ID-kaart aan te vragen in het buitenland leest u meer over ...,Zin van 29 woorden; boven de 20 wordt een zin lastig te volgen.,Knip de zin in tweeën.
0076_paspoort-id-kaart_buitenland_paspoort-gabon.txt,https://www.nederlandwereldwijd.nl/paspoort-id-kaart/buitenland/paspoort-gabon,Paspoort of ID-kaart aanvragen als u in Gabon woont | NederlandWereldwijd,94,lange-zin,advies,Bij paspoorten uitgegeven vanaf eind september 2024 staat de naam van de partner vaak op de achterkant van de titelpagin...,Bij paspoorten uitgegeven vanaf eind september 2024 staat de naam van de partner vaak op de achterkant van de titelpagin...,Zin van 26 woorden; boven de 20 wordt een zin lastig te volgen.,Knip de zin in tweeën.
0077_paspoort-id-kaart_buitenland_paspoort-gambia.txt,https://www.nederlandwereldwijd.nl/paspoort-id-kaart/buitenland/paspoort-gambia,Paspoort of ID-kaart aanvragen als u in Gambia woont | NederlandWereldwijd,11,lange-zin,advies,In uw persoonlijke checklist (uit stap 1) ziet u dat u documenten uit Gambia nodig heeft om een paspoort of ID-kaart aan...,In uw persoonlijke checklist (uit stap 1) ziet u dat u documenten uit Gambia nodig heeft om een paspoort of ID-kaart aan...,Zin van 24 woorden; boven de 20 wordt een zin lastig te volgen.,Knip de zin in tweeën.
0077_paspoort-id-kaart_buitenland_paspoort-gambia.txt,https://www.nederlandwereldwijd.nl/paspoort-id-kaart/buitenland/paspoort-gambia,Paspoort of ID-kaart aanvragen als u in Gambia woont | NederlandWereldwijd,74,lange-zin,advies,Op de pagina Hoelang duurt het om een Nederlands paspoort of ID-kaart aan te vragen in het buitenland leest u meer over ...,Op de pagina Hoelang duurt het om een Nederlands paspoort of ID-kaart aan te vragen in het buitenland leest u meer over ...,Zin van 29 woorden; boven de 20 wordt een zin lastig te volgen.,Knip de zin in tweeën.
0077_paspoort-id-kaart_buitenland_paspoort-gambia.txt,https://www.nederlandwereldwijd.nl/paspoort-id-kaart/buitenland/paspoort-gambia,Paspoort of ID-kaart aanvragen als u in Gambia woont | NederlandWereldwijd,92,lange-zin,advies,Bij paspoorten uitgegeven vanaf eind september 2024 staat de naam van de partner vaak op de achterkant van de titelpagin...,Bij paspoorten uitgegeven vanaf eind september 2024 staat de naam van de partner vaak op de achterkant van de titelpagin...,Zin van 26 woorden; boven de 20 wordt een zin lastig te volgen.,Knip de zin in tweeën.
0078_paspoort-id-kaart_buitenland_paspoort-georgie.txt,https://www.nederlandwereldwijd.nl/paspoort-id-kaart/buitenland/paspoort-georgie,Paspoort of ID-kaart aanvragen als u in Georgië woont | NederlandWereldwijd,11,lange-zin,advies,In uw persoonlijke checklist (uit stap 1) ziet u dat u documenten uit Georgië nodig heeft om een paspoort of ID-kaart aa...,In uw persoonlijke checklist (uit stap 1) ziet u dat u documenten uit Georgië nodig heeft om een paspoort of ID-kaart aa...,Zin van 24 woorden; boven de 20 wordt een zin lastig te volgen.,Knip de zin in tweeën.
0078_paspoort-id-kaart_buitenland_paspoort-georgie.txt,https://www.nederlandwereldwijd.nl/paspoort-id-kaart/buitenland/paspoort-georgie,Paspoort of ID-kaart aanvragen als u in Georgië woont | NederlandWereldwijd,59,lange-zin,advies,In het overzicht van de consulaire tarieven in Georgië ziet u wat een paspoort of ID-kaart kost en hoe u kunt betalen.,In het overzicht van de consulaire tarieven in Georgië ziet u wat een paspoort of ID-kaart kost en hoe u kunt betalen.,Zin van 22 woorden; boven de 20 wordt een zin lastig te volgen.,Knip de zin in tweeën.
0078_paspoort-id-kaart_buitenland_paspoort-georgie.txt,https://www.nederlandwereldwijd.nl/paspoort-id-kaart/buitenland/paspoort-georgie,Paspoort of ID-kaart aanvragen als u in Georgië woont | NederlandWereldwijd,72,lange-zin,advies,Op de pagina Hoelang duurt het om een Nederlands paspoort of ID-kaart aan te vragen in het buitenland leest u meer over ...,Op de pagina Hoelang duurt het om een Nederlands paspoort of ID-kaart aan te vragen in het buitenland leest u meer over ...,Zin van 29 woorden; boven de 20 wordt een zin lastig te volgen.,Knip de zin in tweeën.
0078_paspoort-id-kaart_buitenland_paspoort-georgie.txt,https://www.nederlandwereldwijd.nl/paspoort-id-kaart/buitenland/paspoort-georgie,Paspoort of ID-kaart aanvragen als u in Georgië woont | NederlandWereldwijd,89,lange-zin,advies,Bij paspoorten uitgegeven vanaf eind september 2024 staat de naam van de partner vaak op de achterkant van de titelpagin...,Bij paspoorten uitgegeven vanaf eind september 2024 staat de naam van de partner vaak op de achterkant van de titelpagin...,Zin van 26 woorden; boven de 20 wordt een zin lastig te volgen.,Knip de zin in tweeën.
0079_paspoort-id-kaart_buitenland_paspoort-ghana.txt,https://www.nederlandwereldwijd.nl/paspoort-id-kaart/buitenland/paspoort-ghana,Paspoort of ID-kaart aanvragen als u in Ghana woont | NederlandWereldwijd,11,lange-zin,advies,In uw persoonlijke checklist (uit stap 1) ziet u dat u documenten uit Ghana nodig heeft om een paspoort of ID-kaart aan ...,In uw persoonlijke checklist (uit stap 1) ziet u dat u documenten uit Ghana nodig heeft om een paspoort of ID-kaart aan ...,Zin van 24 woorden; boven de 20 wordt een zin lastig te volgen.,Knip de zin in tweeën.
0079_paspoort-id-kaart_buitenland_paspoort-ghana.txt,https://www.nederlandwereldwijd.nl/paspoort-id-kaart/buitenland/paspoort-ghana,Paspoort of ID-kaart aanvragen als u in Ghana woont | NederlandWereldwijd,79,lange-zin,advies,Op de pagina Hoelang duurt het om een Nederlands paspoort of ID-kaart aan te vragen in het buitenland leest u meer over ...,Op de pagina Hoelang duurt het om een Nederlands paspoort of ID-kaart aan te vragen in het buitenland leest u meer over ...,Zin van 29 woorden; boven de 20 wordt een zin lastig te volgen.,Knip de zin in tweeën.
0079_paspoort-id-kaart_buitenland_paspoort-ghana.txt,https://www.nederlandwereldwijd.nl/paspoort-id-kaart/buitenland/paspoort-ghana,Paspoort of ID-kaart aanvragen als u in Ghana woont | NederlandWereldwijd,100,lange-zin,advies,Bij paspoorten uitgegeven vanaf eind september 2024 staat de naam van de partner vaak op de achterkant van de titelpagin...,Bij paspoorten uitgegeven vanaf eind september 2024 staat de naam van de partner vaak op de achterkant van de titelpagin...,Zin van 26 woorden; boven de 20 wordt een zin lastig te volgen.,Knip de zin in tweeën.
0080_paspoort-id-kaart_buitenland_paspoort-grenada.txt,https://www.nederlandwereldwijd.nl/paspoort-id-kaart/buitenland/paspoort-grenada,Paspoort of ID-kaart aanvragen als u in Grenada woont | NederlandWereldwijd,11,lange-zin,advies,In uw persoonlijke checklist (uit stap 1) ziet u dat u documenten uit Grenada nodig heeft om een paspoort of ID-kaart aa...,In uw persoonlijke checklist (uit stap 1) ziet u dat u documenten uit Grenada nodig heeft om een paspoort of ID-kaart aa...,Zin van 24 woorden; boven de 20 wordt een zin lastig te volgen.,Knip de zin in tweeën.
0080_paspoort-id-kaart_buitenland_paspoort-grenada.txt,https://www.nederlandwereldwijd.nl/paspoort-id-kaart/buitenland/paspoort-grenada,Paspoort of ID-kaart aanvragen als u in Grenada woont | NederlandWereldwijd,74,lange-zin,advies,Op de pagina Hoelang duurt het om een Nederlands paspoort of ID-kaart aan te vragen in het buitenland leest u meer over ...,Op de pagina Hoelang duurt het om een Nederlands paspoort of ID-kaart aan te vragen in het buitenland leest u meer over ...,Zin van 29 woorden; boven de 20 wordt een zin lastig te volgen.,Knip de zin in tweeën.
0080_paspoort-id-kaart_buitenland_paspoort-grenada.txt,https://www.nederlandwereldwijd.nl/paspoort-id-kaart/buitenland/paspoort-grenada,Paspoort of ID-kaart aanvragen als u in Grenada woont | NederlandWereldwijd,93,lange-zin,advies,Bij paspoorten uitgegeven vanaf eind september 2024 staat de naam van de partner vaak op de achterkant van de titelpagin...,Bij paspoorten uitgegeven vanaf eind september 2024 staat de naam van de partner vaak op de achterkant van de titelpagin...,Zin van 26 woorden; boven de 20 wordt een zin lastig te volgen.,Knip de zin in tweeën.
0081_paspoort-id-kaart_buitenland_paspoort-griekenland.txt,https://www.nederlandwereldwijd.nl/paspoort-id-kaart/buitenland/paspoort-griekenland,Paspoort of ID-kaart aanvragen als u in Griekenland woont | NederlandWereldwijd,11,lange-zin,advies,In uw persoonlijke checklist (uit stap 1) ziet u dat u documenten uit Griekenland nodig heeft om een paspoort of ID-kaar...,In uw persoonlijke checklist (uit stap 1) ziet u dat u documenten uit Griekenland nodig heeft om een paspoort of ID-kaar...,Zin van 24 woorden; boven de 20 wordt een zin lastig te volgen.,Knip de zin in tweeën.
0081_paspoort-id-kaart_buitenland_paspoort-griekenland.txt,https://www.nederlandwereldwijd.nl/paspoort-id-kaart/buitenland/paspoort-griekenland,Paspoort of ID-kaart aanvragen als u in Griekenland woont | NederlandWereldwijd,22,lange-zin,advies,Dan gebruikt u als bewijs van legaal verblijf een volledig afschrift van de geboorteakte of een uittreksel uit het geboo...,Dan gebruikt u als bewijs van legaal verblijf een volledig afschrift van de geboorteakte of een uittreksel uit het geboo...,Zin van 26 woorden; boven de 20 wordt een zin lastig te volgen.,Knip de zin in tweeën.
0081_paspoort-id-kaart_buitenland_paspoort-griekenland.txt,https://www.nederlandwereldwijd.nl/paspoort-id-kaart/buitenland/paspoort-griekenland,Paspoort of ID-kaart aanvragen als u in Griekenland woont | NederlandWereldwijd,99,lange-zin,advies,In het overzicht van de consulaire tarieven in Griekenland ziet u wat een paspoort of ID-kaart kost en hoe u kunt betale...,In het overzicht van de consulaire tarieven in Griekenland ziet u wat een paspoort of ID-kaart kost en hoe u kunt betale...,Zin van 22 woorden; boven de 20 wordt een zin lastig te volgen.,Knip de zin in tweeën.
0081_paspoort-id-kaart_buitenland_paspoort-griekenland.txt,https://www.nederlandwereldwijd.nl/paspoort-id-kaart/buitenland/paspoort-griekenland,Paspoort of ID-kaart aanvragen als u in Griekenland woont | NederlandWereldwijd,113,lange-zin,advies,Op de pagina Hoelang duurt het om een Nederlands paspoort of ID-kaart aan te vragen in het buitenland leest u meer over ...,Op de pagina Hoelang duurt het om een Nederlands paspoort of ID-kaart aan te vragen in het buitenland leest u meer over ...,Zin van 29 woorden; boven de 20 wordt een zin lastig te volgen.,Knip de zin in tweeën.
0081_paspoort-id-kaart_buitenland_paspoort-griekenland.txt,https://www.nederlandwereldwijd.nl/paspoort-id-kaart/buitenland/paspoort-griekenland,Paspoort of ID-kaart aanvragen als u in Griekenland woont | NederlandWereldwijd,129,lange-zin,advies,Bij paspoorten uitgegeven vanaf eind september 2024 staat de naam van de partner vaak op de achterkant van de titelpagin...,Bij paspoorten uitgegeven vanaf eind september 2024 staat de naam van de partner vaak op de achterkant van de titelpagin...,Zin van 26 woorden; boven de 20 wordt een zin lastig te volgen.,Knip de zin in tweeën.
0082_paspoort-id-kaart_buitenland_paspoort-groenland.txt,https://www.nederlandwereldwijd.nl/paspoort-id-kaart/buitenland/paspoort-groenland,Paspoort of ID-kaart aanvragen als u in Groenland woont | NederlandWereldwijd,11,lange-zin,advies,In uw persoonlijke checklist (uit stap 1) ziet u dat u documenten uit Groenland nodig heeft om een paspoort of ID-kaart ...,In uw persoonlijke checklist (uit stap 1) ziet u dat u documenten uit Groenland nodig heeft om een paspoort of ID-kaart ...,Zin van 24 woorden; boven de 20 wordt een zin lastig te volgen.,Knip de zin in tweeën.
0082_paspoort-id-kaart_buitenland_paspoort-groenland.txt,https://www.nederlandwereldwijd.nl/paspoort-id-kaart/buitenland/paspoort-groenland,Paspoort of ID-kaart aanvragen als u in Groenland woont | NederlandWereldwijd,78,lange-zin,advies,Op de pagina Hoelang duurt het om een Nederlands paspoort of ID-kaart aan te vragen in het buitenland leest u meer over ...,Op de pagina Hoelang duurt het om een Nederlands paspoort of ID-kaart aan te vragen in het buitenland leest u meer over ...,Zin van 29 woorden; boven de 20 wordt een zin lastig te volgen.,Knip de zin in tweeën.
0082_paspoort-id-kaart_buitenland_paspoort-groenland.txt,https://www.nederlandwereldwijd.nl/paspoort-id-kaart/buitenland/paspoort-groenland,Paspoort of ID-kaart aanvragen als u in Groenland woont | NederlandWereldwijd,98,lange-zin,advies,Bij paspoorten uitgegeven vanaf eind september 2024 staat de naam van de partner vaak op de achterkant van de titelpagin...,Bij paspoorten uitgegeven vanaf eind september 2024 staat de naam van de partner vaak op de achterkant van de titelpagin...,Zin van 26 woorden; boven de 20 wordt een zin lastig te volgen.,Knip de zin in tweeën.
0083_paspoort-id-kaart_buitenland_paspoort-guadeloupe.txt,https://www.nederlandwereldwijd.nl/paspoort-id-kaart/buitenland/paspoort-guadeloupe,Paspoort of ID-kaart aanvragen als u in Guadeloupe woont | NederlandWereldwijd,11,lange-zin,advies,In uw persoonlijke checklist (uit stap 1) ziet u dat u documenten uit Guadeloupe nodig heeft om een paspoort of ID-kaart...,In uw persoonlijke checklist (uit stap 1) ziet u dat u documenten uit Guadeloupe nodig heeft om een paspoort of ID-kaart...,Zin van 24 woorden; boven de 20 wordt een zin lastig te volgen.,Knip de zin in tweeën.
0083_paspoort-id-kaart_buitenland_paspoort-guadeloupe.txt,https://www.nederlandwereldwijd.nl/paspoort-id-kaart/buitenland/paspoort-guadeloupe,Paspoort of ID-kaart aanvragen als u in Guadeloupe woont | NederlandWereldwijd,73,lange-zin,advies,Op de pagina Hoelang duurt het om een Nederlands paspoort of ID-kaart aan te vragen in het buitenland leest u meer over ...,Op de pagina Hoelang duurt het om een Nederlands paspoort of ID-kaart aan te vragen in het buitenland leest u meer over ...,Zin van 29 woorden; boven de 20 wordt een zin lastig te volgen.,Knip de zin in tweeën.
0083_paspoort-id-kaart_buitenland_paspoort-guadeloupe.txt,https://www.nederlandwereldwijd.nl/paspoort-id-kaart/buitenland/paspoort-guadeloupe,Paspoort of ID-kaart aanvragen als u in Guadeloupe woont | NederlandWereldwijd,92,lange-zin,advies,Bij paspoorten uitgegeven vanaf eind september 2024 staat de naam van de partner vaak op de achterkant van de titelpagin...,Bij paspoorten uitgegeven vanaf eind september 2024 staat de naam van de partner vaak op de achterkant van de titelpagin...,Zin van 26 woorden; boven de 20 wordt een zin lastig te volgen.,Knip de zin in tweeën.
0084_paspoort-id-kaart_buitenland_paspoort-guatemala.txt,https://www.nederlandwereldwijd.nl/paspoort-id-kaart/buitenland/paspoort-guatemala,Paspoort of ID-kaart aanvragen als u in Guatemala woont | NederlandWereldwijd,11,lange-zin,advies,In uw persoonlijke checklist (uit stap 1) ziet u dat u documenten uit Guatemala nodig heeft om een paspoort of ID-kaart ...,In uw persoonlijke checklist (uit stap 1) ziet u dat u documenten uit Guatemala nodig heeft om een paspoort of ID-kaart ...,Zin van 24 woorden; boven de 20 wordt een zin lastig te volgen.,Knip de zin in tweeën.
0084_paspoort-id-kaart_buitenland_paspoort-guatemala.txt,https://www.nederlandwereldwijd.nl/paspoort-id-kaart/buitenland/paspoort-guatemala,Paspoort of ID-kaart aanvragen als u in Guatemala woont | NederlandWereldwijd,74,lange-zin,advies,Op de pagina Hoelang duurt het om een Nederlands paspoort of ID-kaart aan te vragen in het buitenland leest u meer over ...,Op de pagina Hoelang duurt het om een Nederlands paspoort of ID-kaart aan te vragen in het buitenland leest u meer over ...,Zin van 29 woorden; boven de 20 wordt een zin lastig te volgen.,Knip de zin in tweeën.
0084_paspoort-id-kaart_buitenland_paspoort-guatemala.txt,https://www.nederlandwereldwijd.nl/paspoort-id-kaart/buitenland/paspoort-guatemala,Paspoort of ID-kaart aanvragen als u in Guatemala woont | NederlandWereldwijd,84,lange-zin,advies,"Zodra het oude paspoort bij de ambassade binnen is en ongeldig is gemaakt, worden beide documenten (het nieuwe paspoort ...","Zodra het oude paspoort bij de ambassade binnen is en ongeldig is gemaakt, worden beide documenten (het nieuwe paspoort ...",Zin van 32 woorden; boven de 20 wordt een zin lastig te volgen.,Knip de zin in tweeën.
0084_paspoort-id-kaart_buitenland_paspoort-guatemala.txt,https://www.nederlandwereldwijd.nl/paspoort-id-kaart/buitenland/paspoort-guatemala,Paspoort of ID-kaart aanvragen als u in Guatemala woont | NederlandWereldwijd,91,lange-zin,advies,Bij paspoorten uitgegeven vanaf eind september 2024 staat de naam van de partner vaak op de achterkant van de titelpagin...,Bij paspoorten uitgegeven vanaf eind september 2024 staat de naam van de partner vaak op de achterkant van de titelpagin...,Zin van 26 woorden; boven de 20 wordt een zin lastig te volgen.,Knip de zin in tweeën.
0085_paspoort-id-kaart_buitenland_paspoort-guinee.txt,https://www.nederlandwereldwijd.nl/paspoort-id-kaart/buitenland/paspoort-guinee,Paspoort of ID-kaart aanvragen als u in Guinee woont | NederlandWereldwijd,12,lange-zin,advies,In uw persoonlijke checklist (uit stap 1) ziet u dat u documenten uit Guinee nodig heeft om een paspoort of ID-kaart aan...,In uw persoonlijke checklist (uit stap 1) ziet u dat u documenten uit Guinee nodig heeft om een paspoort of ID-kaart aan...,Zin van 24 woorden; boven de 20 wordt een zin lastig te volgen.,Knip de zin in tweeën.
0085_paspoort-id-kaart_buitenland_paspoort-guinee.txt,https://www.nederlandwereldwijd.nl/paspoort-id-kaart/buitenland/paspoort-guinee,Paspoort of ID-kaart aanvragen als u in Guinee woont | NederlandWereldwijd,36,lange-zin,advies,Een originele gelegaliseerde huwelijksakte (als het kind binnen het huwelijk geboren is) of een originele gelegaliseerde...,Een originele gelegaliseerde huwelijksakte (als het kind binnen het huwelijk geboren is) of een originele gelegaliseerde...,Zin van 30 woorden; boven de 20 wordt een zin lastig te volgen.,Knip de zin in tweeën.
0085_paspoort-id-kaart_buitenland_paspoort-guinee.txt,https://www.nederlandwereldwijd.nl/paspoort-id-kaart/buitenland/paspoort-guinee,Paspoort of ID-kaart aanvragen als u in Guinee woont | NederlandWereldwijd,39,formeel-woord,midden,conform,Dan kunt u eventueel een kopie conform Volet 4 meenemen.,Formeel woord; in begrijpelijke taal (taalniveau B1) bestaat een gewoner alternatief.,Overweeg 'volgens'.
0085_paspoort-id-kaart_buitenland_paspoort-guinee.txt,https://www.nederlandwereldwijd.nl/paspoort-id-kaart/buitenland/paspoort-guinee,Paspoort of ID-kaart aanvragen als u in Guinee woont | NederlandWereldwijd,46,lange-zin,advies,"U neemt mee, de originele gelegaliseerde ‘Jugement supplétif’ van de rechtbank (tribunal de première instance) met een o...","U neemt mee, de originele gelegaliseerde ‘Jugement supplétif’ van de rechtbank (tribunal de première instance) met een o...",Zin van 28 woorden; boven de 20 wordt een zin lastig te volgen.,Knip de zin in tweeën.
0085_paspoort-id-kaart_buitenland_paspoort-guinee.txt,https://www.nederlandwereldwijd.nl/paspoort-id-kaart/buitenland/paspoort-guinee,Paspoort of ID-kaart aanvragen als u in Guinee woont | NederlandWereldwijd,49,lange-zin,advies,"U neemt mee, de originele gelegaliseerde ‘Jugement supplétif’ van de rechtbank (tribunal de première instance) met een o...","U neemt mee, de originele gelegaliseerde ‘Jugement supplétif’ van de rechtbank (tribunal de première instance) met een o...",Zin van 37 woorden; boven de 20 wordt een zin lastig te volgen.,Knip de zin in tweeën.
0085_paspoort-id-kaart_buitenland_paspoort-guinee.txt,https://www.nederlandwereldwijd.nl/paspoort-id-kaart/buitenland/paspoort-guinee,Paspoort of ID-kaart aanvragen als u in Guinee woont | NederlandWereldwijd,51,formeel-woord,midden,conform,Een kopie conform van de certificat de naissance numérique wordt niet geaccepteerd.,Formeel woord; in begrijpelijke taal (taalniveau B1) bestaat een gewoner alternatief.,Overweeg 'volgens'.
0085_paspoort-id-kaart_buitenland_paspoort-guinee.txt,https://www.nederlandwereldwijd.nl/paspoort-id-kaart/buitenland/paspoort-guinee,Paspoort of ID-kaart aanvragen als u in Guinee woont | NederlandWereldwijd,51,lijdende-vorm,advies,wordt niet geaccepteerd,Een kopie conform van de certificat de naissance numérique wordt niet geaccepteerd.,Lijdende vorm: de lezer ziet niet wie er iets doet.,"Schrijf actief, bijvoorbeeld 'wij sturen' of 'u ontvangt'."
0085_paspoort-id-kaart_buitenland_paspoort-guinee.txt,https://www.nederlandwereldwijd.nl/paspoort-id-kaart/buitenland/paspoort-guinee,Paspoort of ID-kaart aanvragen als u in Guinee woont | NederlandWereldwijd,114,lange-zin,advies,Op de pagina Hoelang duurt het om een Nederlands paspoort of ID-kaart aan te vragen in het buitenland leest u meer over ...,Op de pagina Hoelang duurt het om een Nederlands paspoort of ID-kaart aan te vragen in het buitenland leest u meer over ...,Zin van 29 woorden; boven de 20 wordt een zin lastig te volgen.,Knip de zin in tweeën.
0085_paspoort-id-kaart_buitenland_paspoort-guinee.txt,https://www.nederlandwereldwijd.nl/paspoort-id-kaart/buitenland/paspoort-guinee,Paspoort of ID-kaart aanvragen als u in Guinee woont | NederlandWereldwijd,132,lange-zin,advies,Bij paspoorten uitgegeven vanaf eind september 2024 staat de naam van de partner vaak op de achterkant van de titelpagin...,Bij paspoorten uitgegeven vanaf eind september 2024 staat de naam van de partner vaak op de achterkant van de titelpagin...,Zin van 26 woorden; boven de 20 wordt een zin lastig te volgen.,Knip de zin in tweeën.
0086_paspoort-id-kaart_buitenland_paspoort-guinee-bissau.txt,https://www.nederlandwereldwijd.nl/paspoort-id-kaart/buitenland/paspoort-guinee-bissau,Paspoort of ID-kaart aanvragen als u in Guinee-Bissau woont | NederlandWereldwijd,11,lange-zin,advies,In uw persoonlijke checklist (uit stap 1) ziet u dat u documenten uit Guinee-Bissau nodig heeft om een paspoort of ID-ka...,In uw persoonlijke checklist (uit stap 1) ziet u dat u documenten uit Guinee-Bissau nodig heeft om een paspoort of ID-ka...,Zin van 24 woorden; boven de 20 wordt een zin lastig te volgen.,Knip de zin in tweeën.
0086_paspoort-id-kaart_buitenland_paspoort-guinee-bissau.txt,https://www.nederlandwereldwijd.nl/paspoort-id-kaart/buitenland/paspoort-guinee-bissau,Paspoort of ID-kaart aanvragen als u in Guinee-Bissau woont | NederlandWereldwijd,74,lange-zin,advies,Op de pagina Hoelang duurt het om een Nederlands paspoort of ID-kaart aan te vragen in het buitenland leest u meer over ...,Op de pagina Hoelang duurt het om een Nederlands paspoort of ID-kaart aan te vragen in het buitenland leest u meer over ...,Zin van 29 woorden; boven de 20 wordt een zin lastig te volgen.,Knip de zin in tweeën.
0086_paspoort-id-kaart_buitenland_paspoort-guinee-bissau.txt,https://www.nederlandwereldwijd.nl/paspoort-id-kaart/buitenland/paspoort-guinee-bissau,Paspoort of ID-kaart aanvragen als u in Guinee-Bissau woont | NederlandWereldwijd,92,lange-zin,advies,Bij paspoorten uitgegeven vanaf eind september 2024 staat de naam van de partner vaak op de achterkant van de titelpagin...,Bij paspoorten uitgegeven vanaf eind september 2024 staat de naam van de partner vaak op de achterkant van de titelpagin...,Zin van 26 woorden; boven de 20 wordt een zin lastig te volgen.,Knip de zin in tweeën.
0087_paspoort-id-kaart_buitenland_paspoort-guyana.txt,https://www.nederlandwereldwijd.nl/paspoort-id-kaart/buitenland/paspoort-guyana,Paspoort of ID-kaart aanvragen als u in Guyana woont | NederlandWereldwijd,11,lange-zin,advies,In uw persoonlijke checklist (uit stap 1) ziet u dat u documenten uit Guyana nodig heeft om een paspoort of ID-kaart aan...,In uw persoonlijke checklist (uit stap 1) ziet u dat u documenten uit Guyana nodig heeft om een paspoort of ID-kaart aan...,Zin van 24 woorden; boven de 20 wordt een zin lastig te volgen.,Knip de zin in tweeën.
0087_paspoort-id-kaart_buitenland_paspoort-guyana.txt,https://www.nederlandwereldwijd.nl/paspoort-id-kaart/buitenland/paspoort-guyana,Paspoort of ID-kaart aanvragen als u in Guyana woont | NederlandWereldwijd,60,lange-zin,advies,In het overzicht van de consulaire tarieven in Suriname ziet u wat een paspoort of ID-kaart kost en hoe u kunt betalen.,In het overzicht van de consulaire tarieven in Suriname ziet u wat een paspoort of ID-kaart kost en hoe u kunt betalen.,Zin van 22 woorden; boven de 20 wordt een zin lastig te volgen.,Knip de zin in tweeën.
0087_paspoort-id-kaart_buitenland_paspoort-guyana.txt,https://www.nederlandwereldwijd.nl/paspoort-id-kaart/buitenland/paspoort-guyana,Paspoort of ID-kaart aanvragen als u in Guyana woont | NederlandWereldwijd,74,lange-zin,advies,Op de pagina Hoelang duurt het om een Nederlands paspoort of ID-kaart aan te vragen in het buitenland leest u meer over ...,Op de pagina Hoelang duurt het om een Nederlands paspoort of ID-kaart aan te vragen in het buitenland leest u meer over ...,Zin van 29 woorden; boven de 20 wordt een zin lastig te volgen.,Knip de zin in tweeën.
0087_paspoort-id-kaart_buitenland_paspoort-guyana.txt,https://www.nederlandwereldwijd.nl/paspoort-id-kaart/buitenland/paspoort-guyana,Paspoort of ID-kaart aanvragen als u in Guyana woont | NederlandWereldwijd,78,lange-zin,advies,U kunt uw nieuwe paspoort of ID-kaart ophalen bij de ambassade in Paramaribo op woensdag (14.00 - 15.00 uur) en vrijdag ...,U kunt uw nieuwe paspoort of ID-kaart ophalen bij de ambassade in Paramaribo op woensdag (14.00 - 15.00 uur) en vrijdag ...,Zin van 25 woorden; boven de 20 wordt een zin lastig te volgen.,Knip de zin in tweeën.
0087_paspoort-id-kaart_buitenland_paspoort-guyana.txt,https://www.nederlandwereldwijd.nl/paspoort-id-kaart/buitenland/paspoort-guyana,Paspoort of ID-kaart aanvragen als u in Guyana woont | NederlandWereldwijd,89,lange-zin,advies,Bij paspoorten uitgegeven vanaf eind september 2024 staat de naam van de partner vaak op de achterkant van de titelpagin...,Bij paspoorten uitgegeven vanaf eind september 2024 staat de naam van de partner vaak op de achterkant van de titelpagin...,Zin van 26 woorden; boven de 20 wordt een zin lastig te volgen.,Knip de zin in tweeën.
0088_paspoort-id-kaart_buitenland_paspoort-haiti.txt,https://www.nederlandwereldwijd.nl/paspoort-id-kaart/buitenland/paspoort-haiti,Paspoort of ID-kaart aanvragen als u in Haïti woont | NederlandWereldwijd,11,lange-zin,advies,In uw persoonlijke checklist (uit stap 1) ziet u dat u documenten uit Haïti nodig heeft om een paspoort of ID-kaart aan ...,In uw persoonlijke checklist (uit stap 1) ziet u dat u documenten uit Haïti nodig heeft om een paspoort of ID-kaart aan ...,Zin van 24 woorden; boven de 20 wordt een zin lastig te volgen.,Knip de zin in tweeën.
0088_paspoort-id-kaart_buitenland_paspoort-haiti.txt,https://www.nederlandwereldwijd.nl/paspoort-id-kaart/buitenland/paspoort-haiti,Paspoort of ID-kaart aanvragen als u in Haïti woont | NederlandWereldwijd,73,lange-zin,advies,Op de pagina Hoelang duurt het om een Nederlands paspoort of ID-kaart aan te vragen in het buitenland leest u meer over ...,Op de pagina Hoelang duurt het om een Nederlands paspoort of ID-kaart aan te vragen in het buitenland leest u meer over ...,Zin van 29 woorden; boven de 20 wordt een zin lastig te volgen.,Knip de zin in tweeën.
0088_paspoort-id-kaart_buitenland_paspoort-haiti.txt,https://www.nederlandwereldwijd.nl/paspoort-id-kaart/buitenland/paspoort-haiti,Paspoort of ID-kaart aanvragen als u in Haïti woont | NederlandWereldwijd,87,lange-zin,advies,Bij paspoorten uitgegeven vanaf eind september 2024 staat de naam van de partner vaak op de achterkant van de titelpagin...,Bij paspoorten uitgegeven vanaf eind september 2024 staat de naam van de partner vaak op de achterkant van de titelpagin...,Zin van 26 woorden; boven de 20 wordt een zin lastig te volgen.,Knip de zin in tweeën.
0089_paspoort-id-kaart_buitenland_paspoort-heilige-stoel.txt,https://www.nederlandwereldwijd.nl/paspoort-id-kaart/buitenland/paspoort-heilige-stoel,Paspoort of ID-kaart aanvragen als u in Heilige Stoel / Vaticaanstad woont | NederlandWereldwijd,11,lange-zin,advies,In uw persoonlijke checklist (uit stap 1) ziet u dat u documenten uit Heilige Stoel / Vaticaanstad nodig heeft om een pa...,In uw persoonlijke checklist (uit stap 1) ziet u dat u documenten uit Heilige Stoel / Vaticaanstad nodig heeft om een pa...,Zin van 27 woorden; boven de 20 wordt een zin lastig te volgen.,Knip de zin in tweeën.
0089_paspoort-id-kaart_buitenland_paspoort-heilige-stoel.txt,https://www.nederlandwereldwijd.nl/paspoort-id-kaart/buitenland/paspoort-heilige-stoel,Paspoort of ID-kaart aanvragen als u in Heilige Stoel / Vaticaanstad woont | NederlandWereldwijd,59,lange-zin,advies,In het overzicht van de consulaire tarieven in Italië ziet u wat een paspoort of ID-kaart kost en hoe u kunt betalen.,In het overzicht van de consulaire tarieven in Italië ziet u wat een paspoort of ID-kaart kost en hoe u kunt betalen.,Zin van 22 woorden; boven de 20 wordt een zin lastig te volgen.,Knip de zin in tweeën.
0089_paspoort-id-kaart_buitenland_paspoort-heilige-stoel.txt,https://www.nederlandwereldwijd.nl/paspoort-id-kaart/buitenland/paspoort-heilige-stoel,Paspoort of ID-kaart aanvragen als u in Heilige Stoel / Vaticaanstad woont | NederlandWereldwijd,73,lange-zin,advies,Op de pagina Hoelang duurt het om een Nederlands paspoort of ID-kaart aan te vragen in het buitenland leest u meer over ...,Op de pagina Hoelang duurt het om een Nederlands paspoort of ID-kaart aan te vragen in het buitenland leest u meer over ...,Zin van 29 woorden; boven de 20 wordt een zin lastig te volgen.,Knip de zin in tweeën.
0089_paspoort-id-kaart_buitenland_paspoort-heilige-stoel.txt,https://www.nederlandwereldwijd.nl/paspoort-id-kaart/buitenland/paspoort-heilige-stoel,Paspoort of ID-kaart aanvragen als u in Heilige Stoel / Vaticaanstad woont | NederlandWereldwijd,91,lange-zin,advies,Bij paspoorten uitgegeven vanaf eind september 2024 staat de naam van de partner vaak op de achterkant van de titelpagin...,Bij paspoorten uitgegeven vanaf eind september 2024 staat de naam van de partner vaak op de achterkant van de titelpagin...,Zin van 26 woorden; boven de 20 wordt een zin lastig te volgen.,Knip de zin in tweeën.
0090_paspoort-id-kaart_buitenland_paspoort-honduras.txt,https://www.nederlandwereldwijd.nl/paspoort-id-kaart/buitenland/paspoort-honduras,Paspoort of ID-kaart aanvragen als u in Honduras woont | NederlandWereldwijd,11,lange-zin,advies,In uw persoonlijke checklist (uit stap 1) ziet u dat u documenten uit Honduras nodig heeft om een paspoort of ID-kaart a...,In uw persoonlijke checklist (uit stap 1) ziet u dat u documenten uit Honduras nodig heeft om een paspoort of ID-kaart a...,Zin van 24 woorden; boven de 20 wordt een zin lastig te volgen.,Knip de zin in tweeën.
0090_paspoort-id-kaart_buitenland_paspoort-honduras.txt,https://www.nederlandwereldwijd.nl/paspoort-id-kaart/buitenland/paspoort-honduras,Paspoort of ID-kaart aanvragen als u in Honduras woont | NederlandWereldwijd,74,lange-zin,advies,Op de pagina Hoelang duurt het om een Nederlands paspoort of ID-kaart aan te vragen in het buitenland leest u meer over ...,Op de pagina Hoelang duurt het om een Nederlands paspoort of ID-kaart aan te vragen in het buitenland leest u meer over ...,Zin van 29 woorden; boven de 20 wordt een zin lastig te volgen.,Knip de zin in tweeën.
0090_paspoort-id-kaart_buitenland_paspoort-honduras.txt,https://www.nederlandwereldwijd.nl/paspoort-id-kaart/buitenland/paspoort-honduras,Paspoort of ID-kaart aanvragen als u in Honduras woont | NederlandWereldwijd,84,lange-zin,advies,"Zodra het oude paspoort bij de ambassade binnen is en ongeldig is gemaakt, worden beide documenten (het nieuwe paspoort ...","Zodra het oude paspoort bij de ambassade binnen is en ongeldig is gemaakt, worden beide documenten (het nieuwe paspoort ...",Zin van 32 woorden; boven de 20 wordt een zin lastig te volgen.,Knip de zin in tweeën.
0090_paspoort-id-kaart_buitenland_paspoort-honduras.txt,https://www.nederlandwereldwijd.nl/paspoort-id-kaart/buitenland/paspoort-honduras,Paspoort of ID-kaart aanvragen als u in Honduras woont | NederlandWereldwijd,91,lange-zin,advies,Bij paspoorten uitgegeven vanaf eind september 2024 staat de naam van de partner vaak op de achterkant van de titelpagin...,Bij paspoorten uitgegeven vanaf eind september 2024 staat de naam van de partner vaak op de achterkant van de titelpagin...,Zin van 26 woorden; boven de 20 wordt een zin lastig te volgen.,Knip de zin in tweeën.
0091_paspoort-id-kaart_buitenland_paspoort-hongarije.txt,https://www.nederlandwereldwijd.nl/paspoort-id-kaart/buitenland/paspoort-hongarije,Paspoort of ID-kaart aanvragen als u in Hongarije woont | NederlandWereldwijd,11,lange-zin,advies,In uw persoonlijke checklist (uit stap 1) ziet u dat u documenten uit Hongarije nodig heeft om een paspoort of ID-kaart ...,In uw persoonlijke checklist (uit stap 1) ziet u dat u documenten uit Hongarije nodig heeft om een paspoort of ID-kaart ...,Zin van 24 woorden; boven de 20 wordt een zin lastig te volgen.,Knip de zin in tweeën.
0091_paspoort-id-kaart_buitenland_paspoort-hongarije.txt,https://www.nederlandwereldwijd.nl/paspoort-id-kaart/buitenland/paspoort-hongarije,Paspoort of ID-kaart aanvragen als u in Hongarije woont | NederlandWereldwijd,64,lange-zin,advies,In het overzicht van de consulaire tarieven in Hongarije ziet u wat een paspoort of ID-kaart kost en hoe u kunt betalen.,In het overzicht van de consulaire tarieven in Hongarije ziet u wat een paspoort of ID-kaart kost en hoe u kunt betalen.,Zin van 22 woorden; boven de 20 wordt een zin lastig te volgen.,Knip de zin in tweeën.
0091_paspoort-id-kaart_buitenland_paspoort-hongarije.txt,https://www.nederlandwereldwijd.nl/paspoort-id-kaart/buitenland/paspoort-hongarije,Paspoort of ID-kaart aanvragen als u in Hongarije woont | NederlandWereldwijd,78,lange-zin,advies,Op de pagina Hoelang duurt het om een Nederlands paspoort of ID-kaart aan te vragen in het buitenland leest u meer over ...,Op de pagina Hoelang duurt het om een Nederlands paspoort of ID-kaart aan te vragen in het buitenland leest u meer over ...,Zin van 29 woorden; boven de 20 wordt een zin lastig te volgen.,Knip de zin in tweeën.
0091_paspoort-id-kaart_buitenland_paspoort-hongarije.txt,https://www.nederlandwereldwijd.nl/paspoort-id-kaart/buitenland/paspoort-hongarije,Paspoort of ID-kaart aanvragen als u in Hongarije woont | NederlandWereldwijd,97,lange-zin,advies,Bij paspoorten uitgegeven vanaf eind september 2024 staat de naam van de partner vaak op de achterkant van de titelpagin...,Bij paspoorten uitgegeven vanaf eind september 2024 staat de naam van de partner vaak op de achterkant van de titelpagin...,Zin van 26 woorden; boven de 20 wordt een zin lastig te volgen.,Knip de zin in tweeën.
0092_paspoort-id-kaart_buitenland_paspoort-hongkong.txt,https://www.nederlandwereldwijd.nl/paspoort-id-kaart/buitenland/paspoort-hongkong,Paspoort of ID-kaart aanvragen als u in Hongkong SAR woont | NederlandWereldwijd,11,lange-zin,advies,In uw persoonlijke checklist (uit stap 1) ziet u dat u documenten uit Hongkong SAR nodig heeft om een paspoort of ID-kaa...,In uw persoonlijke checklist (uit stap 1) ziet u dat u documenten uit Hongkong SAR nodig heeft om een paspoort of ID-kaa...,Zin van 25 woorden; boven de 20 wordt een zin lastig te volgen.,Knip de zin in tweeën.
0092_paspoort-id-kaart_buitenland_paspoort-hongkong.txt,https://www.nederlandwereldwijd.nl/paspoort-id-kaart/buitenland/paspoort-hongkong,Paspoort of ID-kaart aanvragen als u in Hongkong SAR woont | NederlandWereldwijd,81,lange-zin,advies,Op de pagina Hoelang duurt het om een Nederlands paspoort of ID-kaart aan te vragen in het buitenland leest u meer over ...,Op de pagina Hoelang duurt het om een Nederlands paspoort of ID-kaart aan te vragen in het buitenland leest u meer over ...,Zin van 29 woorden; boven de 20 wordt een zin lastig te volgen.,Knip de zin in tweeën.
0092_paspoort-id-kaart_buitenland_paspoort-hongkong.txt,https://www.nederlandwereldwijd.nl/paspoort-id-kaart/buitenland/paspoort-hongkong,Paspoort of ID-kaart aanvragen als u in Hongkong SAR woont | NederlandWereldwijd,98,lange-zin,advies,Bij paspoorten uitgegeven vanaf eind september 2024 staat de naam van de partner vaak op de achterkant van de titelpagin...,Bij paspoorten uitgegeven vanaf eind september 2024 staat de naam van de partner vaak op de achterkant van de titelpagin...,Zin van 26 woorden; boven de 20 wordt een zin lastig te volgen.,Knip de zin in tweeën.
0093_paspoort-id-kaart_buitenland_paspoort-ierland.txt,https://www.nederlandwereldwijd.nl/paspoort-id-kaart/buitenland/paspoort-ierland,Paspoort of ID-kaart aanvragen als u in Ierland woont | NederlandWereldwijd,11,lange-zin,advies,In uw persoonlijke checklist (uit stap 1) ziet u dat u documenten uit Ierland nodig heeft om een paspoort of ID-kaart aa...,In uw persoonlijke checklist (uit stap 1) ziet u dat u documenten uit Ierland nodig heeft om een paspoort of ID-kaart aa...,Zin van 24 woorden; boven de 20 wordt een zin lastig te volgen.,Knip de zin in tweeën.
0093_paspoort-id-kaart_buitenland_paspoort-ierland.txt,https://www.nederlandwereldwijd.nl/paspoort-id-kaart/buitenland/paspoort-ierland,Paspoort of ID-kaart aanvragen als u in Ierland woont | NederlandWereldwijd,70,lange-zin,advies,In het overzicht van de consulaire tarieven in Ierland ziet u wat een paspoort of ID-kaart kost en hoe u kunt betalen.,In het overzicht van de consulaire tarieven in Ierland ziet u wat een paspoort of ID-kaart kost en hoe u kunt betalen.,Zin van 22 woorden; boven de 20 wordt een zin lastig te volgen.,Knip de zin in tweeën.
0093_paspoort-id-kaart_buitenland_paspoort-ierland.txt,https://www.nederlandwereldwijd.nl/paspoort-id-kaart/buitenland/paspoort-ierland,Paspoort of ID-kaart aanvragen als u in Ierland woont | NederlandWereldwijd,85,lange-zin,advies,Op de pagina Hoelang duurt het om een Nederlands paspoort of ID-kaart aan te vragen in het buitenland leest u meer over ...,Op de pagina Hoelang duurt het om een Nederlands paspoort of ID-kaart aan te vragen in het buitenland leest u meer over ...,Zin van 29 woorden; boven de 20 wordt een zin lastig te volgen.,Knip de zin in tweeën.
0093_paspoort-id-kaart_buitenland_paspoort-ierland.txt,https://www.nederlandwereldwijd.nl/paspoort-id-kaart/buitenland/paspoort-ierland,Paspoort of ID-kaart aanvragen als u in Ierland woont | NederlandWereldwijd,101,lange-zin,advies,Bij paspoorten uitgegeven vanaf eind september 2024 staat de naam van de partner vaak op de achterkant van de titelpagin...,Bij paspoorten uitgegeven vanaf eind september 2024 staat de naam van de partner vaak op de achterkant van de titelpagin...,Zin van 26 woorden; boven de 20 wordt een zin lastig te volgen.,Knip de zin in tweeën.
0094_paspoort-id-kaart_buitenland_paspoort-ijsland.txt,https://www.nederlandwereldwijd.nl/paspoort-id-kaart/buitenland/paspoort-ijsland,Paspoort of ID-kaart aanvragen als u in IJsland woont | NederlandWereldwijd,11,lange-zin,advies,In uw persoonlijke checklist (uit stap 1) ziet u dat u documenten uit IJsland nodig heeft om een paspoort of ID-kaart aa...,In uw persoonlijke checklist (uit stap 1) ziet u dat u documenten uit IJsland nodig heeft om een paspoort of ID-kaart aa...,Zin van 24 woorden; boven de 20 wordt een zin lastig te volgen.,Knip de zin in tweeën.
0094_paspoort-id-kaart_buitenland_paspoort-ijsland.txt,https://www.nederlandwereldwijd.nl/paspoort-id-kaart/buitenland/paspoort-ijsland,Paspoort of ID-kaart aanvragen als u in IJsland woont | NederlandWereldwijd,59,lange-zin,advies,In het overzicht van de consulaire tarieven in Noorwegen ziet u wat een paspoort of ID-kaart kost en hoe u kunt betalen.,In het overzicht van de consulaire tarieven in Noorwegen ziet u wat een paspoort of ID-kaart kost en hoe u kunt betalen.,Zin van 22 woorden; boven de 20 wordt een zin lastig te volgen.,Knip de zin in tweeën.
0094_paspoort-id-kaart_buitenland_paspoort-ijsland.txt,https://www.nederlandwereldwijd.nl/paspoort-id-kaart/buitenland/paspoort-ijsland,Paspoort of ID-kaart aanvragen als u in IJsland woont | NederlandWereldwijd,73,lange-zin,advies,Op de pagina Hoelang duurt het om een Nederlands paspoort of ID-kaart aan te vragen in het buitenland leest u meer over ...,Op de pagina Hoelang duurt het om een Nederlands paspoort of ID-kaart aan te vragen in het buitenland leest u meer over ...,Zin van 29 woorden; boven de 20 wordt een zin lastig te volgen.,Knip de zin in tweeën.
0094_paspoort-id-kaart_buitenland_paspoort-ijsland.txt,https://www.nederlandwereldwijd.nl/paspoort-id-kaart/buitenland/paspoort-ijsland,Paspoort of ID-kaart aanvragen als u in IJsland woont | NederlandWereldwijd,77,lange-zin,advies,U kunt uw nieuwe paspoort of ID-kaart ophalen bij de ambassade in Oslo op maandag tot en met vrijdag van 10.00 – 14.00 u...,U kunt uw nieuwe paspoort of ID-kaart ophalen bij de ambassade in Oslo op maandag tot en met vrijdag van 10.00 – 14.00 u...,Zin van 24 woorden; boven de 20 wordt een zin lastig te volgen.,Knip de zin in tweeën.
0094_paspoort-id-kaart_buitenland_paspoort-ijsland.txt,https://www.nederlandwereldwijd.nl/paspoort-id-kaart/buitenland/paspoort-ijsland,Paspoort of ID-kaart aanvragen als u in IJsland woont | NederlandWereldwijd,90,lange-zin,advies,Bij paspoorten uitgegeven vanaf eind september 2024 staat de naam van de partner vaak op de achterkant van de titelpagin...,Bij paspoorten uitgegeven vanaf eind september 2024 staat de naam van de partner vaak op de achterkant van de titelpagin...,Zin van 26 woorden; boven de 20 wordt een zin lastig te volgen.,Knip de zin in tweeën.
0095_paspoort-id-kaart_buitenland_paspoort-india.txt,https://www.nederlandwereldwijd.nl/paspoort-id-kaart/buitenland/paspoort-india,Paspoort of ID-kaart aanvragen als u in India woont | NederlandWereldwijd,11,lange-zin,advies,In uw persoonlijke checklist (uit stap 1) ziet u dat u documenten uit India nodig heeft om een paspoort of ID-kaart aan ...,In uw persoonlijke checklist (uit stap 1) ziet u dat u documenten uit India nodig heeft om een paspoort of ID-kaart aan ...,Zin van 24 woorden; boven de 20 wordt een zin lastig te volgen.,Knip de zin in tweeën.
0095_paspoort-id-kaart_buitenland_paspoort-india.txt,https://www.nederlandwereldwijd.nl/paspoort-id-kaart/buitenland/paspoort-india,Paspoort of ID-kaart aanvragen als u in India woont | NederlandWereldwijd,68,lange-zin,advies,In het overzicht van de consulaire tarieven in India ziet u wat een paspoort of ID-kaart kost en hoe u kunt betalen.,In het overzicht van de consulaire tarieven in India ziet u wat een paspoort of ID-kaart kost en hoe u kunt betalen.,Zin van 22 woorden; boven de 20 wordt een zin lastig te volgen.,Knip de zin in tweeën.
0095_paspoort-id-kaart_buitenland_paspoort-india.txt,https://www.nederlandwereldwijd.nl/paspoort-id-kaart/buitenland/paspoort-india,Paspoort of ID-kaart aanvragen als u in India woont | NederlandWereldwijd,82,lange-zin,advies,Op de pagina Hoelang duurt het om een Nederlands paspoort of ID-kaart aan te vragen in het buitenland leest u meer over ...,Op de pagina Hoelang duurt het om een Nederlands paspoort of ID-kaart aan te vragen in het buitenland leest u meer over ...,Zin van 29 woorden; boven de 20 wordt een zin lastig te volgen.,Knip de zin in tweeën.
0095_paspoort-id-kaart_buitenland_paspoort-india.txt,https://www.nederlandwereldwijd.nl/paspoort-id-kaart/buitenland/paspoort-india,Paspoort of ID-kaart aanvragen als u in India woont | NederlandWereldwijd,107,lange-zin,advies,Bij paspoorten uitgegeven vanaf eind september 2024 staat de naam van de partner vaak op de achterkant van de titelpagin...,Bij paspoorten uitgegeven vanaf eind september 2024 staat de naam van de partner vaak op de achterkant van de titelpagin...,Zin van 26 woorden; boven de 20 wordt een zin lastig te volgen.,Knip de zin in tweeën.
0096_paspoort-id-kaart_buitenland_paspoort-indonesie.txt,https://www.nederlandwereldwijd.nl/paspoort-id-kaart/buitenland/paspoort-indonesie,Paspoort of ID-kaart aanvragen als u in Indonesië bent | NederlandWereldwijd,11,lange-zin,advies,In uw persoonlijke checklist (uit stap 1) ziet u dat u documenten uit Indonesië nodig heeft om een paspoort of ID-kaart ...,In uw persoonlijke checklist (uit stap 1) ziet u dat u documenten uit Indonesië nodig heeft om een paspoort of ID-kaart ...,Zin van 24 woorden; boven de 20 wordt een zin lastig te volgen.,Knip de zin in tweeën.
0096_paspoort-id-kaart_buitenland_paspoort-indonesie.txt,https://www.nederlandwereldwijd.nl/paspoort-id-kaart/buitenland/paspoort-indonesie,Paspoort of ID-kaart aanvragen als u in Indonesië bent | NederlandWereldwijd,72,lange-zin,advies,In het overzicht van de consulaire tarieven in Indonesië ziet u wat een paspoort of ID-kaart kost en hoe u kunt betalen.,In het overzicht van de consulaire tarieven in Indonesië ziet u wat een paspoort of ID-kaart kost en hoe u kunt betalen.,Zin van 22 woorden; boven de 20 wordt een zin lastig te volgen.,Knip de zin in tweeën.
0096_paspoort-id-kaart_buitenland_paspoort-indonesie.txt,https://www.nederlandwereldwijd.nl/paspoort-id-kaart/buitenland/paspoort-indonesie,Paspoort of ID-kaart aanvragen als u in Indonesië bent | NederlandWereldwijd,88,lange-zin,advies,Op de pagina Hoelang duurt het om een Nederlands paspoort of ID-kaart aan te vragen in het buitenland leest u meer over ...,Op de pagina Hoelang duurt het om een Nederlands paspoort of ID-kaart aan te vragen in het buitenland leest u meer over ...,Zin van 29 woorden; boven de 20 wordt een zin lastig te volgen.,Knip de zin in tweeën.
0096_paspoort-id-kaart_buitenland_paspoort-indonesie.txt,https://www.nederlandwereldwijd.nl/paspoort-id-kaart/buitenland/paspoort-indonesie,Paspoort of ID-kaart aanvragen als u in Indonesië bent | NederlandWereldwijd,92,lange-zin,advies,U kunt uw nieuwe paspoort of ID-kaart ophalen bij de ambassade in Jakarta op maandag tot en met vrijdag van 13.00 – 14.0...,U kunt uw nieuwe paspoort of ID-kaart ophalen bij de ambassade in Jakarta op maandag tot en met vrijdag van 13.00 – 14.0...,Zin van 24 woorden; boven de 20 wordt een zin lastig te volgen.,Knip de zin in tweeën.
0096_paspoort-id-kaart_buitenland_paspoort-indonesie.txt,https://www.nederlandwereldwijd.nl/paspoort-id-kaart/buitenland/paspoort-indonesie,Paspoort of ID-kaart aanvragen als u in Indonesië bent | NederlandWereldwijd,104,lange-zin,advies,Bij paspoorten uitgegeven vanaf eind september 2024 staat de naam van de partner vaak op de achterkant van de titelpagin...,Bij paspoorten uitgegeven vanaf eind september 2024 staat de naam van de partner vaak op de achterkant van de titelpagin...,Zin van 26 woorden; boven de 20 wordt een zin lastig te volgen.,Knip de zin in tweeën.
0097_paspoort-id-kaart_buitenland_paspoort-irak.txt,https://www.nederlandwereldwijd.nl/paspoort-id-kaart/buitenland/paspoort-irak,Paspoort of ID-kaart aanvragen als u in Irak woont | NederlandWereldwijd,11,lange-zin,advies,In uw persoonlijke checklist (uit stap 1) ziet u dat u documenten uit Irak nodig heeft om een paspoort of ID-kaart aan t...,In uw persoonlijke checklist (uit stap 1) ziet u dat u documenten uit Irak nodig heeft om een paspoort of ID-kaart aan t...,Zin van 24 woorden; boven de 20 wordt een zin lastig te volgen.,Knip de zin in tweeën.
0097_paspoort-id-kaart_buitenland_paspoort-irak.txt,https://www.nederlandwereldwijd.nl/paspoort-id-kaart/buitenland/paspoort-irak,Paspoort of ID-kaart aanvragen als u in Irak woont | NederlandWereldwijd,31,lange-zin,advies,"Dan kunt u een afspraak maken bij de Nederlandse ambassade in een ander land, bijvoorbeeld Turkije, Jordanië, de Verenig...","Dan kunt u een afspraak maken bij de Nederlandse ambassade in een ander land, bijvoorbeeld Turkije, Jordanië, de Verenig...",Zin van 24 woorden; boven de 20 wordt een zin lastig te volgen.,Knip de zin in tweeën.
0097_paspoort-id-kaart_buitenland_paspoort-irak.txt,https://www.nederlandwereldwijd.nl/paspoort-id-kaart/buitenland/paspoort-irak,Paspoort of ID-kaart aanvragen als u in Irak woont | NederlandWereldwijd,120,lange-zin,advies,Op de pagina Hoelang duurt het om een Nederlands paspoort of ID-kaart aan te vragen in het buitenland leest u meer over ...,Op de pagina Hoelang duurt het om een Nederlands paspoort of ID-kaart aan te vragen in het buitenland leest u meer over ...,Zin van 29 woorden; boven de 20 wordt een zin lastig te volgen.,Knip de zin in tweeën.
0097_paspoort-id-kaart_buitenland_paspoort-irak.txt,https://www.nederlandwereldwijd.nl/paspoort-id-kaart/buitenland/paspoort-irak,Paspoort of ID-kaart aanvragen als u in Irak woont | NederlandWereldwijd,131,lange-zin,advies,U kunt uw nieuwe paspoort of ID-kaart ophalen bij de ambassade in Amman op zondag tot en met donderdag van 11.00 – 12.00...,U kunt uw nieuwe paspoort of ID-kaart ophalen bij de ambassade in Amman op zondag tot en met donderdag van 11.00 – 12.00...,Zin van 24 woorden; boven de 20 wordt een zin lastig te volgen.,Knip de zin in tweeën.
0097_paspoort-id-kaart_buitenland_paspoort-irak.txt,https://www.nederlandwereldwijd.nl/paspoort-id-kaart/buitenland/paspoort-irak,Paspoort of ID-kaart aanvragen als u in Irak woont | NederlandWereldwijd,161,lange-zin,advies,Bij paspoorten uitgegeven vanaf eind september 2024 staat de naam van de partner vaak op de achterkant van de titelpagin...,Bij paspoorten uitgegeven vanaf eind september 2024 staat de naam van de partner vaak op de achterkant van de titelpagin...,Zin van 26 woorden; boven de 20 wordt een zin lastig te volgen.,Knip de zin in tweeën.
0098_paspoort-id-kaart_buitenland_paspoort-iran.txt,https://www.nederlandwereldwijd.nl/paspoort-id-kaart/buitenland/paspoort-iran,Paspoort of ID-kaart aanvragen als u in Iran woont | NederlandWereldwijd,11,lange-zin,advies,In uw persoonlijke checklist (uit stap 1) ziet u dat u documenten uit Iran nodig heeft om een paspoort of ID-kaart aan t...,In uw persoonlijke checklist (uit stap 1) ziet u dat u documenten uit Iran nodig heeft om een paspoort of ID-kaart aan t...,Zin van 24 woorden; boven de 20 wordt een zin lastig te volgen.,Knip de zin in tweeën.
0098_paspoort-id-kaart_buitenland_paspoort-iran.txt,https://www.nederlandwereldwijd.nl/paspoort-id-kaart/buitenland/paspoort-iran,Paspoort of ID-kaart aanvragen als u in Iran woont | NederlandWereldwijd,69,lange-zin,advies,In het overzicht van de consulaire tarieven in Iran ziet u wat een paspoort of ID-kaart kost en hoe u kunt betalen.,In het overzicht van de consulaire tarieven in Iran ziet u wat een paspoort of ID-kaart kost en hoe u kunt betalen.,Zin van 22 woorden; boven de 20 wordt een zin lastig te volgen.,Knip de zin in tweeën.
0098_paspoort-id-kaart_buitenland_paspoort-iran.txt,https://www.nederlandwereldwijd.nl/paspoort-id-kaart/buitenland/paspoort-iran,Paspoort of ID-kaart aanvragen als u in Iran woont | NederlandWereldwijd,83,lange-zin,advies,Op de pagina Hoelang duurt het om een Nederlands paspoort of ID-kaart aan te vragen in het buitenland leest u meer over ...,Op de pagina Hoelang duurt het om een Nederlands paspoort of ID-kaart aan te vragen in het buitenland leest u meer over ...,Zin van 29 woorden; boven de 20 wordt een zin lastig te volgen.,Knip de zin in tweeën.
0098_paspoort-id-kaart_buitenland_paspoort-iran.txt,https://www.nederlandwereldwijd.nl/paspoort-id-kaart/buitenland/paspoort-iran,Paspoort of ID-kaart aanvragen als u in Iran woont | NederlandWereldwijd,101,lange-zin,advies,Bij paspoorten uitgegeven vanaf eind september 2024 staat de naam van de partner vaak op de achterkant van de titelpagin...,Bij paspoorten uitgegeven vanaf eind september 2024 staat de naam van de partner vaak op de achterkant van de titelpagin...,Zin van 26 woorden; boven de 20 wordt een zin lastig te volgen.,Knip de zin in tweeën.
0099_paspoort-id-kaart_buitenland_paspoort-israel.txt,https://www.nederlandwereldwijd.nl/paspoort-id-kaart/buitenland/paspoort-israel,Paspoort of ID-kaart aanvragen als u in Israël woont | NederlandWereldwijd,12,lange-zin,advies,In uw persoonlijke checklist (uit stap 1) ziet u dat u documenten uit Israël nodig heeft om een paspoort of ID-kaart aan...,In uw persoonlijke checklist (uit stap 1) ziet u dat u documenten uit Israël nodig heeft om een paspoort of ID-kaart aan...,Zin van 24 woorden; boven de 20 wordt een zin lastig te volgen.,Knip de zin in tweeën.
0099_paspoort-id-kaart_buitenland_paspoort-israel.txt,https://www.nederlandwereldwijd.nl/paspoort-id-kaart/buitenland/paspoort-israel,Paspoort of ID-kaart aanvragen als u in Israël woont | NederlandWereldwijd,18,schrijfwijze,hoog,ID kaart,Staat uw status niet op uw Israëlische ID kaart vermeld?,Afwijkende schrijfwijze van een term die elders op de site anders wordt geschreven.,Schrijf 'ID-kaart'.
0099_paspoort-id-kaart_buitenland_paspoort-israel.txt,https://www.nederlandwereldwijd.nl/paspoort-id-kaart/buitenland/paspoort-israel,Paspoort of ID-kaart aanvragen als u in Israël woont | NederlandWereldwijd,61,lange-zin,advies,In het overzicht van de consulaire tarieven in Israël ziet u wat een paspoort of ID-kaart kost en hoe u kunt betalen.,In het overzicht van de consulaire tarieven in Israël ziet u wat een paspoort of ID-kaart kost en hoe u kunt betalen.,Zin van 22 woorden; boven de 20 wordt een zin lastig te volgen.,Knip de zin in tweeën.
0099_paspoort-id-kaart_buitenland_paspoort-israel.txt,https://www.nederlandwereldwijd.nl/paspoort-id-kaart/buitenland/paspoort-israel,Paspoort of ID-kaart aanvragen als u in Israël woont | NederlandWereldwijd,74,lange-zin,advies,Op de pagina Hoelang duurt het om een Nederlands paspoort of ID-kaart aan te vragen in het buitenland leest u meer over ...,Op de pagina Hoelang duurt het om een Nederlands paspoort of ID-kaart aan te vragen in het buitenland leest u meer over ...,Zin van 29 woorden; boven de 20 wordt een zin lastig te volgen.,Knip de zin in tweeën.
0099_paspoort-id-kaart_buitenland_paspoort-israel.txt,https://www.nederlandwereldwijd.nl/paspoort-id-kaart/buitenland/paspoort-israel,Paspoort of ID-kaart aanvragen als u in Israël woont | NederlandWereldwijd,91,lange-zin,advies,Bij paspoorten uitgegeven vanaf eind september 2024 staat de naam van de partner vaak op de achterkant van de titelpagin...,Bij paspoorten uitgegeven vanaf eind september 2024 staat de naam van de partner vaak op de achterkant van de titelpagin...,Zin van 26 woorden; boven de 20 wordt een zin lastig te volgen.,Knip de zin in tweeën.
0100_paspoort-id-kaart_buitenland_paspoort-italie.txt,https://www.nederlandwereldwijd.nl/paspoort-id-kaart/buitenland/paspoort-italie,Paspoort of ID-kaart aanvragen als u in Italië woont | NederlandWereldwijd,12,lange-zin,advies,In uw persoonlijke checklist (uit stap 1) ziet u dat u documenten uit Italië nodig heeft om een paspoort of ID-kaart aan...,In uw persoonlijke checklist (uit stap 1) ziet u dat u documenten uit Italië nodig heeft om een paspoort of ID-kaart aan...,Zin van 24 woorden; boven de 20 wordt een zin lastig te volgen.,Knip de zin in tweeën.
0100_paspoort-id-kaart_buitenland_paspoort-italie.txt,https://www.nederlandwereldwijd.nl/paspoort-id-kaart/buitenland/paspoort-italie,Paspoort of ID-kaart aanvragen als u in Italië woont | NederlandWereldwijd,29,lange-zin,advies,In het Italiaans is een meertalig uittreksel van de geboorteakte een estratto dell’ atto di nascita con le generalità de...,In het Italiaans is een meertalig uittreksel van de geboorteakte een estratto dell’ atto di nascita con le generalità de...,Zin van 22 woorden; boven de 20 wordt een zin lastig te volgen.,Knip de zin in tweeën.
0100_paspoort-id-kaart_buitenland_paspoort-italie.txt,https://www.nederlandwereldwijd.nl/paspoort-id-kaart/buitenland/paspoort-italie,Paspoort of ID-kaart aanvragen als u in Italië woont | NederlandWereldwijd,61,lange-zin,advies,"Let op: Als er genoeg plekken beschikbaar zijn, kunt u mogelijk ook een afspraak krijgen als u niet aan deze voorwaarden...","Let op: Als er genoeg plekken beschikbaar zijn, kunt u mogelijk ook een afspraak krijgen als u niet aan deze voorwaarden...",Zin van 22 woorden; boven de 20 wordt een zin lastig te volgen.,Knip de zin in tweeën.
0100_paspoort-id-kaart_buitenland_paspoort-italie.txt,https://www.nederlandwereldwijd.nl/paspoort-id-kaart/buitenland/paspoort-italie,Paspoort of ID-kaart aanvragen als u in Italië woont | NederlandWereldwijd,63,lange-zin,advies,U kunt een afspraak aanvragen tussen 7 september 2026 vanaf 9.00 uur en 11 september 2026 tot en met 17.00 uur.,U kunt een afspraak aanvragen tussen 7 september 2026 vanaf 9.00 uur en 11 september 2026 tot en met 17.00 uur.,Zin van 21 woorden; boven de 20 wordt een zin lastig te volgen.,Knip de zin in tweeën.
0100_paspoort-id-kaart_buitenland_paspoort-italie.txt,https://www.nederlandwereldwijd.nl/paspoort-id-kaart/buitenland/paspoort-italie,Paspoort of ID-kaart aanvragen als u in Italië woont | NederlandWereldwijd,65,lange-zin,advies,"Vermeld in de e-mail: uw volledige naam, geboortedatum, woonplaats en welke van de bovenstaande criteria op uw situatie ...","Vermeld in de e-mail: uw volledige naam, geboortedatum, woonplaats en welke van de bovenstaande criteria op uw situatie ...",Zin van 21 woorden; boven de 20 wordt een zin lastig te volgen.,Knip de zin in tweeën.
0100_paspoort-id-kaart_buitenland_paspoort-italie.txt,https://www.nederlandwereldwijd.nl/paspoort-id-kaart/buitenland/paspoort-italie,Paspoort of ID-kaart aanvragen als u in Italië woont | NederlandWereldwijd,114,lange-zin,advies,In het overzicht van de consulaire tarieven in Italië ziet u wat een paspoort of ID-kaart kost en hoe u kunt betalen.,In het overzicht van de consulaire tarieven in Italië ziet u wat een paspoort of ID-kaart kost en hoe u kunt betalen.,Zin van 22 woorden; boven de 20 wordt een zin lastig te volgen.,Knip de zin in tweeën.
0100_paspoort-id-kaart_buitenland_paspoort-italie.txt,https://www.nederlandwereldwijd.nl/paspoort-id-kaart/buitenland/paspoort-italie,Paspoort of ID-kaart aanvragen als u in Italië woont | NederlandWereldwijd,128,lange-zin,advies,Op de pagina Hoelang duurt het om een Nederlands paspoort of ID-kaart aan te vragen in het buitenland leest u meer over ...,Op de pagina Hoelang duurt het om een Nederlands paspoort of ID-kaart aan te vragen in het buitenland leest u meer over ...,Zin van 29 woorden; boven de 20 wordt een zin lastig te volgen.,Knip de zin in tweeën.
0100_paspoort-id-kaart_buitenland_paspoort-italie.txt,https://www.nederlandwereldwijd.nl/paspoort-id-kaart/buitenland/paspoort-italie,Paspoort of ID-kaart aanvragen als u in Italië woont | NederlandWereldwijd,148,lange-zin,advies,Bij paspoorten uitgegeven vanaf eind september 2024 staat de naam van de partner vaak op de achterkant van de titelpagin...,Bij paspoorten uitgegeven vanaf eind september 2024 staat de naam van de partner vaak op de achterkant van de titelpagin...,Zin van 26 woorden; boven de 20 wordt een zin lastig te volgen.,Knip de zin in tweeën.
0101_paspoort-id-kaart_buitenland_paspoort-ivoorkust.txt,https://www.nederlandwereldwijd.nl/paspoort-id-kaart/buitenland/paspoort-ivoorkust,Paspoort of ID-kaart aanvragen als u in Ivoorkust woont | NederlandWereldwijd,11,lange-zin,advies,In uw persoonlijke checklist (uit stap 1) ziet u dat u documenten uit Ivoorkust nodig heeft om een paspoort of ID-kaart ...,In uw persoonlijke checklist (uit stap 1) ziet u dat u documenten uit Ivoorkust nodig heeft om een paspoort of ID-kaart ...,Zin van 24 woorden; boven de 20 wordt een zin lastig te volgen.,Knip de zin in tweeën.
0101_paspoort-id-kaart_buitenland_paspoort-ivoorkust.txt,https://www.nederlandwereldwijd.nl/paspoort-id-kaart/buitenland/paspoort-ivoorkust,Paspoort of ID-kaart aanvragen als u in Ivoorkust woont | NederlandWereldwijd,74,lange-zin,advies,Op de pagina Hoelang duurt het om een Nederlands paspoort of ID-kaart aan te vragen in het buitenland leest u meer over ...,Op de pagina Hoelang duurt het om een Nederlands paspoort of ID-kaart aan te vragen in het buitenland leest u meer over ...,Zin van 29 woorden; boven de 20 wordt een zin lastig te volgen.,Knip de zin in tweeën.
0101_paspoort-id-kaart_buitenland_paspoort-ivoorkust.txt,https://www.nederlandwereldwijd.nl/paspoort-id-kaart/buitenland/paspoort-ivoorkust,Paspoort of ID-kaart aanvragen als u in Ivoorkust woont | NederlandWereldwijd,94,lange-zin,advies,Bij paspoorten uitgegeven vanaf eind september 2024 staat de naam van de partner vaak op de achterkant van de titelpagin...,Bij paspoorten uitgegeven vanaf eind september 2024 staat de naam van de partner vaak op de achterkant van de titelpagin...,Zin van 26 woorden; boven de 20 wordt een zin lastig te volgen.,Knip de zin in tweeën.
0102_paspoort-id-kaart_buitenland_paspoort-jamaica.txt,https://www.nederlandwereldwijd.nl/paspoort-id-kaart/buitenland/paspoort-jamaica,Paspoort of ID-kaart aanvragen als u in Jamaica woont | NederlandWereldwijd,11,lange-zin,advies,In uw persoonlijke checklist (uit stap 1) ziet u dat u documenten uit Jamaica nodig heeft om een paspoort of ID-kaart aa...,In uw persoonlijke checklist (uit stap 1) ziet u dat u documenten uit Jamaica nodig heeft om een paspoort of ID-kaart aa...,Zin van 24 woorden; boven de 20 wordt een zin lastig te volgen.,Knip de zin in tweeën.
0102_paspoort-id-kaart_buitenland_paspoort-jamaica.txt,https://www.nederlandwereldwijd.nl/paspoort-id-kaart/buitenland/paspoort-jamaica,Paspoort of ID-kaart aanvragen als u in Jamaica woont | NederlandWereldwijd,73,lange-zin,advies,Op de pagina Hoelang duurt het om een Nederlands paspoort of ID-kaart aan te vragen in het buitenland leest u meer over ...,Op de pagina Hoelang duurt het om een Nederlands paspoort of ID-kaart aan te vragen in het buitenland leest u meer over ...,Zin van 29 woorden; boven de 20 wordt een zin lastig te volgen.,Knip de zin in tweeën.
0102_paspoort-id-kaart_buitenland_paspoort-jamaica.txt,https://www.nederlandwereldwijd.nl/paspoort-id-kaart/buitenland/paspoort-jamaica,Paspoort of ID-kaart aanvragen als u in Jamaica woont | NederlandWereldwijd,91,lange-zin,advies,Bij paspoorten uitgegeven vanaf eind september 2024 staat de naam van de partner vaak op de achterkant van de titelpagin...,Bij paspoorten uitgegeven vanaf eind september 2024 staat de naam van de partner vaak op de achterkant van de titelpagin...,Zin van 26 woorden; boven de 20 wordt een zin lastig te volgen.,Knip de zin in tweeën.
0103_paspoort-id-kaart_buitenland_paspoort-japan.txt,https://www.nederlandwereldwijd.nl/paspoort-id-kaart/buitenland/paspoort-japan,Paspoort of ID-kaart aanvragen als u in Japan woont | NederlandWereldwijd,11,lange-zin,advies,In uw persoonlijke checklist (uit stap 1) ziet u dat u documenten uit Japan nodig heeft om een paspoort of ID-kaart aan ...,In uw persoonlijke checklist (uit stap 1) ziet u dat u documenten uit Japan nodig heeft om een paspoort of ID-kaart aan ...,Zin van 24 woorden; boven de 20 wordt een zin lastig te volgen.,Knip de zin in tweeën.
0103_paspoort-id-kaart_buitenland_paspoort-japan.txt,https://www.nederlandwereldwijd.nl/paspoort-id-kaart/buitenland/paspoort-japan,Paspoort of ID-kaart aanvragen als u in Japan woont | NederlandWereldwijd,59,lange-zin,advies,In het overzicht van de consulaire tarieven in Japan ziet u wat een paspoort of ID-kaart kost en hoe u kunt betalen.,In het overzicht van de consulaire tarieven in Japan ziet u wat een paspoort of ID-kaart kost en hoe u kunt betalen.,Zin van 22 woorden; boven de 20 wordt een zin lastig te volgen.,Knip de zin in tweeën.
0103_paspoort-id-kaart_buitenland_paspoort-japan.txt,https://www.nederlandwereldwijd.nl/paspoort-id-kaart/buitenland/paspoort-japan,Paspoort of ID-kaart aanvragen als u in Japan woont | NederlandWereldwijd,73,lange-zin,advies,Op de pagina Hoelang duurt het om een Nederlands paspoort of ID-kaart aan te vragen in het buitenland leest u meer over ...,Op de pagina Hoelang duurt het om een Nederlands paspoort of ID-kaart aan te vragen in het buitenland leest u meer over ...,Zin van 29 woorden; boven de 20 wordt een zin lastig te volgen.,Knip de zin in tweeën.
0103_paspoort-id-kaart_buitenland_paspoort-japan.txt,https://www.nederlandwereldwijd.nl/paspoort-id-kaart/buitenland/paspoort-japan,Paspoort of ID-kaart aanvragen als u in Japan woont | NederlandWereldwijd,90,lange-zin,advies,Bij paspoorten uitgegeven vanaf eind september 2024 staat de naam van de partner vaak op de achterkant van de titelpagin...,Bij paspoorten uitgegeven vanaf eind september 2024 staat de naam van de partner vaak op de achterkant van de titelpagin...,Zin van 26 woorden; boven de 20 wordt een zin lastig te volgen.,Knip de zin in tweeën.
0105_paspoort-id-kaart_buitenland_paspoort-jordanie.txt,https://www.nederlandwereldwijd.nl/paspoort-id-kaart/buitenland/paspoort-jordanie,Paspoort of ID-kaart aanvragen als u in Jordanië woont | NederlandWereldwijd,11,lange-zin,advies,In uw persoonlijke checklist (uit stap 1) ziet u dat u documenten uit Jordanië nodig heeft om een paspoort of ID-kaart a...,In uw persoonlijke checklist (uit stap 1) ziet u dat u documenten uit Jordanië nodig heeft om een paspoort of ID-kaart a...,Zin van 24 woorden; boven de 20 wordt een zin lastig te volgen.,Knip de zin in tweeën.
0105_paspoort-id-kaart_buitenland_paspoort-jordanie.txt,https://www.nederlandwereldwijd.nl/paspoort-id-kaart/buitenland/paspoort-jordanie,Paspoort of ID-kaart aanvragen als u in Jordanië woont | NederlandWereldwijd,64,lange-zin,advies,In het overzicht van de consulaire tarieven in Jordanië ziet u wat een paspoort of ID-kaart kost en hoe u kunt betalen.,In het overzicht van de consulaire tarieven in Jordanië ziet u wat een paspoort of ID-kaart kost en hoe u kunt betalen.,Zin van 22 woorden; boven de 20 wordt een zin lastig te volgen.,Knip de zin in tweeën.
0105_paspoort-id-kaart_buitenland_paspoort-jordanie.txt,https://www.nederlandwereldwijd.nl/paspoort-id-kaart/buitenland/paspoort-jordanie,Paspoort of ID-kaart aanvragen als u in Jordanië woont | NederlandWereldwijd,78,lange-zin,advies,Op de pagina Hoelang duurt het om een Nederlands paspoort of ID-kaart aan te vragen in het buitenland leest u meer over ...,Op de pagina Hoelang duurt het om een Nederlands paspoort of ID-kaart aan te vragen in het buitenland leest u meer over ...,Zin van 29 woorden; boven de 20 wordt een zin lastig te volgen.,Knip de zin in tweeën.
0105_paspoort-id-kaart_buitenland_paspoort-jordanie.txt,https://www.nederlandwereldwijd.nl/paspoort-id-kaart/buitenland/paspoort-jordanie,Paspoort of ID-kaart aanvragen als u in Jordanië woont | NederlandWereldwijd,83,lange-zin,advies,U kunt uw nieuwe paspoort of ID-kaart ophalen bij de ambassade in Amman op zondag tot en met donderdag van 11.00 – 12.00...,U kunt uw nieuwe paspoort of ID-kaart ophalen bij de ambassade in Amman op zondag tot en met donderdag van 11.00 – 12.00...,Zin van 24 woorden; boven de 20 wordt een zin lastig te volgen.,Knip de zin in tweeën.
0105_paspoort-id-kaart_buitenland_paspoort-jordanie.txt,https://www.nederlandwereldwijd.nl/paspoort-id-kaart/buitenland/paspoort-jordanie,Paspoort of ID-kaart aanvragen als u in Jordanië woont | NederlandWereldwijd,94,lange-zin,advies,Bij paspoorten uitgegeven vanaf eind september 2024 staat de naam van de partner vaak op de achterkant van de titelpagin...,Bij paspoorten uitgegeven vanaf eind september 2024 staat de naam van de partner vaak op de achterkant van de titelpagin...,Zin van 26 woorden; boven de 20 wordt een zin lastig te volgen.,Knip de zin in tweeën.
0106_paspoort-id-kaart_buitenland_paspoort-kaaimaneilanden.txt,https://www.nederlandwereldwijd.nl/paspoort-id-kaart/buitenland/paspoort-kaaimaneilanden,Paspoort of ID-kaart aanvragen als u op de Kaaimaneilanden woont | NederlandWereldwijd,11,lange-zin,advies,In uw persoonlijke checklist (uit stap 1) ziet u dat u documenten uit de Kaaimaneilanden nodig heeft om een paspoort of ...,In uw persoonlijke checklist (uit stap 1) ziet u dat u documenten uit de Kaaimaneilanden nodig heeft om een paspoort of ...,Zin van 25 woorden; boven de 20 wordt een zin lastig te volgen.,Knip de zin in tweeën.
0106_paspoort-id-kaart_buitenland_paspoort-kaaimaneilanden.txt,https://www.nederlandwereldwijd.nl/paspoort-id-kaart/buitenland/paspoort-kaaimaneilanden,Paspoort of ID-kaart aanvragen als u op de Kaaimaneilanden woont | NederlandWereldwijd,73,lange-zin,advies,Op de pagina Hoelang duurt het om een Nederlands paspoort of ID-kaart aan te vragen in het buitenland leest u meer over ...,Op de pagina Hoelang duurt het om een Nederlands paspoort of ID-kaart aan te vragen in het buitenland leest u meer over ...,Zin van 29 woorden; boven de 20 wordt een zin lastig te volgen.,Knip de zin in tweeën.
0106_paspoort-id-kaart_buitenland_paspoort-kaaimaneilanden.txt,https://www.nederlandwereldwijd.nl/paspoort-id-kaart/buitenland/paspoort-kaaimaneilanden,Paspoort of ID-kaart aanvragen als u op de Kaaimaneilanden woont | NederlandWereldwijd,94,lange-zin,advies,Bij paspoorten uitgegeven vanaf eind september 2024 staat de naam van de partner vaak op de achterkant van de titelpagin...,Bij paspoorten uitgegeven vanaf eind september 2024 staat de naam van de partner vaak op de achterkant van de titelpagin...,Zin van 26 woorden; boven de 20 wordt een zin lastig te volgen.,Knip de zin in tweeën.
0107_paspoort-id-kaart_buitenland_paspoort-kaapverdie.txt,https://www.nederlandwereldwijd.nl/paspoort-id-kaart/buitenland/paspoort-kaapverdie,Paspoort of ID-kaart aanvragen als u in Kaapverdië woont | NederlandWereldwijd,11,lange-zin,advies,In uw persoonlijke checklist (uit stap 1) ziet u dat u documenten uit Kaapverdië nodig heeft om een paspoort of ID-kaart...,In uw persoonlijke checklist (uit stap 1) ziet u dat u documenten uit Kaapverdië nodig heeft om een paspoort of ID-kaart...,Zin van 24 woorden; boven de 20 wordt een zin lastig te volgen.,Knip de zin in tweeën.
0107_paspoort-id-kaart_buitenland_paspoort-kaapverdie.txt,https://www.nederlandwereldwijd.nl/paspoort-id-kaart/buitenland/paspoort-kaapverdie,Paspoort of ID-kaart aanvragen als u in Kaapverdië woont | NederlandWereldwijd,74,lange-zin,advies,Op de pagina Hoelang duurt het om een Nederlands paspoort of ID-kaart aan te vragen in het buitenland leest u meer over ...,Op de pagina Hoelang duurt het om een Nederlands paspoort of ID-kaart aan te vragen in het buitenland leest u meer over ...,Zin van 29 woorden; boven de 20 wordt een zin lastig te volgen.,Knip de zin in tweeën.
0107_paspoort-id-kaart_buitenland_paspoort-kaapverdie.txt,https://www.nederlandwereldwijd.nl/paspoort-id-kaart/buitenland/paspoort-kaapverdie,Paspoort of ID-kaart aanvragen als u in Kaapverdië woont | NederlandWereldwijd,93,lange-zin,advies,Bij paspoorten uitgegeven vanaf eind september 2024 staat de naam van de partner vaak op de achterkant van de titelpagin...,Bij paspoorten uitgegeven vanaf eind september 2024 staat de naam van de partner vaak op de achterkant van de titelpagin...,Zin van 26 woorden; boven de 20 wordt een zin lastig te volgen.,Knip de zin in tweeën.
0108_paspoort-id-kaart_buitenland_paspoort-kameroen.txt,https://www.nederlandwereldwijd.nl/paspoort-id-kaart/buitenland/paspoort-kameroen,Paspoort of ID-kaart aanvragen als u in Kameroen woont | NederlandWereldwijd,11,lange-zin,advies,In uw persoonlijke checklist (uit stap 1) ziet u dat u documenten uit Kameroen nodig heeft om een paspoort of ID-kaart a...,In uw persoonlijke checklist (uit stap 1) ziet u dat u documenten uit Kameroen nodig heeft om een paspoort of ID-kaart a...,Zin van 24 woorden; boven de 20 wordt een zin lastig te volgen.,Knip de zin in tweeën.
0108_paspoort-id-kaart_buitenland_paspoort-kameroen.txt,https://www.nederlandwereldwijd.nl/paspoort-id-kaart/buitenland/paspoort-kameroen,Paspoort of ID-kaart aanvragen als u in Kameroen woont | NederlandWereldwijd,74,lange-zin,advies,Op de pagina Hoelang duurt het om een Nederlands paspoort of ID-kaart aan te vragen in het buitenland leest u meer over ...,Op de pagina Hoelang duurt het om een Nederlands paspoort of ID-kaart aan te vragen in het buitenland leest u meer over ...,Zin van 29 woorden; boven de 20 wordt een zin lastig te volgen.,Knip de zin in tweeën.
0108_paspoort-id-kaart_buitenland_paspoort-kameroen.txt,https://www.nederlandwereldwijd.nl/paspoort-id-kaart/buitenland/paspoort-kameroen,Paspoort of ID-kaart aanvragen als u in Kameroen woont | NederlandWereldwijd,94,lange-zin,advies,Bij paspoorten uitgegeven vanaf eind september 2024 staat de naam van de partner vaak op de achterkant van de titelpagin...,Bij paspoorten uitgegeven vanaf eind september 2024 staat de naam van de partner vaak op de achterkant van de titelpagin...,Zin van 26 woorden; boven de 20 wordt een zin lastig te volgen.,Knip de zin in tweeën.
0109_paspoort-id-kaart_buitenland_paspoort-kazachstan.txt,https://www.nederlandwereldwijd.nl/paspoort-id-kaart/buitenland/paspoort-kazachstan,Paspoort of ID-kaart aanvragen als u in Kazachstan woont | NederlandWereldwijd,11,lange-zin,advies,In uw persoonlijke checklist (uit stap 1) ziet u dat u documenten uit Kazachstan nodig heeft om een paspoort of ID-kaart...,In uw persoonlijke checklist (uit stap 1) ziet u dat u documenten uit Kazachstan nodig heeft om een paspoort of ID-kaart...,Zin van 24 woorden; boven de 20 wordt een zin lastig te volgen.,Knip de zin in tweeën.
0109_paspoort-id-kaart_buitenland_paspoort-kazachstan.txt,https://www.nederlandwereldwijd.nl/paspoort-id-kaart/buitenland/paspoort-kazachstan,Paspoort of ID-kaart aanvragen als u in Kazachstan woont | NederlandWereldwijd,72,lange-zin,advies,In het overzicht van de consulaire tarieven in Rusland of de consulaire tarieven in Georgië ziet u wat een paspoort of I...,In het overzicht van de consulaire tarieven in Rusland of de consulaire tarieven in Georgië ziet u wat een paspoort of I...,Zin van 28 woorden; boven de 20 wordt een zin lastig te volgen.,Knip de zin in tweeën.
0109_paspoort-id-kaart_buitenland_paspoort-kazachstan.txt,https://www.nederlandwereldwijd.nl/paspoort-id-kaart/buitenland/paspoort-kazachstan,Paspoort of ID-kaart aanvragen als u in Kazachstan woont | NederlandWereldwijd,86,lange-zin,advies,Op de pagina Hoelang duurt het om een Nederlands paspoort of ID-kaart aan te vragen in het buitenland leest u meer over ...,Op de pagina Hoelang duurt het om een Nederlands paspoort of ID-kaart aan te vragen in het buitenland leest u meer over ...,Zin van 29 woorden; boven de 20 wordt een zin lastig te volgen.,Knip de zin in tweeën.
0109_paspoort-id-kaart_buitenland_paspoort-kazachstan.txt,https://www.nederlandwereldwijd.nl/paspoort-id-kaart/buitenland/paspoort-kazachstan,Paspoort of ID-kaart aanvragen als u in Kazachstan woont | NederlandWereldwijd,115,lange-zin,advies,Bij paspoorten uitgegeven vanaf eind september 2024 staat de naam van de partner vaak op de achterkant van de titelpagin...,Bij paspoorten uitgegeven vanaf eind september 2024 staat de naam van de partner vaak op de achterkant van de titelpagin...,Zin van 26 woorden; boven de 20 wordt een zin lastig te volgen.,Knip de zin in tweeën.
0110_paspoort-id-kaart_buitenland_paspoort-kenia.txt,https://www.nederlandwereldwijd.nl/paspoort-id-kaart/buitenland/paspoort-kenia,Paspoort of ID-kaart aanvragen als u in Kenia woont | NederlandWereldwijd,11,lange-zin,advies,In uw persoonlijke checklist (uit stap 1) ziet u dat u documenten uit Kenia nodig heeft om een paspoort of ID-kaart aan ...,In uw persoonlijke checklist (uit stap 1) ziet u dat u documenten uit Kenia nodig heeft om een paspoort of ID-kaart aan ...,Zin van 24 woorden; boven de 20 wordt een zin lastig te volgen.,Knip de zin in tweeën.
0110_paspoort-id-kaart_buitenland_paspoort-kenia.txt,https://www.nederlandwereldwijd.nl/paspoort-id-kaart/buitenland/paspoort-kenia,Paspoort of ID-kaart aanvragen als u in Kenia woont | NederlandWereldwijd,33,lijdende-vorm,advies,worden geaccepteerd,Alleen documenten die zijn uitgegeven door de Somalische autoriteiten in Somalië of Somaliland worden geaccepteerd.,Lijdende vorm: de lezer ziet niet wie er iets doet.,"Schrijf actief, bijvoorbeeld 'wij sturen' of 'u ontvangt'."
0110_paspoort-id-kaart_buitenland_paspoort-kenia.txt,https://www.nederlandwereldwijd.nl/paspoort-id-kaart/buitenland/paspoort-kenia,Paspoort of ID-kaart aanvragen als u in Kenia woont | NederlandWereldwijd,82,lange-zin,advies,Op de pagina Hoelang duurt het om een Nederlands paspoort of ID-kaart aan te vragen in het buitenland leest u meer over ...,Op de pagina Hoelang duurt het om een Nederlands paspoort of ID-kaart aan te vragen in het buitenland leest u meer over ...,Zin van 29 woorden; boven de 20 wordt een zin lastig te volgen.,Knip de zin in tweeën.
0110_paspoort-id-kaart_buitenland_paspoort-kenia.txt,https://www.nederlandwereldwijd.nl/paspoort-id-kaart/buitenland/paspoort-kenia,Paspoort of ID-kaart aanvragen als u in Kenia woont | NederlandWereldwijd,86,lange-zin,advies,U krijgt een e-mail van de ambassade in Nairobi met de datum en tijd waarop u uw paspoort of ID-kaart kunt ophalen.,U krijgt een e-mail van de ambassade in Nairobi met de datum en tijd waarop u uw paspoort of ID-kaart kunt ophalen.,Zin van 22 woorden; boven de 20 wordt een zin lastig te volgen.,Knip de zin in tweeën.
0110_paspoort-id-kaart_buitenland_paspoort-kenia.txt,https://www.nederlandwereldwijd.nl/paspoort-id-kaart/buitenland/paspoort-kenia,Paspoort of ID-kaart aanvragen als u in Kenia woont | NederlandWereldwijd,96,lange-zin,advies,Bij paspoorten uitgegeven vanaf eind september 2024 staat de naam van de partner vaak op de achterkant van de titelpagin...,Bij paspoorten uitgegeven vanaf eind september 2024 staat de naam van de partner vaak op de achterkant van de titelpagin...,Zin van 26 woorden; boven de 20 wordt een zin lastig te volgen.,Knip de zin in tweeën.
0111_paspoort-id-kaart_buitenland_paspoort-kirgizie.txt,https://www.nederlandwereldwijd.nl/paspoort-id-kaart/buitenland/paspoort-kirgizie,Paspoort of ID-kaart aanvragen als u in Kirgizië woont | NederlandWereldwijd,11,lange-zin,advies,In uw persoonlijke checklist (uit stap 1) ziet u dat u documenten uit Kirgizië nodig heeft om een paspoort of ID-kaart a...,In uw persoonlijke checklist (uit stap 1) ziet u dat u documenten uit Kirgizië nodig heeft om een paspoort of ID-kaart a...,Zin van 24 woorden; boven de 20 wordt een zin lastig te volgen.,Knip de zin in tweeën.
0111_paspoort-id-kaart_buitenland_paspoort-kirgizie.txt,https://www.nederlandwereldwijd.nl/paspoort-id-kaart/buitenland/paspoort-kirgizie,Paspoort of ID-kaart aanvragen als u in Kirgizië woont | NederlandWereldwijd,72,lange-zin,advies,In het overzicht van de consulaire tarieven in Rusland of de consulaire tarieven in Georgië ziet u wat een paspoort of I...,In het overzicht van de consulaire tarieven in Rusland of de consulaire tarieven in Georgië ziet u wat een paspoort of I...,Zin van 28 woorden; boven de 20 wordt een zin lastig te volgen.,Knip de zin in tweeën.
0111_paspoort-id-kaart_buitenland_paspoort-kirgizie.txt,https://www.nederlandwereldwijd.nl/paspoort-id-kaart/buitenland/paspoort-kirgizie,Paspoort of ID-kaart aanvragen als u in Kirgizië woont | NederlandWereldwijd,86,lange-zin,advies,Op de pagina Hoelang duurt het om een Nederlands paspoort of ID-kaart aan te vragen in het buitenland leest u meer over ...,Op de pagina Hoelang duurt het om een Nederlands paspoort of ID-kaart aan te vragen in het buitenland leest u meer over ...,Zin van 29 woorden; boven de 20 wordt een zin lastig te volgen.,Knip de zin in tweeën.
0111_paspoort-id-kaart_buitenland_paspoort-kirgizie.txt,https://www.nederlandwereldwijd.nl/paspoort-id-kaart/buitenland/paspoort-kirgizie,Paspoort of ID-kaart aanvragen als u in Kirgizië woont | NederlandWereldwijd,116,lange-zin,advies,Bij paspoorten uitgegeven vanaf eind september 2024 staat de naam van de partner vaak op de achterkant van de titelpagin...,Bij paspoorten uitgegeven vanaf eind september 2024 staat de naam van de partner vaak op de achterkant van de titelpagin...,Zin van 26 woorden; boven de 20 wordt een zin lastig te volgen.,Knip de zin in tweeën.
0112_paspoort-id-kaart_buitenland_paspoort-kiribati.txt,https://www.nederlandwereldwijd.nl/paspoort-id-kaart/buitenland/paspoort-kiribati,Paspoort of ID-kaart aanvragen als u in Kiribati woont | NederlandWereldwijd,11,lange-zin,advies,In uw persoonlijke checklist (uit stap 1) ziet u dat u documenten uit Kiribati nodig heeft om een paspoort of ID-kaart a...,In uw persoonlijke checklist (uit stap 1) ziet u dat u documenten uit Kiribati nodig heeft om een paspoort of ID-kaart a...,Zin van 24 woorden; boven de 20 wordt een zin lastig te volgen.,Knip de zin in tweeën.
0112_paspoort-id-kaart_buitenland_paspoort-kiribati.txt,https://www.nederlandwereldwijd.nl/paspoort-id-kaart/buitenland/paspoort-kiribati,Paspoort of ID-kaart aanvragen als u in Kiribati woont | NederlandWereldwijd,61,lange-zin,advies,In het overzicht van de consulaire tarieven in Nieuw-Zeeland ziet u wat een paspoort of ID-kaart kost en hoe u kunt beta...,In het overzicht van de consulaire tarieven in Nieuw-Zeeland ziet u wat een paspoort of ID-kaart kost en hoe u kunt beta...,Zin van 22 woorden; boven de 20 wordt een zin lastig te volgen.,Knip de zin in tweeën.
0112_paspoort-id-kaart_buitenland_paspoort-kiribati.txt,https://www.nederlandwereldwijd.nl/paspoort-id-kaart/buitenland/paspoort-kiribati,Paspoort of ID-kaart aanvragen als u in Kiribati woont | NederlandWereldwijd,75,lange-zin,advies,Op de pagina Hoelang duurt het om een Nederlands paspoort of ID-kaart aan te vragen in het buitenland leest u meer over ...,Op de pagina Hoelang duurt het om een Nederlands paspoort of ID-kaart aan te vragen in het buitenland leest u meer over ...,Zin van 29 woorden; boven de 20 wordt een zin lastig te volgen.,Knip de zin in tweeën.
0112_paspoort-id-kaart_buitenland_paspoort-kiribati.txt,https://www.nederlandwereldwijd.nl/paspoort-id-kaart/buitenland/paspoort-kiribati,Paspoort of ID-kaart aanvragen als u in Kiribati woont | NederlandWereldwijd,95,lange-zin,advies,Bij paspoorten uitgegeven vanaf eind september 2024 staat de naam van de partner vaak op de achterkant van de titelpagin...,Bij paspoorten uitgegeven vanaf eind september 2024 staat de naam van de partner vaak op de achterkant van de titelpagin...,Zin van 26 woorden; boven de 20 wordt een zin lastig te volgen.,Knip de zin in tweeën.
0113_paspoort-id-kaart_buitenland_paspoort-koeweit.txt,https://www.nederlandwereldwijd.nl/paspoort-id-kaart/buitenland/paspoort-koeweit,Paspoort of ID-kaart aanvragen als u in Koeweit woont | NederlandWereldwijd,11,lange-zin,advies,In uw persoonlijke checklist (uit stap 1) ziet u dat u documenten uit Koeweit nodig heeft om een paspoort of ID-kaart aa...,In uw persoonlijke checklist (uit stap 1) ziet u dat u documenten uit Koeweit nodig heeft om een paspoort of ID-kaart aa...,Zin van 24 woorden; boven de 20 wordt een zin lastig te volgen.,Knip de zin in tweeën.
0113_paspoort-id-kaart_buitenland_paspoort-koeweit.txt,https://www.nederlandwereldwijd.nl/paspoort-id-kaart/buitenland/paspoort-koeweit,Paspoort of ID-kaart aanvragen als u in Koeweit woont | NederlandWereldwijd,59,lange-zin,advies,In het overzicht van de consulaire tarieven in Koeweit ziet u wat een paspoort of ID-kaart kost en hoe u kunt betalen.,In het overzicht van de consulaire tarieven in Koeweit ziet u wat een paspoort of ID-kaart kost en hoe u kunt betalen.,Zin van 22 woorden; boven de 20 wordt een zin lastig te volgen.,Knip de zin in tweeën.
0113_paspoort-id-kaart_buitenland_paspoort-koeweit.txt,https://www.nederlandwereldwijd.nl/paspoort-id-kaart/buitenland/paspoort-koeweit,Paspoort of ID-kaart aanvragen als u in Koeweit woont | NederlandWereldwijd,73,lange-zin,advies,Op de pagina Hoelang duurt het om een Nederlands paspoort of ID-kaart aan te vragen in het buitenland leest u meer over ...,Op de pagina Hoelang duurt het om een Nederlands paspoort of ID-kaart aan te vragen in het buitenland leest u meer over ...,Zin van 29 woorden; boven de 20 wordt een zin lastig te volgen.,Knip de zin in tweeën.
0113_paspoort-id-kaart_buitenland_paspoort-koeweit.txt,https://www.nederlandwereldwijd.nl/paspoort-id-kaart/buitenland/paspoort-koeweit,Paspoort of ID-kaart aanvragen als u in Koeweit woont | NederlandWereldwijd,77,lange-zin,advies,U kunt uw nieuwe paspoort of ID-kaart ophalen bij de ambassade in Koeweit op maandag en woensdag van 14.00 – 15.00 uur.,U kunt uw nieuwe paspoort of ID-kaart ophalen bij de ambassade in Koeweit op maandag en woensdag van 14.00 – 15.00 uur.,Zin van 22 woorden; boven de 20 wordt een zin lastig te volgen.,Knip de zin in tweeën.
0113_paspoort-id-kaart_buitenland_paspoort-koeweit.txt,https://www.nederlandwereldwijd.nl/paspoort-id-kaart/buitenland/paspoort-koeweit,Paspoort of ID-kaart aanvragen als u in Koeweit woont | NederlandWereldwijd,89,lange-zin,advies,Bij paspoorten uitgegeven vanaf eind september 2024 staat de naam van de partner vaak op de achterkant van de titelpagin...,Bij paspoorten uitgegeven vanaf eind september 2024 staat de naam van de partner vaak op de achterkant van de titelpagin...,Zin van 26 woorden; boven de 20 wordt een zin lastig te volgen.,Knip de zin in tweeën.
0114_paspoort-id-kaart_buitenland_paspoort-kosovo.txt,https://www.nederlandwereldwijd.nl/paspoort-id-kaart/buitenland/paspoort-kosovo,Paspoort of ID-kaart aanvragen als u in Kosovo woont | NederlandWereldwijd,11,lange-zin,advies,In uw persoonlijke checklist (uit stap 1) ziet u dat u documenten uit Kosovo nodig heeft om een paspoort of ID-kaart aan...,In uw persoonlijke checklist (uit stap 1) ziet u dat u documenten uit Kosovo nodig heeft om een paspoort of ID-kaart aan...,Zin van 24 woorden; boven de 20 wordt een zin lastig te volgen.,Knip de zin in tweeën.
0114_paspoort-id-kaart_buitenland_paspoort-kosovo.txt,https://www.nederlandwereldwijd.nl/paspoort-id-kaart/buitenland/paspoort-kosovo,Paspoort of ID-kaart aanvragen als u in Kosovo woont | NederlandWereldwijd,60,lange-zin,advies,In het overzicht van de consulaire tarieven in Noord-Macedonië ziet u wat een paspoort of ID-kaart kost en hoe u kunt be...,In het overzicht van de consulaire tarieven in Noord-Macedonië ziet u wat een paspoort of ID-kaart kost en hoe u kunt be...,Zin van 22 woorden; boven de 20 wordt een zin lastig te volgen.,Knip de zin in tweeën.
0114_paspoort-id-kaart_buitenland_paspoort-kosovo.txt,https://www.nederlandwereldwijd.nl/paspoort-id-kaart/buitenland/paspoort-kosovo,Paspoort of ID-kaart aanvragen als u in Kosovo woont | NederlandWereldwijd,74,lange-zin,advies,Op de pagina Hoelang duurt het om een Nederlands paspoort of ID-kaart aan te vragen in het buitenland leest u meer over ...,Op de pagina Hoelang duurt het om een Nederlands paspoort of ID-kaart aan te vragen in het buitenland leest u meer over ...,Zin van 29 woorden; boven de 20 wordt een zin lastig te volgen.,Knip de zin in tweeën.
0114_paspoort-id-kaart_buitenland_paspoort-kosovo.txt,https://www.nederlandwereldwijd.nl/paspoort-id-kaart/buitenland/paspoort-kosovo,Paspoort of ID-kaart aanvragen als u in Kosovo woont | NederlandWereldwijd,78,lange-zin,advies,U kunt uw nieuwe paspoort of ID-kaart ophalen bij de ambassade in Skopje op maandag tot en met vrijdag van 9.00 – 12.00 ...,U kunt uw nieuwe paspoort of ID-kaart ophalen bij de ambassade in Skopje op maandag tot en met vrijdag van 9.00 – 12.00 ...,Zin van 24 woorden; boven de 20 wordt een zin lastig te volgen.,Knip de zin in tweeën.
0114_paspoort-id-kaart_buitenland_paspoort-kosovo.txt,https://www.nederlandwereldwijd.nl/paspoort-id-kaart/buitenland/paspoort-kosovo,Paspoort of ID-kaart aanvragen als u in Kosovo woont | NederlandWereldwijd,89,lange-zin,advies,Bij paspoorten uitgegeven vanaf eind september 2024 staat de naam van de partner vaak op de achterkant van de titelpagin...,Bij paspoorten uitgegeven vanaf eind september 2024 staat de naam van de partner vaak op de achterkant van de titelpagin...,Zin van 26 woorden; boven de 20 wordt een zin lastig te volgen.,Knip de zin in tweeën.
0115_paspoort-id-kaart_buitenland_paspoort-kroatie.txt,https://www.nederlandwereldwijd.nl/paspoort-id-kaart/buitenland/paspoort-kroatie,Paspoort of ID-kaart aanvragen als u in Kroatië woont | NederlandWereldwijd,11,lange-zin,advies,In uw persoonlijke checklist (uit stap 1) ziet u dat u documenten uit Kroatië nodig heeft om een paspoort of ID-kaart aa...,In uw persoonlijke checklist (uit stap 1) ziet u dat u documenten uit Kroatië nodig heeft om een paspoort of ID-kaart aa...,Zin van 24 woorden; boven de 20 wordt een zin lastig te volgen.,Knip de zin in tweeën.
0115_paspoort-id-kaart_buitenland_paspoort-kroatie.txt,https://www.nederlandwereldwijd.nl/paspoort-id-kaart/buitenland/paspoort-kroatie,Paspoort of ID-kaart aanvragen als u in Kroatië woont | NederlandWereldwijd,63,lange-zin,advies,In het overzicht van de consulaire tarieven in Kroatië ziet u wat een paspoort of ID-kaart kost en hoe u kunt betalen.,In het overzicht van de consulaire tarieven in Kroatië ziet u wat een paspoort of ID-kaart kost en hoe u kunt betalen.,Zin van 22 woorden; boven de 20 wordt een zin lastig te volgen.,Knip de zin in tweeën.
0115_paspoort-id-kaart_buitenland_paspoort-kroatie.txt,https://www.nederlandwereldwijd.nl/paspoort-id-kaart/buitenland/paspoort-kroatie,Paspoort of ID-kaart aanvragen als u in Kroatië woont | NederlandWereldwijd,77,lange-zin,advies,Op de pagina Hoelang duurt het om een Nederlands paspoort of ID-kaart aan te vragen in het buitenland leest u meer over ...,Op de pagina Hoelang duurt het om een Nederlands paspoort of ID-kaart aan te vragen in het buitenland leest u meer over ...,Zin van 29 woorden; boven de 20 wordt een zin lastig te volgen.,Knip de zin in tweeën.
0115_paspoort-id-kaart_buitenland_paspoort-kroatie.txt,https://www.nederlandwereldwijd.nl/paspoort-id-kaart/buitenland/paspoort-kroatie,Paspoort of ID-kaart aanvragen als u in Kroatië woont | NederlandWereldwijd,81,lange-zin,advies,U kunt uw nieuwe paspoort of ID-kaart ophalen bij de ambassade in Zagreb op woensdag en vrijdag van 10.00 – 12.00 uur.,U kunt uw nieuwe paspoort of ID-kaart ophalen bij de ambassade in Zagreb op woensdag en vrijdag van 10.00 – 12.00 uur.,Zin van 22 woorden; boven de 20 wordt een zin lastig te volgen.,Knip de zin in tweeën.
0115_paspoort-id-kaart_buitenland_paspoort-kroatie.txt,https://www.nederlandwereldwijd.nl/paspoort-id-kaart/buitenland/paspoort-kroatie,Paspoort of ID-kaart aanvragen als u in Kroatië woont | NederlandWereldwijd,92,lange-zin,advies,Bij paspoorten uitgegeven vanaf eind september 2024 staat de naam van de partner vaak op de achterkant van de titelpagin...,Bij paspoorten uitgegeven vanaf eind september 2024 staat de naam van de partner vaak op de achterkant van de titelpagin...,Zin van 26 woorden; boven de 20 wordt een zin lastig te volgen.,Knip de zin in tweeën.
0116_paspoort-id-kaart_buitenland_paspoort-laos.txt,https://www.nederlandwereldwijd.nl/paspoort-id-kaart/buitenland/paspoort-laos,Paspoort of ID-kaart aanvragen als u in Laos woont | NederlandWereldwijd,11,lange-zin,advies,In uw persoonlijke checklist (uit stap 1) ziet u dat u documenten uit Laos nodig heeft om een paspoort of ID-kaart aan t...,In uw persoonlijke checklist (uit stap 1) ziet u dat u documenten uit Laos nodig heeft om een paspoort of ID-kaart aan t...,Zin van 24 woorden; boven de 20 wordt een zin lastig te volgen.,Knip de zin in tweeën.
0116_paspoort-id-kaart_buitenland_paspoort-laos.txt,https://www.nederlandwereldwijd.nl/paspoort-id-kaart/buitenland/paspoort-laos,Paspoort of ID-kaart aanvragen als u in Laos woont | NederlandWereldwijd,60,lange-zin,advies,In het overzicht van de consulaire tarieven in Thailand ziet u wat een paspoort of ID-kaart kost en hoe u kunt betalen.,In het overzicht van de consulaire tarieven in Thailand ziet u wat een paspoort of ID-kaart kost en hoe u kunt betalen.,Zin van 22 woorden; boven de 20 wordt een zin lastig te volgen.,Knip de zin in tweeën.
0116_paspoort-id-kaart_buitenland_paspoort-laos.txt,https://www.nederlandwereldwijd.nl/paspoort-id-kaart/buitenland/paspoort-laos,Paspoort of ID-kaart aanvragen als u in Laos woont | NederlandWereldwijd,74,lange-zin,advies,Op de pagina Hoelang duurt het om een Nederlands paspoort of ID-kaart aan te vragen in het buitenland leest u meer over ...,Op de pagina Hoelang duurt het om een Nederlands paspoort of ID-kaart aan te vragen in het buitenland leest u meer over ...,Zin van 29 woorden; boven de 20 wordt een zin lastig te volgen.,Knip de zin in tweeën.
0116_paspoort-id-kaart_buitenland_paspoort-laos.txt,https://www.nederlandwereldwijd.nl/paspoort-id-kaart/buitenland/paspoort-laos,Paspoort of ID-kaart aanvragen als u in Laos woont | NederlandWereldwijd,78,lange-zin,advies,U kunt uw nieuwe paspoort of ID-kaart ophalen bij de ambassade in Bangkok op maandag tot en met donderdag van 13.30 – 15...,U kunt uw nieuwe paspoort of ID-kaart ophalen bij de ambassade in Bangkok op maandag tot en met donderdag van 13.30 – 15...,Zin van 24 woorden; boven de 20 wordt een zin lastig te volgen.,Knip de zin in tweeën.
0116_paspoort-id-kaart_buitenland_paspoort-laos.txt,https://www.nederlandwereldwijd.nl/paspoort-id-kaart/buitenland/paspoort-laos,Paspoort of ID-kaart aanvragen als u in Laos woont | NederlandWereldwijd,90,lange-zin,advies,Bij paspoorten uitgegeven vanaf eind september 2024 staat de naam van de partner vaak op de achterkant van de titelpagin...,Bij paspoorten uitgegeven vanaf eind september 2024 staat de naam van de partner vaak op de achterkant van de titelpagin...,Zin van 26 woorden; boven de 20 wordt een zin lastig te volgen.,Knip de zin in tweeën.
0117_paspoort-id-kaart_buitenland_paspoort-lesotho.txt,https://www.nederlandwereldwijd.nl/paspoort-id-kaart/buitenland/paspoort-lesotho,Paspoort of ID-kaart aanvragen als u in Lesotho woont | NederlandWereldwijd,11,lange-zin,advies,In uw persoonlijke checklist (uit stap 1) ziet u dat u documenten uit Lesotho nodig heeft om een paspoort of ID-kaart aa...,In uw persoonlijke checklist (uit stap 1) ziet u dat u documenten uit Lesotho nodig heeft om een paspoort of ID-kaart aa...,Zin van 24 woorden; boven de 20 wordt een zin lastig te volgen.,Knip de zin in tweeën.
0117_paspoort-id-kaart_buitenland_paspoort-lesotho.txt,https://www.nederlandwereldwijd.nl/paspoort-id-kaart/buitenland/paspoort-lesotho,Paspoort of ID-kaart aanvragen als u in Lesotho woont | NederlandWereldwijd,74,lange-zin,advies,Op de pagina Hoelang duurt het om een Nederlands paspoort of ID-kaart aan te vragen in het buitenland leest u meer over ...,Op de pagina Hoelang duurt het om een Nederlands paspoort of ID-kaart aan te vragen in het buitenland leest u meer over ...,Zin van 29 woorden; boven de 20 wordt een zin lastig te volgen.,Knip de zin in tweeën.
0117_paspoort-id-kaart_buitenland_paspoort-lesotho.txt,https://www.nederlandwereldwijd.nl/paspoort-id-kaart/buitenland/paspoort-lesotho,Paspoort of ID-kaart aanvragen als u in Lesotho woont | NederlandWereldwijd,106,lange-zin,advies,Bij paspoorten uitgegeven vanaf eind september 2024 staat de naam van de partner vaak op de achterkant van de titelpagin...,Bij paspoorten uitgegeven vanaf eind september 2024 staat de naam van de partner vaak op de achterkant van de titelpagin...,Zin van 26 woorden; boven de 20 wordt een zin lastig te volgen.,Knip de zin in tweeën.
0118_paspoort-id-kaart_buitenland_paspoort-letland.txt,https://www.nederlandwereldwijd.nl/paspoort-id-kaart/buitenland/paspoort-letland,Paspoort of ID-kaart aanvragen als u in Letland woont | NederlandWereldwijd,11,lange-zin,advies,In uw persoonlijke checklist (uit stap 1) ziet u dat u documenten uit Letland nodig heeft om een paspoort of ID-kaart aa...,In uw persoonlijke checklist (uit stap 1) ziet u dat u documenten uit Letland nodig heeft om een paspoort of ID-kaart aa...,Zin van 24 woorden; boven de 20 wordt een zin lastig te volgen.,Knip de zin in tweeën.
0118_paspoort-id-kaart_buitenland_paspoort-letland.txt,https://www.nederlandwereldwijd.nl/paspoort-id-kaart/buitenland/paspoort-letland,Paspoort of ID-kaart aanvragen als u in Letland woont | NederlandWereldwijd,104,lange-zin,advies,Op de pagina Hoelang duurt het om een Nederlands paspoort of ID-kaart aan te vragen in het buitenland leest u meer over ...,Op de pagina Hoelang duurt het om een Nederlands paspoort of ID-kaart aan te vragen in het buitenland leest u meer over ...,Zin van 29 woorden; boven de 20 wordt een zin lastig te volgen.,Knip de zin in tweeën.
0118_paspoort-id-kaart_buitenland_paspoort-letland.txt,https://www.nederlandwereldwijd.nl/paspoort-id-kaart/buitenland/paspoort-letland,Paspoort of ID-kaart aanvragen als u in Letland woont | NederlandWereldwijd,139,lange-zin,advies,Bij paspoorten uitgegeven vanaf eind september 2024 staat de naam van de partner vaak op de achterkant van de titelpagin...,Bij paspoorten uitgegeven vanaf eind september 2024 staat de naam van de partner vaak op de achterkant van de titelpagin...,Zin van 26 woorden; boven de 20 wordt een zin lastig te volgen.,Knip de zin in tweeën.
0119_paspoort-id-kaart_buitenland_paspoort-libanon.txt,https://www.nederlandwereldwijd.nl/paspoort-id-kaart/buitenland/paspoort-libanon,Paspoort of ID-kaart aanvragen als u in Libanon woont | NederlandWereldwijd,11,lange-zin,advies,In uw persoonlijke checklist (uit stap 1) ziet u dat u documenten uit Libanon nodig heeft om een paspoort of ID-kaart aa...,In uw persoonlijke checklist (uit stap 1) ziet u dat u documenten uit Libanon nodig heeft om een paspoort of ID-kaart aa...,Zin van 24 woorden; boven de 20 wordt een zin lastig te volgen.,Knip de zin in tweeën.
0119_paspoort-id-kaart_buitenland_paspoort-libanon.txt,https://www.nederlandwereldwijd.nl/paspoort-id-kaart/buitenland/paspoort-libanon,Paspoort of ID-kaart aanvragen als u in Libanon woont | NederlandWereldwijd,69,lange-zin,advies,In het overzicht van de consulaire tarieven in Libanon ziet u wat een paspoort of ID-kaart kost en hoe u kunt betalen.,In het overzicht van de consulaire tarieven in Libanon ziet u wat een paspoort of ID-kaart kost en hoe u kunt betalen.,Zin van 22 woorden; boven de 20 wordt een zin lastig te volgen.,Knip de zin in tweeën.
0119_paspoort-id-kaart_buitenland_paspoort-libanon.txt,https://www.nederlandwereldwijd.nl/paspoort-id-kaart/buitenland/paspoort-libanon,Paspoort of ID-kaart aanvragen als u in Libanon woont | NederlandWereldwijd,83,lange-zin,advies,Op de pagina Hoelang duurt het om een Nederlands paspoort of ID-kaart aan te vragen in het buitenland leest u meer over ...,Op de pagina Hoelang duurt het om een Nederlands paspoort of ID-kaart aan te vragen in het buitenland leest u meer over ...,Zin van 29 woorden; boven de 20 wordt een zin lastig te volgen.,Knip de zin in tweeën.
0119_paspoort-id-kaart_buitenland_paspoort-libanon.txt,https://www.nederlandwereldwijd.nl/paspoort-id-kaart/buitenland/paspoort-libanon,Paspoort of ID-kaart aanvragen als u in Libanon woont | NederlandWereldwijd,98,lange-zin,advies,Bij paspoorten uitgegeven vanaf eind september 2024 staat de naam van de partner vaak op de achterkant van de titelpagin...,Bij paspoorten uitgegeven vanaf eind september 2024 staat de naam van de partner vaak op de achterkant van de titelpagin...,Zin van 26 woorden; boven de 20 wordt een zin lastig te volgen.,Knip de zin in tweeën.
0120_paspoort-id-kaart_buitenland_paspoort-liberia.txt,https://www.nederlandwereldwijd.nl/paspoort-id-kaart/buitenland/paspoort-liberia,Paspoort of ID-kaart aanvragen als u in Liberia woont | NederlandWereldwijd,11,lange-zin,advies,In uw persoonlijke checklist (uit stap 1) ziet u dat u documenten uit Liberia nodig heeft om een paspoort of ID-kaart aa...,In uw persoonlijke checklist (uit stap 1) ziet u dat u documenten uit Liberia nodig heeft om een paspoort of ID-kaart aa...,Zin van 24 woorden; boven de 20 wordt een zin lastig te volgen.,Knip de zin in tweeën.
0120_paspoort-id-kaart_buitenland_paspoort-liberia.txt,https://www.nederlandwereldwijd.nl/paspoort-id-kaart/buitenland/paspoort-liberia,Paspoort of ID-kaart aanvragen als u in Liberia woont | NederlandWereldwijd,74,lange-zin,advies,Op de pagina Hoelang duurt het om een Nederlands paspoort of ID-kaart aan te vragen in het buitenland leest u meer over ...,Op de pagina Hoelang duurt het om een Nederlands paspoort of ID-kaart aan te vragen in het buitenland leest u meer over ...,Zin van 29 woorden; boven de 20 wordt een zin lastig te volgen.,Knip de zin in tweeën.
0120_paspoort-id-kaart_buitenland_paspoort-liberia.txt,https://www.nederlandwereldwijd.nl/paspoort-id-kaart/buitenland/paspoort-liberia,Paspoort of ID-kaart aanvragen als u in Liberia woont | NederlandWereldwijd,94,lange-zin,advies,Bij paspoorten uitgegeven vanaf eind september 2024 staat de naam van de partner vaak op de achterkant van de titelpagin...,Bij paspoorten uitgegeven vanaf eind september 2024 staat de naam van de partner vaak op de achterkant van de titelpagin...,Zin van 26 woorden; boven de 20 wordt een zin lastig te volgen.,Knip de zin in tweeën.
0122_paspoort-id-kaart_buitenland_paspoort-liechtenstein.txt,https://www.nederlandwereldwijd.nl/paspoort-id-kaart/buitenland/paspoort-liechtenstein,Paspoort of ID-kaart aanvragen als u in Liechtenstein woont | NederlandWereldwijd,11,lange-zin,advies,In uw persoonlijke checklist (uit stap 1) ziet u dat u documenten uit Liechtenstein nodig heeft om een paspoort of ID-ka...,In uw persoonlijke checklist (uit stap 1) ziet u dat u documenten uit Liechtenstein nodig heeft om een paspoort of ID-ka...,Zin van 24 woorden; boven de 20 wordt een zin lastig te volgen.,Knip de zin in tweeën.
0122_paspoort-id-kaart_buitenland_paspoort-liechtenstein.txt,https://www.nederlandwereldwijd.nl/paspoort-id-kaart/buitenland/paspoort-liechtenstein,Paspoort of ID-kaart aanvragen als u in Liechtenstein woont | NederlandWereldwijd,61,lange-zin,advies,In het overzicht van de consulaire tarieven in Zwitserland ziet u wat een paspoort of ID-kaart kost en hoe u kunt betale...,In het overzicht van de consulaire tarieven in Zwitserland ziet u wat een paspoort of ID-kaart kost en hoe u kunt betale...,Zin van 22 woorden; boven de 20 wordt een zin lastig te volgen.,Knip de zin in tweeën.
0122_paspoort-id-kaart_buitenland_paspoort-liechtenstein.txt,https://www.nederlandwereldwijd.nl/paspoort-id-kaart/buitenland/paspoort-liechtenstein,Paspoort of ID-kaart aanvragen als u in Liechtenstein woont | NederlandWereldwijd,76,lange-zin,advies,Op de pagina Hoelang duurt het om een Nederlands paspoort of ID-kaart aan te vragen in het buitenland leest u meer over ...,Op de pagina Hoelang duurt het om een Nederlands paspoort of ID-kaart aan te vragen in het buitenland leest u meer over ...,Zin van 29 woorden; boven de 20 wordt een zin lastig te volgen.,Knip de zin in tweeën.
0122_paspoort-id-kaart_buitenland_paspoort-liechtenstein.txt,https://www.nederlandwereldwijd.nl/paspoort-id-kaart/buitenland/paspoort-liechtenstein,Paspoort of ID-kaart aanvragen als u in Liechtenstein woont | NederlandWereldwijd,80,lange-zin,advies,U kunt uw nieuwe paspoort of ID-kaart ophalen bij de ambassade in Bern op maandag tot en met vrijdag van 9.00 – 15.00 uu...,U kunt uw nieuwe paspoort of ID-kaart ophalen bij de ambassade in Bern op maandag tot en met vrijdag van 9.00 – 15.00 uu...,Zin van 24 woorden; boven de 20 wordt een zin lastig te volgen.,Knip de zin in tweeën.
0122_paspoort-id-kaart_buitenland_paspoort-liechtenstein.txt,https://www.nederlandwereldwijd.nl/paspoort-id-kaart/buitenland/paspoort-liechtenstein,Paspoort of ID-kaart aanvragen als u in Liechtenstein woont | NederlandWereldwijd,92,lange-zin,advies,Bij paspoorten uitgegeven vanaf eind september 2024 staat de naam van de partner vaak op de achterkant van de titelpagin...,Bij paspoorten uitgegeven vanaf eind september 2024 staat de naam van de partner vaak op de achterkant van de titelpagin...,Zin van 26 woorden; boven de 20 wordt een zin lastig te volgen.,Knip de zin in tweeën.
0123_paspoort-id-kaart_buitenland_paspoort-litouwen.txt,https://www.nederlandwereldwijd.nl/paspoort-id-kaart/buitenland/paspoort-litouwen,Paspoort of ID-kaart aanvragen als u in Litouwen woont | NederlandWereldwijd,11,lange-zin,advies,In uw persoonlijke checklist (uit stap 1) ziet u dat u documenten uit Litouwen nodig heeft om een paspoort of ID-kaart a...,In uw persoonlijke checklist (uit stap 1) ziet u dat u documenten uit Litouwen nodig heeft om een paspoort of ID-kaart a...,Zin van 24 woorden; boven de 20 wordt een zin lastig te volgen.,Knip de zin in tweeën.
0123_paspoort-id-kaart_buitenland_paspoort-litouwen.txt,https://www.nederlandwereldwijd.nl/paspoort-id-kaart/buitenland/paspoort-litouwen,Paspoort of ID-kaart aanvragen als u in Litouwen woont | NederlandWereldwijd,102,lange-zin,advies,Op de pagina Hoelang duurt het om een Nederlands paspoort of ID-kaart aan te vragen in het buitenland leest u meer over ...,Op de pagina Hoelang duurt het om een Nederlands paspoort of ID-kaart aan te vragen in het buitenland leest u meer over ...,Zin van 29 woorden; boven de 20 wordt een zin lastig te volgen.,Knip de zin in tweeën.
0123_paspoort-id-kaart_buitenland_paspoort-litouwen.txt,https://www.nederlandwereldwijd.nl/paspoort-id-kaart/buitenland/paspoort-litouwen,Paspoort of ID-kaart aanvragen als u in Litouwen woont | NederlandWereldwijd,137,lange-zin,advies,Bij paspoorten uitgegeven vanaf eind september 2024 staat de naam van de partner vaak op de achterkant van de titelpagin...,Bij paspoorten uitgegeven vanaf eind september 2024 staat de naam van de partner vaak op de achterkant van de titelpagin...,Zin van 26 woorden; boven de 20 wordt een zin lastig te volgen.,Knip de zin in tweeën.
0124_paspoort-id-kaart_buitenland_paspoort-luxemburg.txt,https://www.nederlandwereldwijd.nl/paspoort-id-kaart/buitenland/paspoort-luxemburg,Paspoort of ID-kaart aanvragen als u in Luxemburg woont | NederlandWereldwijd,12,lange-zin,advies,In uw persoonlijke checklist (uit stap 1) ziet u dat u extra documenten nodig heeft om een paspoort of ID-kaart aan te v...,In uw persoonlijke checklist (uit stap 1) ziet u dat u extra documenten nodig heeft om een paspoort of ID-kaart aan te v...,Zin van 23 woorden; boven de 20 wordt een zin lastig te volgen.,Knip de zin in tweeën.
0124_paspoort-id-kaart_buitenland_paspoort-luxemburg.txt,https://www.nederlandwereldwijd.nl/paspoort-id-kaart/buitenland/paspoort-luxemburg,Paspoort of ID-kaart aanvragen als u in Luxemburg woont | NederlandWereldwijd,17,lange-zin,advies,een verklaring van woonplaats met vermelding van uw nationaliteit (certificat de résidence avec mention de la nationalit...,een verklaring van woonplaats met vermelding van uw nationaliteit (certificat de résidence avec mention de la nationalit...,Zin van 28 woorden; boven de 20 wordt een zin lastig te volgen.,Knip de zin in tweeën.
0124_paspoort-id-kaart_buitenland_paspoort-luxemburg.txt,https://www.nederlandwereldwijd.nl/paspoort-id-kaart/buitenland/paspoort-luxemburg,Paspoort of ID-kaart aanvragen als u in Luxemburg woont | NederlandWereldwijd,24,lange-zin,advies,een uittreksel of verklaring van woonplaats met vermelding van uw nationaliteit (certificat de résidence avec mention de...,een uittreksel of verklaring van woonplaats met vermelding van uw nationaliteit (certificat de résidence avec mention de...,Zin van 38 woorden; boven de 20 wordt een zin lastig te volgen.,Knip de zin in tweeën.
0124_paspoort-id-kaart_buitenland_paspoort-luxemburg.txt,https://www.nederlandwereldwijd.nl/paspoort-id-kaart/buitenland/paspoort-luxemburg,Paspoort of ID-kaart aanvragen als u in Luxemburg woont | NederlandWereldwijd,37,lange-zin,advies,een recent uittreksel (maximaal 1 jaar oud) uit het bevolkingsregister van uw woonplaats met vermelding van uw nationali...,een recent uittreksel (maximaal 1 jaar oud) uit het bevolkingsregister van uw woonplaats met vermelding van uw nationali...,Zin van 24 woorden; boven de 20 wordt een zin lastig te volgen.,Knip de zin in tweeën.
0124_paspoort-id-kaart_buitenland_paspoort-luxemburg.txt,https://www.nederlandwereldwijd.nl/paspoort-id-kaart/buitenland/paspoort-luxemburg,Paspoort of ID-kaart aanvragen als u in Luxemburg woont | NederlandWereldwijd,105,lange-zin,advies,In het overzicht van de consulaire tarieven in Luxemburg ziet u wat een paspoort of ID-kaart kost en hoe u kunt betalen.,In het overzicht van de consulaire tarieven in Luxemburg ziet u wat een paspoort of ID-kaart kost en hoe u kunt betalen.,Zin van 22 woorden; boven de 20 wordt een zin lastig te volgen.,Knip de zin in tweeën.
0124_paspoort-id-kaart_buitenland_paspoort-luxemburg.txt,https://www.nederlandwereldwijd.nl/paspoort-id-kaart/buitenland/paspoort-luxemburg,Paspoort of ID-kaart aanvragen als u in Luxemburg woont | NederlandWereldwijd,119,lange-zin,advies,Op de pagina Hoelang duurt het om een Nederlands paspoort of ID-kaart aan te vragen in het buitenland leest u meer over ...,Op de pagina Hoelang duurt het om een Nederlands paspoort of ID-kaart aan te vragen in het buitenland leest u meer over ...,Zin van 29 woorden; boven de 20 wordt een zin lastig te volgen.,Knip de zin in tweeën.
0124_paspoort-id-kaart_buitenland_paspoort-luxemburg.txt,https://www.nederlandwereldwijd.nl/paspoort-id-kaart/buitenland/paspoort-luxemburg,Paspoort of ID-kaart aanvragen als u in Luxemburg woont | NederlandWereldwijd,134,lange-zin,advies,Bij paspoorten uitgegeven vanaf eind september 2024 staat de naam van de partner vaak op de achterkant van de titelpagin...,Bij paspoorten uitgegeven vanaf eind september 2024 staat de naam van de partner vaak op de achterkant van de titelpagin...,Zin van 26 woorden; boven de 20 wordt een zin lastig te volgen.,Knip de zin in tweeën.
0125_paspoort-id-kaart_buitenland_paspoort-macau-sar.txt,https://www.nederlandwereldwijd.nl/paspoort-id-kaart/buitenland/paspoort-macau-sar,Paspoort of ID-kaart aanvragen als u in Macau SAR woont | NederlandWereldwijd,11,lange-zin,advies,In uw persoonlijke checklist (uit stap 1) ziet u dat u documenten uit Macau SAR nodig heeft om een paspoort of ID-kaart ...,In uw persoonlijke checklist (uit stap 1) ziet u dat u documenten uit Macau SAR nodig heeft om een paspoort of ID-kaart ...,Zin van 25 woorden; boven de 20 wordt een zin lastig te volgen.,Knip de zin in tweeën.
0125_paspoort-id-kaart_buitenland_paspoort-macau-sar.txt,https://www.nederlandwereldwijd.nl/paspoort-id-kaart/buitenland/paspoort-macau-sar,Paspoort of ID-kaart aanvragen als u in Macau SAR woont | NederlandWereldwijd,74,lange-zin,advies,Op de pagina Hoelang duurt het om een Nederlands paspoort of ID-kaart aan te vragen in het buitenland leest u meer over ...,Op de pagina Hoelang duurt het om een Nederlands paspoort of ID-kaart aan te vragen in het buitenland leest u meer over ...,Zin van 29 woorden; boven de 20 wordt een zin lastig te volgen.,Knip de zin in tweeën.
0125_paspoort-id-kaart_buitenland_paspoort-macau-sar.txt,https://www.nederlandwereldwijd.nl/paspoort-id-kaart/buitenland/paspoort-macau-sar,Paspoort of ID-kaart aanvragen als u in Macau SAR woont | NederlandWereldwijd,91,lange-zin,advies,Bij paspoorten uitgegeven vanaf eind september 2024 staat de naam van de partner vaak op de achterkant van de titelpagin...,Bij paspoorten uitgegeven vanaf eind september 2024 staat de naam van de partner vaak op de achterkant van de titelpagin...,Zin van 26 woorden; boven de 20 wordt een zin lastig te volgen.,Knip de zin in tweeën.
0126_paspoort-id-kaart_buitenland_paspoort-madagaskar.txt,https://www.nederlandwereldwijd.nl/paspoort-id-kaart/buitenland/paspoort-madagaskar,Paspoort of ID-kaart aanvragen als u in Madagaskar woont | NederlandWereldwijd,11,lange-zin,advies,In uw persoonlijke checklist (uit stap 1) ziet u dat u documenten uit Madagaskar nodig heeft om een paspoort of ID-kaart...,In uw persoonlijke checklist (uit stap 1) ziet u dat u documenten uit Madagaskar nodig heeft om een paspoort of ID-kaart...,Zin van 24 woorden; boven de 20 wordt een zin lastig te volgen.,Knip de zin in tweeën.
0126_paspoort-id-kaart_buitenland_paspoort-madagaskar.txt,https://www.nederlandwereldwijd.nl/paspoort-id-kaart/buitenland/paspoort-madagaskar,Paspoort of ID-kaart aanvragen als u in Madagaskar woont | NederlandWereldwijd,72,lange-zin,advies,Op de pagina Hoelang duurt het om een Nederlands paspoort of ID-kaart aan te vragen in het buitenland leest u meer over ...,Op de pagina Hoelang duurt het om een Nederlands paspoort of ID-kaart aan te vragen in het buitenland leest u meer over ...,Zin van 29 woorden; boven de 20 wordt een zin lastig te volgen.,Knip de zin in tweeën.
0126_paspoort-id-kaart_buitenland_paspoort-madagaskar.txt,https://www.nederlandwereldwijd.nl/paspoort-id-kaart/buitenland/paspoort-madagaskar,Paspoort of ID-kaart aanvragen als u in Madagaskar woont | NederlandWereldwijd,92,lange-zin,advies,Bij paspoorten uitgegeven vanaf eind september 2024 staat de naam van de partner vaak op de achterkant van de titelpagin...,Bij paspoorten uitgegeven vanaf eind september 2024 staat de naam van de partner vaak op de achterkant van de titelpagin...,Zin van 26 woorden; boven de 20 wordt een zin lastig te volgen.,Knip de zin in tweeën.
0127_paspoort-id-kaart_buitenland_paspoort-malawi.txt,https://www.nederlandwereldwijd.nl/paspoort-id-kaart/buitenland/paspoort-malawi,Paspoort of ID-kaart aanvragen als u in Malawi woont | NederlandWereldwijd,11,lange-zin,advies,In uw persoonlijke checklist (uit stap 1) ziet u dat u documenten uit Malawi nodig heeft om een paspoort of ID-kaart aan...,In uw persoonlijke checklist (uit stap 1) ziet u dat u documenten uit Malawi nodig heeft om een paspoort of ID-kaart aan...,Zin van 24 woorden; boven de 20 wordt een zin lastig te volgen.,Knip de zin in tweeën.
0127_paspoort-id-kaart_buitenland_paspoort-malawi.txt,https://www.nederlandwereldwijd.nl/paspoort-id-kaart/buitenland/paspoort-malawi,Paspoort of ID-kaart aanvragen als u in Malawi woont | NederlandWereldwijd,74,lange-zin,advies,Op de pagina Hoelang duurt het om een Nederlands paspoort of ID-kaart aan te vragen in het buitenland leest u meer over ...,Op de pagina Hoelang duurt het om een Nederlands paspoort of ID-kaart aan te vragen in het buitenland leest u meer over ...,Zin van 29 woorden; boven de 20 wordt een zin lastig te volgen.,Knip de zin in tweeën.
0127_paspoort-id-kaart_buitenland_paspoort-malawi.txt,https://www.nederlandwereldwijd.nl/paspoort-id-kaart/buitenland/paspoort-malawi,Paspoort of ID-kaart aanvragen als u in Malawi woont | NederlandWereldwijd,95,lange-zin,advies,Bij paspoorten uitgegeven vanaf eind september 2024 staat de naam van de partner vaak op de achterkant van de titelpagin...,Bij paspoorten uitgegeven vanaf eind september 2024 staat de naam van de partner vaak op de achterkant van de titelpagin...,Zin van 26 woorden; boven de 20 wordt een zin lastig te volgen.,Knip de zin in tweeën.
0128_paspoort-id-kaart_buitenland_paspoort-maldiven.txt,https://www.nederlandwereldwijd.nl/paspoort-id-kaart/buitenland/paspoort-maldiven,Paspoort of ID-kaart aanvragen als u op de Maldiven woont | NederlandWereldwijd,11,lange-zin,advies,In uw persoonlijke checklist (uit stap 1) ziet u dat u documenten uit de Maldiven nodig heeft om een paspoort of ID-kaar...,In uw persoonlijke checklist (uit stap 1) ziet u dat u documenten uit de Maldiven nodig heeft om een paspoort of ID-kaar...,Zin van 25 woorden; boven de 20 wordt een zin lastig te volgen.,Knip de zin in tweeën.
0128_paspoort-id-kaart_buitenland_paspoort-maldiven.txt,https://www.nederlandwereldwijd.nl/paspoort-id-kaart/buitenland/paspoort-maldiven,Paspoort of ID-kaart aanvragen als u op de Maldiven woont | NederlandWereldwijd,60,lange-zin,advies,In het overzicht van de consulaire tarieven in Sri Lanka ziet u wat een paspoort of ID-kaart kost en hoe u kunt betalen.,In het overzicht van de consulaire tarieven in Sri Lanka ziet u wat een paspoort of ID-kaart kost en hoe u kunt betalen.,Zin van 23 woorden; boven de 20 wordt een zin lastig te volgen.,Knip de zin in tweeën.
0128_paspoort-id-kaart_buitenland_paspoort-maldiven.txt,https://www.nederlandwereldwijd.nl/paspoort-id-kaart/buitenland/paspoort-maldiven,Paspoort of ID-kaart aanvragen als u op de Maldiven woont | NederlandWereldwijd,74,lange-zin,advies,Op de pagina Hoelang duurt het om een Nederlands paspoort of ID-kaart aan te vragen in het buitenland leest u meer over ...,Op de pagina Hoelang duurt het om een Nederlands paspoort of ID-kaart aan te vragen in het buitenland leest u meer over ...,Zin van 29 woorden; boven de 20 wordt een zin lastig te volgen.,Knip de zin in tweeën.
0128_paspoort-id-kaart_buitenland_paspoort-maldiven.txt,https://www.nederlandwereldwijd.nl/paspoort-id-kaart/buitenland/paspoort-maldiven,Paspoort of ID-kaart aanvragen als u op de Maldiven woont | NederlandWereldwijd,78,lange-zin,advies,U kunt uw nieuwe paspoort of ID-kaart ophalen bij de ambassade in Colombo op maandag tot en met donderdag van 14.00 – 14...,U kunt uw nieuwe paspoort of ID-kaart ophalen bij de ambassade in Colombo op maandag tot en met donderdag van 14.00 – 14...,Zin van 24 woorden; boven de 20 wordt een zin lastig te volgen.,Knip de zin in tweeën.
0128_paspoort-id-kaart_buitenland_paspoort-maldiven.txt,https://www.nederlandwereldwijd.nl/paspoort-id-kaart/buitenland/paspoort-maldiven,Paspoort of ID-kaart aanvragen als u op de Maldiven woont | NederlandWereldwijd,89,lange-zin,advies,Bij paspoorten uitgegeven vanaf eind september 2024 staat de naam van de partner vaak op de achterkant van de titelpagin...,Bij paspoorten uitgegeven vanaf eind september 2024 staat de naam van de partner vaak op de achterkant van de titelpagin...,Zin van 26 woorden; boven de 20 wordt een zin lastig te volgen.,Knip de zin in tweeën.
0129_paspoort-id-kaart_buitenland_paspoort-maleisie.txt,https://www.nederlandwereldwijd.nl/paspoort-id-kaart/buitenland/paspoort-maleisie,Paspoort of ID-kaart aanvragen als u in Maleisië woont | NederlandWereldwijd,11,lange-zin,advies,In uw persoonlijke checklist (uit stap 1) ziet u dat u documenten uit Maleisië nodig heeft om een paspoort of ID-kaart a...,In uw persoonlijke checklist (uit stap 1) ziet u dat u documenten uit Maleisië nodig heeft om een paspoort of ID-kaart a...,Zin van 24 woorden; boven de 20 wordt een zin lastig te volgen.,Knip de zin in tweeën.
0129_paspoort-id-kaart_buitenland_paspoort-maleisie.txt,https://www.nederlandwereldwijd.nl/paspoort-id-kaart/buitenland/paspoort-maleisie,Paspoort of ID-kaart aanvragen als u in Maleisië woont | NederlandWereldwijd,59,lange-zin,advies,In het overzicht van de consulaire tarieven in Maleisië ziet u wat een paspoort of ID-kaart kost en hoe u kunt betalen.,In het overzicht van de consulaire tarieven in Maleisië ziet u wat een paspoort of ID-kaart kost en hoe u kunt betalen.,Zin van 22 woorden; boven de 20 wordt een zin lastig te volgen.,Knip de zin in tweeën.
0129_paspoort-id-kaart_buitenland_paspoort-maleisie.txt,https://www.nederlandwereldwijd.nl/paspoort-id-kaart/buitenland/paspoort-maleisie,Paspoort of ID-kaart aanvragen als u in Maleisië woont | NederlandWereldwijd,73,lange-zin,advies,Op de pagina Hoelang duurt het om een Nederlands paspoort of ID-kaart aan te vragen in het buitenland leest u meer over ...,Op de pagina Hoelang duurt het om een Nederlands paspoort of ID-kaart aan te vragen in het buitenland leest u meer over ...,Zin van 29 woorden; boven de 20 wordt een zin lastig te volgen.,Knip de zin in tweeën.
0129_paspoort-id-kaart_buitenland_paspoort-maleisie.txt,https://www.nederlandwereldwijd.nl/paspoort-id-kaart/buitenland/paspoort-maleisie,Paspoort of ID-kaart aanvragen als u in Maleisië woont | NederlandWereldwijd,77,lange-zin,advies,U kunt uw nieuwe paspoort of ID-kaart ophalen bij de ambassade in Kuala Lumpur op maandag tot en met donderdag van 8.30 ...,U kunt uw nieuwe paspoort of ID-kaart ophalen bij de ambassade in Kuala Lumpur op maandag tot en met donderdag van 8.30 ...,Zin van 25 woorden; boven de 20 wordt een zin lastig te volgen.,Knip de zin in tweeën.
0129_paspoort-id-kaart_buitenland_paspoort-maleisie.txt,https://www.nederlandwereldwijd.nl/paspoort-id-kaart/buitenland/paspoort-maleisie,Paspoort of ID-kaart aanvragen als u in Maleisië woont | NederlandWereldwijd,89,lange-zin,advies,Bij paspoorten uitgegeven vanaf eind september 2024 staat de naam van de partner vaak op de achterkant van de titelpagin...,Bij paspoorten uitgegeven vanaf eind september 2024 staat de naam van de partner vaak op de achterkant van de titelpagin...,Zin van 26 woorden; boven de 20 wordt een zin lastig te volgen.,Knip de zin in tweeën.
0130_paspoort-id-kaart_buitenland_paspoort-mali.txt,https://www.nederlandwereldwijd.nl/paspoort-id-kaart/buitenland/paspoort-mali,Paspoort of ID-kaart aanvragen als u in Mali woont | NederlandWereldwijd,11,lange-zin,advies,In uw persoonlijke checklist (uit stap 1) ziet u dat u documenten uit Mali nodig heeft om een paspoort of ID-kaart aan t...,In uw persoonlijke checklist (uit stap 1) ziet u dat u documenten uit Mali nodig heeft om een paspoort of ID-kaart aan t...,Zin van 24 woorden; boven de 20 wordt een zin lastig te volgen.,Knip de zin in tweeën.
0130_paspoort-id-kaart_buitenland_paspoort-mali.txt,https://www.nederlandwereldwijd.nl/paspoort-id-kaart/buitenland/paspoort-mali,Paspoort of ID-kaart aanvragen als u in Mali woont | NederlandWereldwijd,73,lange-zin,advies,Op de pagina Hoelang duurt het om een Nederlands paspoort of ID-kaart aan te vragen in het buitenland leest u meer over ...,Op de pagina Hoelang duurt het om een Nederlands paspoort of ID-kaart aan te vragen in het buitenland leest u meer over ...,Zin van 29 woorden; boven de 20 wordt een zin lastig te volgen.,Knip de zin in tweeën.
0130_paspoort-id-kaart_buitenland_paspoort-mali.txt,https://www.nederlandwereldwijd.nl/paspoort-id-kaart/buitenland/paspoort-mali,Paspoort of ID-kaart aanvragen als u in Mali woont | NederlandWereldwijd,93,lange-zin,advies,Bij paspoorten uitgegeven vanaf eind september 2024 staat de naam van de partner vaak op de achterkant van de titelpagin...,Bij paspoorten uitgegeven vanaf eind september 2024 staat de naam van de partner vaak op de achterkant van de titelpagin...,Zin van 26 woorden; boven de 20 wordt een zin lastig te volgen.,Knip de zin in tweeën.
0131_paspoort-id-kaart_buitenland_paspoort-malta.txt,https://www.nederlandwereldwijd.nl/paspoort-id-kaart/buitenland/paspoort-malta,Paspoort of ID-kaart aanvragen als u in Malta woont | NederlandWereldwijd,11,lange-zin,advies,In uw persoonlijke checklist (uit stap 1) ziet u dat u documenten uit Malta nodig heeft om een paspoort of ID-kaart aan ...,In uw persoonlijke checklist (uit stap 1) ziet u dat u documenten uit Malta nodig heeft om een paspoort of ID-kaart aan ...,Zin van 24 woorden; boven de 20 wordt een zin lastig te volgen.,Knip de zin in tweeën.
0131_paspoort-id-kaart_buitenland_paspoort-malta.txt,https://www.nederlandwereldwijd.nl/paspoort-id-kaart/buitenland/paspoort-malta,Paspoort of ID-kaart aanvragen als u in Malta woont | NederlandWereldwijd,59,lange-zin,advies,In het overzicht van de consulaire tarieven in Malta ziet u wat een paspoort of ID-kaart kost en hoe u kunt betalen.,In het overzicht van de consulaire tarieven in Malta ziet u wat een paspoort of ID-kaart kost en hoe u kunt betalen.,Zin van 22 woorden; boven de 20 wordt een zin lastig te volgen.,Knip de zin in tweeën.
0131_paspoort-id-kaart_buitenland_paspoort-malta.txt,https://www.nederlandwereldwijd.nl/paspoort-id-kaart/buitenland/paspoort-malta,Paspoort of ID-kaart aanvragen als u in Malta woont | NederlandWereldwijd,73,lange-zin,advies,Op de pagina Hoelang duurt het om een Nederlands paspoort of ID-kaart aan te vragen in het buitenland leest u meer over ...,Op de pagina Hoelang duurt het om een Nederlands paspoort of ID-kaart aan te vragen in het buitenland leest u meer over ...,Zin van 29 woorden; boven de 20 wordt een zin lastig te volgen.,Knip de zin in tweeën.
0131_paspoort-id-kaart_buitenland_paspoort-malta.txt,https://www.nederlandwereldwijd.nl/paspoort-id-kaart/buitenland/paspoort-malta,Paspoort of ID-kaart aanvragen als u in Malta woont | NederlandWereldwijd,91,lange-zin,advies,Bij paspoorten uitgegeven vanaf eind september 2024 staat de naam van de partner vaak op de achterkant van de titelpagin...,Bij paspoorten uitgegeven vanaf eind september 2024 staat de naam van de partner vaak op de achterkant van de titelpagin...,Zin van 26 woorden; boven de 20 wordt een zin lastig te volgen.,Knip de zin in tweeën.
0132_paspoort-id-kaart_buitenland_paspoort-marokko.txt,https://www.nederlandwereldwijd.nl/paspoort-id-kaart/buitenland/paspoort-marokko,Nederlands paspoort of ID-kaart vernieuwen of aanvragen als u in Marokko woont | NederlandWereldwijd,57,lange-zin,advies,Op de pagina Hoelang duurt het om een Nederlands paspoort of ID-kaart aan te vragen in het buitenland leest u meer over ...,Op de pagina Hoelang duurt het om een Nederlands paspoort of ID-kaart aan te vragen in het buitenland leest u meer over ...,Zin van 29 woorden; boven de 20 wordt een zin lastig te volgen.,Knip de zin in tweeën.
0132_paspoort-id-kaart_buitenland_paspoort-marokko.txt,https://www.nederlandwereldwijd.nl/paspoort-id-kaart/buitenland/paspoort-marokko,Nederlands paspoort of ID-kaart vernieuwen of aanvragen als u in Marokko woont | NederlandWereldwijd,76,lange-zin,advies,Bij paspoorten uitgegeven vanaf eind september 2024 staat de naam van de partner vaak op de achterkant van de titelpagin...,Bij paspoorten uitgegeven vanaf eind september 2024 staat de naam van de partner vaak op de achterkant van de titelpagin...,Zin van 26 woorden; boven de 20 wordt een zin lastig te volgen.,Knip de zin in tweeën.
0133_paspoort-id-kaart_buitenland_paspoort-marshalleilanden.txt,https://www.nederlandwereldwijd.nl/paspoort-id-kaart/buitenland/paspoort-marshalleilanden,Paspoort of ID-kaart aanvragen als u op de Marshalleilanden woont | NederlandWereldwijd,11,lange-zin,advies,In uw persoonlijke checklist (uit stap 1) ziet u dat u documenten uit de Marshalleilanden nodig heeft om een paspoort of...,In uw persoonlijke checklist (uit stap 1) ziet u dat u documenten uit de Marshalleilanden nodig heeft om een paspoort of...,Zin van 25 woorden; boven de 20 wordt een zin lastig te volgen.,Knip de zin in tweeën.
0133_paspoort-id-kaart_buitenland_paspoort-marshalleilanden.txt,https://www.nederlandwereldwijd.nl/paspoort-id-kaart/buitenland/paspoort-marshalleilanden,Paspoort of ID-kaart aanvragen als u op de Marshalleilanden woont | NederlandWereldwijd,61,lange-zin,advies,In het overzicht van de consulaire tarieven in de Filipijnen ziet u wat een paspoort of ID-kaart kost en hoe u kunt beta...,In het overzicht van de consulaire tarieven in de Filipijnen ziet u wat een paspoort of ID-kaart kost en hoe u kunt beta...,Zin van 23 woorden; boven de 20 wordt een zin lastig te volgen.,Knip de zin in tweeën.
0133_paspoort-id-kaart_buitenland_paspoort-marshalleilanden.txt,https://www.nederlandwereldwijd.nl/paspoort-id-kaart/buitenland/paspoort-marshalleilanden,Paspoort of ID-kaart aanvragen als u op de Marshalleilanden woont | NederlandWereldwijd,75,lange-zin,advies,Op de pagina Hoelang duurt het om een Nederlands paspoort of ID-kaart aan te vragen in het buitenland leest u meer over ...,Op de pagina Hoelang duurt het om een Nederlands paspoort of ID-kaart aan te vragen in het buitenland leest u meer over ...,Zin van 29 woorden; boven de 20 wordt een zin lastig te volgen.,Knip de zin in tweeën.
0133_paspoort-id-kaart_buitenland_paspoort-marshalleilanden.txt,https://www.nederlandwereldwijd.nl/paspoort-id-kaart/buitenland/paspoort-marshalleilanden,Paspoort of ID-kaart aanvragen als u op de Marshalleilanden woont | NederlandWereldwijd,90,lange-zin,advies,Bij paspoorten uitgegeven vanaf eind september 2024 staat de naam van de partner vaak op de achterkant van de titelpagin...,Bij paspoorten uitgegeven vanaf eind september 2024 staat de naam van de partner vaak op de achterkant van de titelpagin...,Zin van 26 woorden; boven de 20 wordt een zin lastig te volgen.,Knip de zin in tweeën.
0134_paspoort-id-kaart_buitenland_paspoort-martinique.txt,https://www.nederlandwereldwijd.nl/paspoort-id-kaart/buitenland/paspoort-martinique,Paspoort of ID-kaart aanvragen als u in Martinique woont | NederlandWereldwijd,11,lange-zin,advies,In uw persoonlijke checklist (uit stap 1) ziet u dat u documenten uit Martinique nodig heeft om een paspoort of ID-kaart...,In uw persoonlijke checklist (uit stap 1) ziet u dat u documenten uit Martinique nodig heeft om een paspoort of ID-kaart...,Zin van 24 woorden; boven de 20 wordt een zin lastig te volgen.,Knip de zin in tweeën.
0134_paspoort-id-kaart_buitenland_paspoort-martinique.txt,https://www.nederlandwereldwijd.nl/paspoort-id-kaart/buitenland/paspoort-martinique,Paspoort of ID-kaart aanvragen als u in Martinique woont | NederlandWereldwijd,73,lange-zin,advies,Op de pagina Hoelang duurt het om een Nederlands paspoort of ID-kaart aan te vragen in het buitenland leest u meer over ...,Op de pagina Hoelang duurt het om een Nederlands paspoort of ID-kaart aan te vragen in het buitenland leest u meer over ...,Zin van 29 woorden; boven de 20 wordt een zin lastig te volgen.,Knip de zin in tweeën.
0134_paspoort-id-kaart_buitenland_paspoort-martinique.txt,https://www.nederlandwereldwijd.nl/paspoort-id-kaart/buitenland/paspoort-martinique,Paspoort of ID-kaart aanvragen als u in Martinique woont | NederlandWereldwijd,92,lange-zin,advies,Bij paspoorten uitgegeven vanaf eind september 2024 staat de naam van de partner vaak op de achterkant van de titelpagin...,Bij paspoorten uitgegeven vanaf eind september 2024 staat de naam van de partner vaak op de achterkant van de titelpagin...,Zin van 26 woorden; boven de 20 wordt een zin lastig te volgen.,Knip de zin in tweeën.
0135_paspoort-id-kaart_buitenland_paspoort-mauritanie.txt,https://www.nederlandwereldwijd.nl/paspoort-id-kaart/buitenland/paspoort-mauritanie,Paspoort of ID-kaart aanvragen als u in Mauritanië woont | NederlandWereldwijd,11,lange-zin,advies,In uw persoonlijke checklist (uit stap 1) ziet u dat u documenten uit Mauritanië nodig heeft om een paspoort of ID-kaart...,In uw persoonlijke checklist (uit stap 1) ziet u dat u documenten uit Mauritanië nodig heeft om een paspoort of ID-kaart...,Zin van 24 woorden; boven de 20 wordt een zin lastig te volgen.,Knip de zin in tweeën.
0135_paspoort-id-kaart_buitenland_paspoort-mauritanie.txt,https://www.nederlandwereldwijd.nl/paspoort-id-kaart/buitenland/paspoort-mauritanie,Paspoort of ID-kaart aanvragen als u in Mauritanië woont | NederlandWereldwijd,74,lange-zin,advies,Op de pagina Hoelang duurt het om een Nederlands paspoort of ID-kaart aan te vragen in het buitenland leest u meer over ...,Op de pagina Hoelang duurt het om een Nederlands paspoort of ID-kaart aan te vragen in het buitenland leest u meer over ...,Zin van 29 woorden; boven de 20 wordt een zin lastig te volgen.,Knip de zin in tweeën.
0135_paspoort-id-kaart_buitenland_paspoort-mauritanie.txt,https://www.nederlandwereldwijd.nl/paspoort-id-kaart/buitenland/paspoort-mauritanie,Paspoort of ID-kaart aanvragen als u in Mauritanië woont | NederlandWereldwijd,92,lange-zin,advies,Bij paspoorten uitgegeven vanaf eind september 2024 staat de naam van de partner vaak op de achterkant van de titelpagin...,Bij paspoorten uitgegeven vanaf eind september 2024 staat de naam van de partner vaak op de achterkant van de titelpagin...,Zin van 26 woorden; boven de 20 wordt een zin lastig te volgen.,Knip de zin in tweeën.
0136_paspoort-id-kaart_buitenland_paspoort-mauritius.txt,https://www.nederlandwereldwijd.nl/paspoort-id-kaart/buitenland/paspoort-mauritius,Paspoort of ID-kaart aanvragen als u in Mauritius woont | NederlandWereldwijd,11,lange-zin,advies,In uw persoonlijke checklist (uit stap 1) ziet u dat u documenten uit Mauritius nodig heeft om een paspoort of ID-kaart ...,In uw persoonlijke checklist (uit stap 1) ziet u dat u documenten uit Mauritius nodig heeft om een paspoort of ID-kaart ...,Zin van 24 woorden; boven de 20 wordt een zin lastig te volgen.,Knip de zin in tweeën.
0136_paspoort-id-kaart_buitenland_paspoort-mauritius.txt,https://www.nederlandwereldwijd.nl/paspoort-id-kaart/buitenland/paspoort-mauritius,Paspoort of ID-kaart aanvragen als u in Mauritius woont | NederlandWereldwijd,72,lange-zin,advies,Op de pagina Hoelang duurt het om een Nederlands paspoort of ID-kaart aan te vragen in het buitenland leest u meer over ...,Op de pagina Hoelang duurt het om een Nederlands paspoort of ID-kaart aan te vragen in het buitenland leest u meer over ...,Zin van 29 woorden; boven de 20 wordt een zin lastig te volgen.,Knip de zin in tweeën.
0136_paspoort-id-kaart_buitenland_paspoort-mauritius.txt,https://www.nederlandwereldwijd.nl/paspoort-id-kaart/buitenland/paspoort-mauritius,Paspoort of ID-kaart aanvragen als u in Mauritius woont | NederlandWereldwijd,92,lange-zin,advies,Bij paspoorten uitgegeven vanaf eind september 2024 staat de naam van de partner vaak op de achterkant van de titelpagin...,Bij paspoorten uitgegeven vanaf eind september 2024 staat de naam van de partner vaak op de achterkant van de titelpagin...,Zin van 26 woorden; boven de 20 wordt een zin lastig te volgen.,Knip de zin in tweeën.
0137_paspoort-id-kaart_buitenland_paspoort-mexico.txt,https://www.nederlandwereldwijd.nl/paspoort-id-kaart/buitenland/paspoort-mexico,Paspoort of ID-kaart aanvragen als u in Mexico woont | NederlandWereldwijd,11,lange-zin,advies,In uw persoonlijke checklist (uit stap 1) ziet u dat u documenten uit Mexico nodig heeft om een paspoort of ID-kaart aan...,In uw persoonlijke checklist (uit stap 1) ziet u dat u documenten uit Mexico nodig heeft om een paspoort of ID-kaart aan...,Zin van 24 woorden; boven de 20 wordt een zin lastig te volgen.,Knip de zin in tweeën.
0137_paspoort-id-kaart_buitenland_paspoort-mexico.txt,https://www.nederlandwereldwijd.nl/paspoort-id-kaart/buitenland/paspoort-mexico,Paspoort of ID-kaart aanvragen als u in Mexico woont | NederlandWereldwijd,76,lange-zin,advies,Op de pagina Hoelang duurt het om een Nederlands paspoort of ID-kaart aan te vragen in het buitenland leest u meer over ...,Op de pagina Hoelang duurt het om een Nederlands paspoort of ID-kaart aan te vragen in het buitenland leest u meer over ...,Zin van 29 woorden; boven de 20 wordt een zin lastig te volgen.,Knip de zin in tweeën.
0137_paspoort-id-kaart_buitenland_paspoort-mexico.txt,https://www.nederlandwereldwijd.nl/paspoort-id-kaart/buitenland/paspoort-mexico,Paspoort of ID-kaart aanvragen als u in Mexico woont | NederlandWereldwijd,93,lange-zin,advies,Dan kunt u voor of na uw afspraak een label kopen bij het DHL kantoor dat op een blok afstand ligt van de ambassade.,Dan kunt u voor of na uw afspraak een label kopen bij het DHL kantoor dat op een blok afstand ligt van de ambassade.,Zin van 24 woorden; boven de 20 wordt een zin lastig te volgen.,Knip de zin in tweeën.
0137_paspoort-id-kaart_buitenland_paspoort-mexico.txt,https://www.nederlandwereldwijd.nl/paspoort-id-kaart/buitenland/paspoort-mexico,Paspoort of ID-kaart aanvragen als u in Mexico woont | NederlandWereldwijd,100,lange-zin,advies,Bij paspoorten uitgegeven vanaf eind september 2024 staat de naam van de partner vaak op de achterkant van de titelpagin...,Bij paspoorten uitgegeven vanaf eind september 2024 staat de naam van de partner vaak op de achterkant van de titelpagin...,Zin van 26 woorden; boven de 20 wordt een zin lastig te volgen.,Knip de zin in tweeën.
0138_paspoort-id-kaart_buitenland_paspoort-micronesie.txt,https://www.nederlandwereldwijd.nl/paspoort-id-kaart/buitenland/paspoort-micronesie,Paspoort of ID-kaart aanvragen als u in Micronesië woont | NederlandWereldwijd,11,lange-zin,advies,In uw persoonlijke checklist (uit stap 1) ziet u dat u documenten uit Micronesië nodig heeft om een paspoort of ID-kaart...,In uw persoonlijke checklist (uit stap 1) ziet u dat u documenten uit Micronesië nodig heeft om een paspoort of ID-kaart...,Zin van 24 woorden; boven de 20 wordt een zin lastig te volgen.,Knip de zin in tweeën.
0138_paspoort-id-kaart_buitenland_paspoort-micronesie.txt,https://www.nederlandwereldwijd.nl/paspoort-id-kaart/buitenland/paspoort-micronesie,Paspoort of ID-kaart aanvragen als u in Micronesië woont | NederlandWereldwijd,61,lange-zin,advies,In het overzicht van de consulaire tarieven in de Filipijnen ziet u wat een paspoort of ID-kaart kost en hoe u kunt beta...,In het overzicht van de consulaire tarieven in de Filipijnen ziet u wat een paspoort of ID-kaart kost en hoe u kunt beta...,Zin van 23 woorden; boven de 20 wordt een zin lastig te volgen.,Knip de zin in tweeën.
0138_paspoort-id-kaart_buitenland_paspoort-micronesie.txt,https://www.nederlandwereldwijd.nl/paspoort-id-kaart/buitenland/paspoort-micronesie,Paspoort of ID-kaart aanvragen als u in Micronesië woont | NederlandWereldwijd,75,lange-zin,advies,Op de pagina Hoelang duurt het om een Nederlands paspoort of ID-kaart aan te vragen in het buitenland leest u meer over ...,Op de pagina Hoelang duurt het om een Nederlands paspoort of ID-kaart aan te vragen in het buitenland leest u meer over ...,Zin van 29 woorden; boven de 20 wordt een zin lastig te volgen.,Knip de zin in tweeën.
0138_paspoort-id-kaart_buitenland_paspoort-micronesie.txt,https://www.nederlandwereldwijd.nl/paspoort-id-kaart/buitenland/paspoort-micronesie,Paspoort of ID-kaart aanvragen als u in Micronesië woont | NederlandWereldwijd,90,lange-zin,advies,Bij paspoorten uitgegeven vanaf eind september 2024 staat de naam van de partner vaak op de achterkant van de titelpagin...,Bij paspoorten uitgegeven vanaf eind september 2024 staat de naam van de partner vaak op de achterkant van de titelpagin...,Zin van 26 woorden; boven de 20 wordt een zin lastig te volgen.,Knip de zin in tweeën.
0139_paspoort-id-kaart_buitenland_paspoort-moldavie.txt,https://www.nederlandwereldwijd.nl/paspoort-id-kaart/buitenland/paspoort-moldavie,Paspoort of ID-kaart aanvragen als u in Moldavië woont | NederlandWereldwijd,11,lange-zin,advies,In uw persoonlijke checklist (uit stap 1) ziet u dat u documenten uit Moldavië nodig heeft om een paspoort of ID-kaart a...,In uw persoonlijke checklist (uit stap 1) ziet u dat u documenten uit Moldavië nodig heeft om een paspoort of ID-kaart a...,Zin van 24 woorden; boven de 20 wordt een zin lastig te volgen.,Knip de zin in tweeën.
0139_paspoort-id-kaart_buitenland_paspoort-moldavie.txt,https://www.nederlandwereldwijd.nl/paspoort-id-kaart/buitenland/paspoort-moldavie,Paspoort of ID-kaart aanvragen als u in Moldavië woont | NederlandWereldwijd,62,lange-zin,advies,In het overzicht van de consulaire tarieven in Roemenië ziet u wat een paspoort of ID-kaart kost en hoe u kunt betalen.,In het overzicht van de consulaire tarieven in Roemenië ziet u wat een paspoort of ID-kaart kost en hoe u kunt betalen.,Zin van 22 woorden; boven de 20 wordt een zin lastig te volgen.,Knip de zin in tweeën.
0139_paspoort-id-kaart_buitenland_paspoort-moldavie.txt,https://www.nederlandwereldwijd.nl/paspoort-id-kaart/buitenland/paspoort-moldavie,Paspoort of ID-kaart aanvragen als u in Moldavië woont | NederlandWereldwijd,76,lange-zin,advies,Op de pagina Hoelang duurt het om een Nederlands paspoort of ID-kaart aan te vragen in het buitenland leest u meer over ...,Op de pagina Hoelang duurt het om een Nederlands paspoort of ID-kaart aan te vragen in het buitenland leest u meer over ...,Zin van 29 woorden; boven de 20 wordt een zin lastig te volgen.,Knip de zin in tweeën.
0139_paspoort-id-kaart_buitenland_paspoort-moldavie.txt,https://www.nederlandwereldwijd.nl/paspoort-id-kaart/buitenland/paspoort-moldavie,Paspoort of ID-kaart aanvragen als u in Moldavië woont | NederlandWereldwijd,80,lange-zin,advies,U kunt uw nieuwe paspoort of ID-kaart ophalen bij de ambassade in Boekarest op dinsdag en donderdag van 10.00 – 13.00 uu...,U kunt uw nieuwe paspoort of ID-kaart ophalen bij de ambassade in Boekarest op dinsdag en donderdag van 10.00 – 13.00 uu...,Zin van 22 woorden; boven de 20 wordt een zin lastig te volgen.,Knip de zin in tweeën.
0139_paspoort-id-kaart_buitenland_paspoort-moldavie.txt,https://www.nederlandwereldwijd.nl/paspoort-id-kaart/buitenland/paspoort-moldavie,Paspoort of ID-kaart aanvragen als u in Moldavië woont | NederlandWereldwijd,92,lange-zin,advies,Bij paspoorten uitgegeven vanaf eind september 2024 staat de naam van de partner vaak op de achterkant van de titelpagin...,Bij paspoorten uitgegeven vanaf eind september 2024 staat de naam van de partner vaak op de achterkant van de titelpagin...,Zin van 26 woorden; boven de 20 wordt een zin lastig te volgen.,Knip de zin in tweeën.
0140_paspoort-id-kaart_buitenland_paspoort-monaco.txt,https://www.nederlandwereldwijd.nl/paspoort-id-kaart/buitenland/paspoort-monaco,Paspoort of ID-kaart aanvragen als u in Monaco woont | NederlandWereldwijd,11,lange-zin,advies,In uw persoonlijke checklist (uit stap 1) ziet u dat u documenten uit Monaco nodig heeft om een paspoort of ID-kaart aan...,In uw persoonlijke checklist (uit stap 1) ziet u dat u documenten uit Monaco nodig heeft om een paspoort of ID-kaart aan...,Zin van 24 woorden; boven de 20 wordt een zin lastig te volgen.,Knip de zin in tweeën.
0140_paspoort-id-kaart_buitenland_paspoort-monaco.txt,https://www.nederlandwereldwijd.nl/paspoort-id-kaart/buitenland/paspoort-monaco,Paspoort of ID-kaart aanvragen als u in Monaco woont | NederlandWereldwijd,60,lange-zin,advies,In het overzicht van de consulaire tarieven in Frankrijk ziet u wat een paspoort of ID-kaart kost en hoe u kunt betalen.,In het overzicht van de consulaire tarieven in Frankrijk ziet u wat een paspoort of ID-kaart kost en hoe u kunt betalen.,Zin van 22 woorden; boven de 20 wordt een zin lastig te volgen.,Knip de zin in tweeën.
0140_paspoort-id-kaart_buitenland_paspoort-monaco.txt,https://www.nederlandwereldwijd.nl/paspoort-id-kaart/buitenland/paspoort-monaco,Paspoort of ID-kaart aanvragen als u in Monaco woont | NederlandWereldwijd,75,lange-zin,advies,Op de pagina Hoelang duurt het om een Nederlands paspoort of ID-kaart aan te vragen in het buitenland leest u meer over ...,Op de pagina Hoelang duurt het om een Nederlands paspoort of ID-kaart aan te vragen in het buitenland leest u meer over ...,Zin van 29 woorden; boven de 20 wordt een zin lastig te volgen.,Knip de zin in tweeën.
0140_paspoort-id-kaart_buitenland_paspoort-monaco.txt,https://www.nederlandwereldwijd.nl/paspoort-id-kaart/buitenland/paspoort-monaco,Paspoort of ID-kaart aanvragen als u in Monaco woont | NederlandWereldwijd,93,lange-zin,advies,Bij paspoorten uitgegeven vanaf eind september 2024 staat de naam van de partner vaak op de achterkant van de titelpagin...,Bij paspoorten uitgegeven vanaf eind september 2024 staat de naam van de partner vaak op de achterkant van de titelpagin...,Zin van 26 woorden; boven de 20 wordt een zin lastig te volgen.,Knip de zin in tweeën.
0141_paspoort-id-kaart_buitenland_paspoort-mongolie.txt,https://www.nederlandwereldwijd.nl/paspoort-id-kaart/buitenland/paspoort-mongolie,Paspoort of ID-kaart aanvragen als u in Mongolië woont | NederlandWereldwijd,11,lange-zin,advies,In uw persoonlijke checklist (uit stap 1) ziet u dat u documenten uit Mongolië nodig heeft om een paspoort of ID-kaart a...,In uw persoonlijke checklist (uit stap 1) ziet u dat u documenten uit Mongolië nodig heeft om een paspoort of ID-kaart a...,Zin van 24 woorden; boven de 20 wordt een zin lastig te volgen.,Knip de zin in tweeën.
0141_paspoort-id-kaart_buitenland_paspoort-mongolie.txt,https://www.nederlandwereldwijd.nl/paspoort-id-kaart/buitenland/paspoort-mongolie,Paspoort of ID-kaart aanvragen als u in Mongolië woont | NederlandWereldwijd,80,lange-zin,advies,Op de pagina Hoelang duurt het om een Nederlands paspoort of ID-kaart aan te vragen in het buitenland leest u meer over ...,Op de pagina Hoelang duurt het om een Nederlands paspoort of ID-kaart aan te vragen in het buitenland leest u meer over ...,Zin van 29 woorden; boven de 20 wordt een zin lastig te volgen.,Knip de zin in tweeën.
0141_paspoort-id-kaart_buitenland_paspoort-mongolie.txt,https://www.nederlandwereldwijd.nl/paspoort-id-kaart/buitenland/paspoort-mongolie,Paspoort of ID-kaart aanvragen als u in Mongolië woont | NederlandWereldwijd,105,lange-zin,advies,Bij paspoorten uitgegeven vanaf eind september 2024 staat de naam van de partner vaak op de achterkant van de titelpagin...,Bij paspoorten uitgegeven vanaf eind september 2024 staat de naam van de partner vaak op de achterkant van de titelpagin...,Zin van 26 woorden; boven de 20 wordt een zin lastig te volgen.,Knip de zin in tweeën.
0142_paspoort-id-kaart_buitenland_paspoort-montenegro.txt,https://www.nederlandwereldwijd.nl/paspoort-id-kaart/buitenland/paspoort-montenegro,Paspoort of ID-kaart aanvragen als u in Montenegro woont | NederlandWereldwijd,11,lange-zin,advies,In uw persoonlijke checklist (uit stap 1) ziet u dat u documenten uit Montenegro nodig heeft om een paspoort of ID-kaart...,In uw persoonlijke checklist (uit stap 1) ziet u dat u documenten uit Montenegro nodig heeft om een paspoort of ID-kaart...,Zin van 24 woorden; boven de 20 wordt een zin lastig te volgen.,Knip de zin in tweeën.
0142_paspoort-id-kaart_buitenland_paspoort-montenegro.txt,https://www.nederlandwereldwijd.nl/paspoort-id-kaart/buitenland/paspoort-montenegro,Paspoort of ID-kaart aanvragen als u in Montenegro woont | NederlandWereldwijd,84,lange-zin,advies,Op de pagina Hoelang duurt het om een Nederlands paspoort of ID-kaart aan te vragen in het buitenland leest u meer over ...,Op de pagina Hoelang duurt het om een Nederlands paspoort of ID-kaart aan te vragen in het buitenland leest u meer over ...,Zin van 29 woorden; boven de 20 wordt een zin lastig te volgen.,Knip de zin in tweeën.
0142_paspoort-id-kaart_buitenland_paspoort-montenegro.txt,https://www.nederlandwereldwijd.nl/paspoort-id-kaart/buitenland/paspoort-montenegro,Paspoort of ID-kaart aanvragen als u in Montenegro woont | NederlandWereldwijd,99,lange-zin,advies,Bij paspoorten uitgegeven vanaf eind september 2024 staat de naam van de partner vaak op de achterkant van de titelpagin...,Bij paspoorten uitgegeven vanaf eind september 2024 staat de naam van de partner vaak op de achterkant van de titelpagin...,Zin van 26 woorden; boven de 20 wordt een zin lastig te volgen.,Knip de zin in tweeën.
0143_paspoort-id-kaart_buitenland_paspoort-montserrat.txt,https://www.nederlandwereldwijd.nl/paspoort-id-kaart/buitenland/paspoort-montserrat,Paspoort of ID-kaart aanvragen als u in Montserrat woont | NederlandWereldwijd,11,lange-zin,advies,In uw persoonlijke checklist (uit stap 1) ziet u dat u documenten uit Montserrat nodig heeft om een paspoort of ID-kaart...,In uw persoonlijke checklist (uit stap 1) ziet u dat u documenten uit Montserrat nodig heeft om een paspoort of ID-kaart...,Zin van 24 woorden; boven de 20 wordt een zin lastig te volgen.,Knip de zin in tweeën.
0143_paspoort-id-kaart_buitenland_paspoort-montserrat.txt,https://www.nederlandwereldwijd.nl/paspoort-id-kaart/buitenland/paspoort-montserrat,Paspoort of ID-kaart aanvragen als u in Montserrat woont | NederlandWereldwijd,73,lange-zin,advies,Op de pagina Hoelang duurt het om een Nederlands paspoort of ID-kaart aan te vragen in het buitenland leest u meer over ...,Op de pagina Hoelang duurt het om een Nederlands paspoort of ID-kaart aan te vragen in het buitenland leest u meer over ...,Zin van 29 woorden; boven de 20 wordt een zin lastig te volgen.,Knip de zin in tweeën.
0143_paspoort-id-kaart_buitenland_paspoort-montserrat.txt,https://www.nederlandwereldwijd.nl/paspoort-id-kaart/buitenland/paspoort-montserrat,Paspoort of ID-kaart aanvragen als u in Montserrat woont | NederlandWereldwijd,92,lange-zin,advies,Bij paspoorten uitgegeven vanaf eind september 2024 staat de naam van de partner vaak op de achterkant van de titelpagin...,Bij paspoorten uitgegeven vanaf eind september 2024 staat de naam van de partner vaak op de achterkant van de titelpagin...,Zin van 26 woorden; boven de 20 wordt een zin lastig te volgen.,Knip de zin in tweeën.
0144_paspoort-id-kaart_buitenland_paspoort-mozambique.txt,https://www.nederlandwereldwijd.nl/paspoort-id-kaart/buitenland/paspoort-mozambique,Paspoort of ID-kaart aanvragen als u in Mozambique woont | NederlandWereldwijd,11,lange-zin,advies,In uw persoonlijke checklist (uit stap 1) ziet u dat u documenten uit Mozambique nodig heeft om een paspoort of ID-kaart...,In uw persoonlijke checklist (uit stap 1) ziet u dat u documenten uit Mozambique nodig heeft om een paspoort of ID-kaart...,Zin van 24 woorden; boven de 20 wordt een zin lastig te volgen.,Knip de zin in tweeën.
0144_paspoort-id-kaart_buitenland_paspoort-mozambique.txt,https://www.nederlandwereldwijd.nl/paspoort-id-kaart/buitenland/paspoort-mozambique,Paspoort of ID-kaart aanvragen als u in Mozambique woont | NederlandWereldwijd,73,lange-zin,advies,Op de pagina Hoelang duurt het om een Nederlands paspoort of ID-kaart aan te vragen in het buitenland leest u meer over ...,Op de pagina Hoelang duurt het om een Nederlands paspoort of ID-kaart aan te vragen in het buitenland leest u meer over ...,Zin van 29 woorden; boven de 20 wordt een zin lastig te volgen.,Knip de zin in tweeën.
0144_paspoort-id-kaart_buitenland_paspoort-mozambique.txt,https://www.nederlandwereldwijd.nl/paspoort-id-kaart/buitenland/paspoort-mozambique,Paspoort of ID-kaart aanvragen als u in Mozambique woont | NederlandWereldwijd,92,lange-zin,advies,Bij paspoorten uitgegeven vanaf eind september 2024 staat de naam van de partner vaak op de achterkant van de titelpagin...,Bij paspoorten uitgegeven vanaf eind september 2024 staat de naam van de partner vaak op de achterkant van de titelpagin...,Zin van 26 woorden; boven de 20 wordt een zin lastig te volgen.,Knip de zin in tweeën.
0145_paspoort-id-kaart_buitenland_paspoort-myanmar.txt,https://www.nederlandwereldwijd.nl/paspoort-id-kaart/buitenland/paspoort-myanmar,Paspoort of ID-kaart aanvragen als u in Myanmar woont | NederlandWereldwijd,11,lange-zin,advies,In uw persoonlijke checklist (uit stap 1) ziet u dat u documenten uit Myanmar nodig heeft om een paspoort of ID-kaart aa...,In uw persoonlijke checklist (uit stap 1) ziet u dat u documenten uit Myanmar nodig heeft om een paspoort of ID-kaart aa...,Zin van 24 woorden; boven de 20 wordt een zin lastig te volgen.,Knip de zin in tweeën.
0145_paspoort-id-kaart_buitenland_paspoort-myanmar.txt,https://www.nederlandwereldwijd.nl/paspoort-id-kaart/buitenland/paspoort-myanmar,Paspoort of ID-kaart aanvragen als u in Myanmar woont | NederlandWereldwijd,60,lange-zin,advies,In het overzicht van de consulaire tarieven in Thailand ziet u wat een paspoort of ID-kaart kost en hoe u kunt betalen.,In het overzicht van de consulaire tarieven in Thailand ziet u wat een paspoort of ID-kaart kost en hoe u kunt betalen.,Zin van 22 woorden; boven de 20 wordt een zin lastig te volgen.,Knip de zin in tweeën.
0145_paspoort-id-kaart_buitenland_paspoort-myanmar.txt,https://www.nederlandwereldwijd.nl/paspoort-id-kaart/buitenland/paspoort-myanmar,Paspoort of ID-kaart aanvragen als u in Myanmar woont | NederlandWereldwijd,74,lange-zin,advies,Op de pagina Hoelang duurt het om een Nederlands paspoort of ID-kaart aan te vragen in het buitenland leest u meer over ...,Op de pagina Hoelang duurt het om een Nederlands paspoort of ID-kaart aan te vragen in het buitenland leest u meer over ...,Zin van 29 woorden; boven de 20 wordt een zin lastig te volgen.,Knip de zin in tweeën.
0145_paspoort-id-kaart_buitenland_paspoort-myanmar.txt,https://www.nederlandwereldwijd.nl/paspoort-id-kaart/buitenland/paspoort-myanmar,Paspoort of ID-kaart aanvragen als u in Myanmar woont | NederlandWereldwijd,78,lange-zin,advies,U kunt uw nieuwe paspoort of ID-kaart ophalen bij de ambassade in Bangkok op maandag tot en met donderdag van 13.30 – 15...,U kunt uw nieuwe paspoort of ID-kaart ophalen bij de ambassade in Bangkok op maandag tot en met donderdag van 13.30 – 15...,Zin van 24 woorden; boven de 20 wordt een zin lastig te volgen.,Knip de zin in tweeën.
0145_paspoort-id-kaart_buitenland_paspoort-myanmar.txt,https://www.nederlandwereldwijd.nl/paspoort-id-kaart/buitenland/paspoort-myanmar,Paspoort of ID-kaart aanvragen als u in Myanmar woont | NederlandWereldwijd,90,lange-zin,advies,Bij paspoorten uitgegeven vanaf eind september 2024 staat de naam van de partner vaak op de achterkant van de titelpagin...,Bij paspoorten uitgegeven vanaf eind september 2024 staat de naam van de partner vaak op de achterkant van de titelpagin...,Zin van 26 woorden; boven de 20 wordt een zin lastig te volgen.,Knip de zin in tweeën.
0146_paspoort-id-kaart_buitenland_paspoort-namibie.txt,https://www.nederlandwereldwijd.nl/paspoort-id-kaart/buitenland/paspoort-namibie,Paspoort of ID-kaart aanvragen als u in Namibië woont | NederlandWereldwijd,11,lange-zin,advies,In uw persoonlijke checklist (uit stap 1) ziet u dat u documenten uit Namibië nodig heeft om een paspoort of ID-kaart aa...,In uw persoonlijke checklist (uit stap 1) ziet u dat u documenten uit Namibië nodig heeft om een paspoort of ID-kaart aa...,Zin van 24 woorden; boven de 20 wordt een zin lastig te volgen.,Knip de zin in tweeën.
0146_paspoort-id-kaart_buitenland_paspoort-namibie.txt,https://www.nederlandwereldwijd.nl/paspoort-id-kaart/buitenland/paspoort-namibie,Paspoort of ID-kaart aanvragen als u in Namibië woont | NederlandWereldwijd,19,lange-zin,advies,als u getrouwd bent met een Namibiër: een kopie van de gelegaliseerde huwelijksakte met kopie van het paspoort van de ec...,als u getrouwd bent met een Namibiër: een kopie van de gelegaliseerde huwelijksakte met kopie van het paspoort van de ec...,Zin van 21 woorden; boven de 20 wordt een zin lastig te volgen.,Knip de zin in tweeën.
0146_paspoort-id-kaart_buitenland_paspoort-namibie.txt,https://www.nederlandwereldwijd.nl/paspoort-id-kaart/buitenland/paspoort-namibie,Paspoort of ID-kaart aanvragen als u in Namibië woont | NederlandWereldwijd,75,lange-zin,advies,Op de pagina Hoelang duurt het om een Nederlands paspoort of ID-kaart aan te vragen in het buitenland leest u meer over ...,Op de pagina Hoelang duurt het om een Nederlands paspoort of ID-kaart aan te vragen in het buitenland leest u meer over ...,Zin van 29 woorden; boven de 20 wordt een zin lastig te volgen.,Knip de zin in tweeën.
0146_paspoort-id-kaart_buitenland_paspoort-namibie.txt,https://www.nederlandwereldwijd.nl/paspoort-id-kaart/buitenland/paspoort-namibie,Paspoort of ID-kaart aanvragen als u in Namibië woont | NederlandWereldwijd,105,lange-zin,advies,Bij paspoorten uitgegeven vanaf eind september 2024 staat de naam van de partner vaak op de achterkant van de titelpagin...,Bij paspoorten uitgegeven vanaf eind september 2024 staat de naam van de partner vaak op de achterkant van de titelpagin...,Zin van 26 woorden; boven de 20 wordt een zin lastig te volgen.,Knip de zin in tweeën.
0147_paspoort-id-kaart_buitenland_paspoort-nauru.txt,https://www.nederlandwereldwijd.nl/paspoort-id-kaart/buitenland/paspoort-nauru,Paspoort of ID-kaart aanvragen als u in Naoero (Nauru) woont | NederlandWereldwijd,11,lange-zin,advies,In uw persoonlijke checklist (uit stap 1) ziet u dat u documenten uit Naoero nodig heeft om een paspoort of ID-kaart aan...,In uw persoonlijke checklist (uit stap 1) ziet u dat u documenten uit Naoero nodig heeft om een paspoort of ID-kaart aan...,Zin van 24 woorden; boven de 20 wordt een zin lastig te volgen.,Knip de zin in tweeën.
0147_paspoort-id-kaart_buitenland_paspoort-nauru.txt,https://www.nederlandwereldwijd.nl/paspoort-id-kaart/buitenland/paspoort-nauru,Paspoort of ID-kaart aanvragen als u in Naoero (Nauru) woont | NederlandWereldwijd,66,lange-zin,advies,In het overzicht van de consulaire tarieven in Australië ziet u wat een paspoort of ID-kaart kost en hoe u kunt betalen.,In het overzicht van de consulaire tarieven in Australië ziet u wat een paspoort of ID-kaart kost en hoe u kunt betalen.,Zin van 22 woorden; boven de 20 wordt een zin lastig te volgen.,Knip de zin in tweeën.
0147_paspoort-id-kaart_buitenland_paspoort-nauru.txt,https://www.nederlandwereldwijd.nl/paspoort-id-kaart/buitenland/paspoort-nauru,Paspoort of ID-kaart aanvragen als u in Naoero (Nauru) woont | NederlandWereldwijd,80,lange-zin,advies,Op de pagina Hoelang duurt het om een Nederlands paspoort of ID-kaart aan te vragen in het buitenland leest u meer over ...,Op de pagina Hoelang duurt het om een Nederlands paspoort of ID-kaart aan te vragen in het buitenland leest u meer over ...,Zin van 29 woorden; boven de 20 wordt een zin lastig te volgen.,Knip de zin in tweeën.
0147_paspoort-id-kaart_buitenland_paspoort-nauru.txt,https://www.nederlandwereldwijd.nl/paspoort-id-kaart/buitenland/paspoort-nauru,Paspoort of ID-kaart aanvragen als u in Naoero (Nauru) woont | NederlandWereldwijd,89,lijdende-vorm,advies,worden niet geaccepteerd,Andere enveloppen worden niet geaccepteerd.,Lijdende vorm: de lezer ziet niet wie er iets doet.,"Schrijf actief, bijvoorbeeld 'wij sturen' of 'u ontvangt'."
0147_paspoort-id-kaart_buitenland_paspoort-nauru.txt,https://www.nederlandwereldwijd.nl/paspoort-id-kaart/buitenland/paspoort-nauru,Paspoort of ID-kaart aanvragen als u in Naoero (Nauru) woont | NederlandWereldwijd,90,lijdende-vorm,advies,worden verstuurd,"De envelop moet zijn voorzien van een signature on delivery sticker, anders kan het paspoort niet worden verstuurd.",Lijdende vorm: de lezer ziet niet wie er iets doet.,"Schrijf actief, bijvoorbeeld 'wij sturen' of 'u ontvangt'."
0147_paspoort-id-kaart_buitenland_paspoort-nauru.txt,https://www.nederlandwereldwijd.nl/paspoort-id-kaart/buitenland/paspoort-nauru,Paspoort of ID-kaart aanvragen als u in Naoero (Nauru) woont | NederlandWereldwijd,100,lange-zin,advies,Bij paspoorten uitgegeven vanaf eind september 2024 staat de naam van de partner vaak op de achterkant van de titelpagin...,Bij paspoorten uitgegeven vanaf eind september 2024 staat de naam van de partner vaak op de achterkant van de titelpagin...,Zin van 26 woorden; boven de 20 wordt een zin lastig te volgen.,Knip de zin in tweeën.
0148_paspoort-id-kaart_buitenland_paspoort-nepal.txt,https://www.nederlandwereldwijd.nl/paspoort-id-kaart/buitenland/paspoort-nepal,Paspoort of ID-kaart aanvragen als u in Nepal woont | NederlandWereldwijd,11,lange-zin,advies,In uw persoonlijke checklist (uit stap 1) ziet u dat u documenten uit Nepal nodig heeft om een paspoort of ID-kaart aan ...,In uw persoonlijke checklist (uit stap 1) ziet u dat u documenten uit Nepal nodig heeft om een paspoort of ID-kaart aan ...,Zin van 24 woorden; boven de 20 wordt een zin lastig te volgen.,Knip de zin in tweeën.
0148_paspoort-id-kaart_buitenland_paspoort-nepal.txt,https://www.nederlandwereldwijd.nl/paspoort-id-kaart/buitenland/paspoort-nepal,Paspoort of ID-kaart aanvragen als u in Nepal woont | NederlandWereldwijd,61,lange-zin,advies,In het overzicht van de consulaire tarieven in India ziet u wat een paspoort of ID-kaart kost en hoe u kunt betalen.,In het overzicht van de consulaire tarieven in India ziet u wat een paspoort of ID-kaart kost en hoe u kunt betalen.,Zin van 22 woorden; boven de 20 wordt een zin lastig te volgen.,Knip de zin in tweeën.
0148_paspoort-id-kaart_buitenland_paspoort-nepal.txt,https://www.nederlandwereldwijd.nl/paspoort-id-kaart/buitenland/paspoort-nepal,Paspoort of ID-kaart aanvragen als u in Nepal woont | NederlandWereldwijd,75,lange-zin,advies,Op de pagina Hoelang duurt het om een Nederlands paspoort of ID-kaart aan te vragen in het buitenland leest u meer over ...,Op de pagina Hoelang duurt het om een Nederlands paspoort of ID-kaart aan te vragen in het buitenland leest u meer over ...,Zin van 29 woorden; boven de 20 wordt een zin lastig te volgen.,Knip de zin in tweeën.
0148_paspoort-id-kaart_buitenland_paspoort-nepal.txt,https://www.nederlandwereldwijd.nl/paspoort-id-kaart/buitenland/paspoort-nepal,Paspoort of ID-kaart aanvragen als u in Nepal woont | NederlandWereldwijd,99,lange-zin,advies,Bij paspoorten uitgegeven vanaf eind september 2024 staat de naam van de partner vaak op de achterkant van de titelpagin...,Bij paspoorten uitgegeven vanaf eind september 2024 staat de naam van de partner vaak op de achterkant van de titelpagin...,Zin van 26 woorden; boven de 20 wordt een zin lastig te volgen.,Knip de zin in tweeën.
0149_paspoort-id-kaart_buitenland_paspoort-nicaragua.txt,https://www.nederlandwereldwijd.nl/paspoort-id-kaart/buitenland/paspoort-nicaragua,Paspoort of ID-kaart aanvragen als u in Nicaragua woont | NederlandWereldwijd,11,lange-zin,advies,In uw persoonlijke checklist (uit stap 1) ziet u dat u documenten uit Nicaragua nodig heeft om een paspoort of ID-kaart ...,In uw persoonlijke checklist (uit stap 1) ziet u dat u documenten uit Nicaragua nodig heeft om een paspoort of ID-kaart ...,Zin van 24 woorden; boven de 20 wordt een zin lastig te volgen.,Knip de zin in tweeën.
0149_paspoort-id-kaart_buitenland_paspoort-nicaragua.txt,https://www.nederlandwereldwijd.nl/paspoort-id-kaart/buitenland/paspoort-nicaragua,Paspoort of ID-kaart aanvragen als u in Nicaragua woont | NederlandWereldwijd,74,lange-zin,advies,Op de pagina Hoelang duurt het om een Nederlands paspoort of ID-kaart aan te vragen in het buitenland leest u meer over ...,Op de pagina Hoelang duurt het om een Nederlands paspoort of ID-kaart aan te vragen in het buitenland leest u meer over ...,Zin van 29 woorden; boven de 20 wordt een zin lastig te volgen.,Knip de zin in tweeën.
0149_paspoort-id-kaart_buitenland_paspoort-nicaragua.txt,https://www.nederlandwereldwijd.nl/paspoort-id-kaart/buitenland/paspoort-nicaragua,Paspoort of ID-kaart aanvragen als u in Nicaragua woont | NederlandWereldwijd,88,lange-zin,advies,Bij paspoorten uitgegeven vanaf eind september 2024 staat de naam van de partner vaak op de achterkant van de titelpagin...,Bij paspoorten uitgegeven vanaf eind september 2024 staat de naam van de partner vaak op de achterkant van de titelpagin...,Zin van 26 woorden; boven de 20 wordt een zin lastig te volgen.,Knip de zin in tweeën.
0150_paspoort-id-kaart_buitenland_paspoort-nieuw-caledonie.txt,https://www.nederlandwereldwijd.nl/paspoort-id-kaart/buitenland/paspoort-nieuw-caledonie,Paspoort of ID-kaart aanvragen als u in Nieuw-Caledonië woont | NederlandWereldwijd,11,lange-zin,advies,In uw persoonlijke checklist (uit stap 1) ziet u dat u documenten uit Nieuw-Caledonië nodig heeft om een paspoort of ID-...,In uw persoonlijke checklist (uit stap 1) ziet u dat u documenten uit Nieuw-Caledonië nodig heeft om een paspoort of ID-...,Zin van 24 woorden; boven de 20 wordt een zin lastig te volgen.,Knip de zin in tweeën.
0150_paspoort-id-kaart_buitenland_paspoort-nieuw-caledonie.txt,https://www.nederlandwereldwijd.nl/paspoort-id-kaart/buitenland/paspoort-nieuw-caledonie,Paspoort of ID-kaart aanvragen als u in Nieuw-Caledonië woont | NederlandWereldwijd,61,lange-zin,advies,In het overzicht van de consulaire tarieven in Nieuw-Zeeland ziet u wat een paspoort of ID-kaart kost en hoe u kunt beta...,In het overzicht van de consulaire tarieven in Nieuw-Zeeland ziet u wat een paspoort of ID-kaart kost en hoe u kunt beta...,Zin van 22 woorden; boven de 20 wordt een zin lastig te volgen.,Knip de zin in tweeën.
0150_paspoort-id-kaart_buitenland_paspoort-nieuw-caledonie.txt,https://www.nederlandwereldwijd.nl/paspoort-id-kaart/buitenland/paspoort-nieuw-caledonie,Paspoort of ID-kaart aanvragen als u in Nieuw-Caledonië woont | NederlandWereldwijd,76,lange-zin,advies,Op de pagina Hoelang duurt het om een Nederlands paspoort of ID-kaart aan te vragen in het buitenland leest u meer over ...,Op de pagina Hoelang duurt het om een Nederlands paspoort of ID-kaart aan te vragen in het buitenland leest u meer over ...,Zin van 29 woorden; boven de 20 wordt een zin lastig te volgen.,Knip de zin in tweeën.
0150_paspoort-id-kaart_buitenland_paspoort-nieuw-caledonie.txt,https://www.nederlandwereldwijd.nl/paspoort-id-kaart/buitenland/paspoort-nieuw-caledonie,Paspoort of ID-kaart aanvragen als u in Nieuw-Caledonië woont | NederlandWereldwijd,96,lange-zin,advies,Bij paspoorten uitgegeven vanaf eind september 2024 staat de naam van de partner vaak op de achterkant van de titelpagin...,Bij paspoorten uitgegeven vanaf eind september 2024 staat de naam van de partner vaak op de achterkant van de titelpagin...,Zin van 26 woorden; boven de 20 wordt een zin lastig te volgen.,Knip de zin in tweeën.
0151_paspoort-id-kaart_buitenland_paspoort-nieuw-zeeland.txt,https://www.nederlandwereldwijd.nl/paspoort-id-kaart/buitenland/paspoort-nieuw-zeeland,Paspoort of ID-kaart aanvragen als u in Nieuw-Zeeland woont | NederlandWereldwijd,18,lange-zin,advies,U moet dit document nog legaliseren met een appostille (informatie in het Engels) voordat u het kunt gebruiken om uw pas...,U moet dit document nog legaliseren met een appostille (informatie in het Engels) voordat u het kunt gebruiken om uw pas...,Zin van 26 woorden; boven de 20 wordt een zin lastig te volgen.,Knip de zin in tweeën.
0151_paspoort-id-kaart_buitenland_paspoort-nieuw-zeeland.txt,https://www.nederlandwereldwijd.nl/paspoort-id-kaart/buitenland/paspoort-nieuw-zeeland,Paspoort of ID-kaart aanvragen als u in Nieuw-Zeeland woont | NederlandWereldwijd,28,lange-zin,advies,Als u uw Nederlandse paspoort of ID-kaart voor de eerste keer verlengt sinds u de Nieuw-Zeelandse nationaliteit heeft ve...,Als u uw Nederlandse paspoort of ID-kaart voor de eerste keer verlengt sinds u de Nieuw-Zeelandse nationaliteit heeft ve...,Zin van 28 woorden; boven de 20 wordt een zin lastig te volgen.,Knip de zin in tweeën.
0151_paspoort-id-kaart_buitenland_paspoort-nieuw-zeeland.txt,https://www.nederlandwereldwijd.nl/paspoort-id-kaart/buitenland/paspoort-nieuw-zeeland,Paspoort of ID-kaart aanvragen als u in Nieuw-Zeeland woont | NederlandWereldwijd,30,lange-zin,advies,"Als u de Nieuw-Zeelandse nationaliteit heeft verkregen via uw partner, neem dan ook een bewijs mee dat u getrouwd was te...","Als u de Nieuw-Zeelandse nationaliteit heeft verkregen via uw partner, neem dan ook een bewijs mee dat u getrouwd was te...",Zin van 25 woorden; boven de 20 wordt een zin lastig te volgen.,Knip de zin in tweeën.
0151_paspoort-id-kaart_buitenland_paspoort-nieuw-zeeland.txt,https://www.nederlandwereldwijd.nl/paspoort-id-kaart/buitenland/paspoort-nieuw-zeeland,Paspoort of ID-kaart aanvragen als u in Nieuw-Zeeland woont | NederlandWereldwijd,31,lange-zin,advies,Heeft u de Nieuw-Zeelandse nationaliteit  verkregen nadat u 5 jaar of langer onafgebroken in Nieuw-Zeeland heeft gewoond...,Heeft u de Nieuw-Zeelandse nationaliteit  verkregen nadat u 5 jaar of langer onafgebroken in Nieuw-Zeeland heeft gewoond...,Zin van 21 woorden; boven de 20 wordt een zin lastig te volgen.,Knip de zin in tweeën.
0151_paspoort-id-kaart_buitenland_paspoort-nieuw-zeeland.txt,https://www.nederlandwereldwijd.nl/paspoort-id-kaart/buitenland/paspoort-nieuw-zeeland,Paspoort of ID-kaart aanvragen als u in Nieuw-Zeeland woont | NederlandWereldwijd,126,lange-zin,advies,In het overzicht van de consulaire tarieven in Nieuw-Zeeland ziet u wat een paspoort of ID-kaart kost en hoe u kunt beta...,In het overzicht van de consulaire tarieven in Nieuw-Zeeland ziet u wat een paspoort of ID-kaart kost en hoe u kunt beta...,Zin van 22 woorden; boven de 20 wordt een zin lastig te volgen.,Knip de zin in tweeën.
0151_paspoort-id-kaart_buitenland_paspoort-nieuw-zeeland.txt,https://www.nederlandwereldwijd.nl/paspoort-id-kaart/buitenland/paspoort-nieuw-zeeland,Paspoort of ID-kaart aanvragen als u in Nieuw-Zeeland woont | NederlandWereldwijd,141,lange-zin,advies,Op de pagina Hoelang duurt het om een Nederlands paspoort of ID-kaart aan te vragen in het buitenland leest u meer over ...,Op de pagina Hoelang duurt het om een Nederlands paspoort of ID-kaart aan te vragen in het buitenland leest u meer over ...,Zin van 29 woorden; boven de 20 wordt een zin lastig te volgen.,Knip de zin in tweeën.
0151_paspoort-id-kaart_buitenland_paspoort-nieuw-zeeland.txt,https://www.nederlandwereldwijd.nl/paspoort-id-kaart/buitenland/paspoort-nieuw-zeeland,Paspoort of ID-kaart aanvragen als u in Nieuw-Zeeland woont | NederlandWereldwijd,162,lange-zin,advies,Bij paspoorten uitgegeven vanaf eind september 2024 staat de naam van de partner vaak op de achterkant van de titelpagin...,Bij paspoorten uitgegeven vanaf eind september 2024 staat de naam van de partner vaak op de achterkant van de titelpagin...,Zin van 26 woorden; boven de 20 wordt een zin lastig te volgen.,Knip de zin in tweeën.
0152_paspoort-id-kaart_buitenland_paspoort-niger.txt,https://www.nederlandwereldwijd.nl/paspoort-id-kaart/buitenland/paspoort-niger,Paspoort of ID-kaart aanvragen als u in Niger woont | NederlandWereldwijd,11,lange-zin,advies,In uw persoonlijke checklist (uit stap 1) ziet u dat u documenten uit Niger nodig heeft om een paspoort of ID-kaart aan ...,In uw persoonlijke checklist (uit stap 1) ziet u dat u documenten uit Niger nodig heeft om een paspoort of ID-kaart aan ...,Zin van 24 woorden; boven de 20 wordt een zin lastig te volgen.,Knip de zin in tweeën.
0152_paspoort-id-kaart_buitenland_paspoort-niger.txt,https://www.nederlandwereldwijd.nl/paspoort-id-kaart/buitenland/paspoort-niger,Paspoort of ID-kaart aanvragen als u in Niger woont | NederlandWereldwijd,75,lange-zin,advies,Op de pagina Hoelang duurt het om een Nederlands paspoort of ID-kaart aan te vragen in het buitenland leest u meer over ...,Op de pagina Hoelang duurt het om een Nederlands paspoort of ID-kaart aan te vragen in het buitenland leest u meer over ...,Zin van 29 woorden; boven de 20 wordt een zin lastig te volgen.,Knip de zin in tweeën.
0152_paspoort-id-kaart_buitenland_paspoort-niger.txt,https://www.nederlandwereldwijd.nl/paspoort-id-kaart/buitenland/paspoort-niger,Paspoort of ID-kaart aanvragen als u in Niger woont | NederlandWereldwijd,96,lange-zin,advies,Bij paspoorten uitgegeven vanaf eind september 2024 staat de naam van de partner vaak op de achterkant van de titelpagin...,Bij paspoorten uitgegeven vanaf eind september 2024 staat de naam van de partner vaak op de achterkant van de titelpagin...,Zin van 26 woorden; boven de 20 wordt een zin lastig te volgen.,Knip de zin in tweeën.
0153_paspoort-id-kaart_buitenland_paspoort-nigeria.txt,https://www.nederlandwereldwijd.nl/paspoort-id-kaart/buitenland/paspoort-nigeria,Paspoort of ID-kaart aanvragen als u in Nigeria woont | NederlandWereldwijd,11,lange-zin,advies,In uw persoonlijke checklist (uit stap 1) ziet u dat u documenten uit Nigeria nodig heeft om een paspoort of ID-kaart aa...,In uw persoonlijke checklist (uit stap 1) ziet u dat u documenten uit Nigeria nodig heeft om een paspoort of ID-kaart aa...,Zin van 24 woorden; boven de 20 wordt een zin lastig te volgen.,Knip de zin in tweeën.
0153_paspoort-id-kaart_buitenland_paspoort-nigeria.txt,https://www.nederlandwereldwijd.nl/paspoort-id-kaart/buitenland/paspoort-nigeria,Paspoort of ID-kaart aanvragen als u in Nigeria woont | NederlandWereldwijd,77,lange-zin,advies,Op de pagina Hoelang duurt het om een Nederlands paspoort of ID-kaart aan te vragen in het buitenland leest u meer over ...,Op de pagina Hoelang duurt het om een Nederlands paspoort of ID-kaart aan te vragen in het buitenland leest u meer over ...,Zin van 29 woorden; boven de 20 wordt een zin lastig te volgen.,Knip de zin in tweeën.
0153_paspoort-id-kaart_buitenland_paspoort-nigeria.txt,https://www.nederlandwereldwijd.nl/paspoort-id-kaart/buitenland/paspoort-nigeria,Paspoort of ID-kaart aanvragen als u in Nigeria woont | NederlandWereldwijd,101,lange-zin,advies,Bij paspoorten uitgegeven vanaf eind september 2024 staat de naam van de partner vaak op de achterkant van de titelpagin...,Bij paspoorten uitgegeven vanaf eind september 2024 staat de naam van de partner vaak op de achterkant van de titelpagin...,Zin van 26 woorden; boven de 20 wordt een zin lastig te volgen.,Knip de zin in tweeën.
0154_paspoort-id-kaart_buitenland_paspoort-niue.txt,https://www.nederlandwereldwijd.nl/paspoort-id-kaart/buitenland/paspoort-niue,Paspoort of ID-kaart aanvragen als u in Niue woont | NederlandWereldwijd,11,lange-zin,advies,In uw persoonlijke checklist (uit stap 1) ziet u dat u documenten uit Niue nodig heeft om een paspoort of ID-kaart aan t...,In uw persoonlijke checklist (uit stap 1) ziet u dat u documenten uit Niue nodig heeft om een paspoort of ID-kaart aan t...,Zin van 24 woorden; boven de 20 wordt een zin lastig te volgen.,Knip de zin in tweeën.
0154_paspoort-id-kaart_buitenland_paspoort-niue.txt,https://www.nederlandwereldwijd.nl/paspoort-id-kaart/buitenland/paspoort-niue,Paspoort of ID-kaart aanvragen als u in Niue woont | NederlandWereldwijd,61,lange-zin,advies,In het overzicht van de consulaire tarieven in Nieuw-Zeeland ziet u wat een paspoort of ID-kaart kost en hoe u kunt beta...,In het overzicht van de consulaire tarieven in Nieuw-Zeeland ziet u wat een paspoort of ID-kaart kost en hoe u kunt beta...,Zin van 22 woorden; boven de 20 wordt een zin lastig te volgen.,Knip de zin in tweeën.
0154_paspoort-id-kaart_buitenland_paspoort-niue.txt,https://www.nederlandwereldwijd.nl/paspoort-id-kaart/buitenland/paspoort-niue,Paspoort of ID-kaart aanvragen als u in Niue woont | NederlandWereldwijd,76,lange-zin,advies,Op de pagina Hoelang duurt het om een Nederlands paspoort of ID-kaart aan te vragen in het buitenland leest u meer over ...,Op de pagina Hoelang duurt het om een Nederlands paspoort of ID-kaart aan te vragen in het buitenland leest u meer over ...,Zin van 29 woorden; boven de 20 wordt een zin lastig te volgen.,Knip de zin in tweeën.
0154_paspoort-id-kaart_buitenland_paspoort-niue.txt,https://www.nederlandwereldwijd.nl/paspoort-id-kaart/buitenland/paspoort-niue,Paspoort of ID-kaart aanvragen als u in Niue woont | NederlandWereldwijd,95,lange-zin,advies,Bij paspoorten uitgegeven vanaf eind september 2024 staat de naam van de partner vaak op de achterkant van de titelpagin...,Bij paspoorten uitgegeven vanaf eind september 2024 staat de naam van de partner vaak op de achterkant van de titelpagin...,Zin van 26 woorden; boven de 20 wordt een zin lastig te volgen.,Knip de zin in tweeën.
0155_paspoort-id-kaart_buitenland_paspoort-noord-korea.txt,https://www.nederlandwereldwijd.nl/paspoort-id-kaart/buitenland/paspoort-noord-korea,Paspoort of ID-kaart aanvragen als u in Noord-Korea woont | NederlandWereldwijd,11,lange-zin,advies,In uw persoonlijke checklist (uit stap 1) ziet u dat u documenten uit Noord-Korea nodig heeft om een paspoort of ID-kaar...,In uw persoonlijke checklist (uit stap 1) ziet u dat u documenten uit Noord-Korea nodig heeft om een paspoort of ID-kaar...,Zin van 24 woorden; boven de 20 wordt een zin lastig te volgen.,Knip de zin in tweeën.
0155_paspoort-id-kaart_buitenland_paspoort-noord-korea.txt,https://www.nederlandwereldwijd.nl/paspoort-id-kaart/buitenland/paspoort-noord-korea,Paspoort of ID-kaart aanvragen als u in Noord-Korea woont | NederlandWereldwijd,60,lange-zin,advies,In het overzicht van de consulaire tarieven in Zuid-Korea ziet u wat een paspoort of ID-kaart kost en hoe u kunt betalen...,In het overzicht van de consulaire tarieven in Zuid-Korea ziet u wat een paspoort of ID-kaart kost en hoe u kunt betalen...,Zin van 22 woorden; boven de 20 wordt een zin lastig te volgen.,Knip de zin in tweeën.
0155_paspoort-id-kaart_buitenland_paspoort-noord-korea.txt,https://www.nederlandwereldwijd.nl/paspoort-id-kaart/buitenland/paspoort-noord-korea,Paspoort of ID-kaart aanvragen als u in Noord-Korea woont | NederlandWereldwijd,75,lange-zin,advies,Op de pagina Hoelang duurt het om een Nederlands paspoort of ID-kaart aan te vragen in het buitenland leest u meer over ...,Op de pagina Hoelang duurt het om een Nederlands paspoort of ID-kaart aan te vragen in het buitenland leest u meer over ...,Zin van 29 woorden; boven de 20 wordt een zin lastig te volgen.,Knip de zin in tweeën.
0155_paspoort-id-kaart_buitenland_paspoort-noord-korea.txt,https://www.nederlandwereldwijd.nl/paspoort-id-kaart/buitenland/paspoort-noord-korea,Paspoort of ID-kaart aanvragen als u in Noord-Korea woont | NederlandWereldwijd,79,lange-zin,advies,U kunt uw nieuwe paspoort of ID-kaart ophalen bij de ambassade in Seoel op maandag tot en met vrijdag van 9.00 – 12.00 u...,U kunt uw nieuwe paspoort of ID-kaart ophalen bij de ambassade in Seoel op maandag tot en met vrijdag van 9.00 – 12.00 u...,Zin van 24 woorden; boven de 20 wordt een zin lastig te volgen.,Knip de zin in tweeën.
0155_paspoort-id-kaart_buitenland_paspoort-noord-korea.txt,https://www.nederlandwereldwijd.nl/paspoort-id-kaart/buitenland/paspoort-noord-korea,Paspoort of ID-kaart aanvragen als u in Noord-Korea woont | NederlandWereldwijd,91,lange-zin,advies,Bij paspoorten uitgegeven vanaf eind september 2024 staat de naam van de partner vaak op de achterkant van de titelpagin...,Bij paspoorten uitgegeven vanaf eind september 2024 staat de naam van de partner vaak op de achterkant van de titelpagin...,Zin van 26 woorden; boven de 20 wordt een zin lastig te volgen.,Knip de zin in tweeën.
0156_paspoort-id-kaart_buitenland_paspoort-noord-macedonie.txt,https://www.nederlandwereldwijd.nl/paspoort-id-kaart/buitenland/paspoort-noord-macedonie,Paspoort of ID-kaart aanvragen als u in Noord-Macedonië woont | NederlandWereldwijd,11,lange-zin,advies,In uw persoonlijke checklist (uit stap 1) ziet u dat u documenten uit Noord-Macedonië nodig heeft om een paspoort of ID-...,In uw persoonlijke checklist (uit stap 1) ziet u dat u documenten uit Noord-Macedonië nodig heeft om een paspoort of ID-...,Zin van 24 woorden; boven de 20 wordt een zin lastig te volgen.,Knip de zin in tweeën.
0156_paspoort-id-kaart_buitenland_paspoort-noord-macedonie.txt,https://www.nederlandwereldwijd.nl/paspoort-id-kaart/buitenland/paspoort-noord-macedonie,Paspoort of ID-kaart aanvragen als u in Noord-Macedonië woont | NederlandWereldwijd,68,lange-zin,advies,In het overzicht van de consulaire tarieven in Noord-Macedonië ziet u wat een paspoort of ID-kaart kost en hoe u kunt be...,In het overzicht van de consulaire tarieven in Noord-Macedonië ziet u wat een paspoort of ID-kaart kost en hoe u kunt be...,Zin van 22 woorden; boven de 20 wordt een zin lastig te volgen.,Knip de zin in tweeën.
0156_paspoort-id-kaart_buitenland_paspoort-noord-macedonie.txt,https://www.nederlandwereldwijd.nl/paspoort-id-kaart/buitenland/paspoort-noord-macedonie,Paspoort of ID-kaart aanvragen als u in Noord-Macedonië woont | NederlandWereldwijd,82,lange-zin,advies,Op de pagina Hoelang duurt het om een Nederlands paspoort of ID-kaart aan te vragen in het buitenland leest u meer over ...,Op de pagina Hoelang duurt het om een Nederlands paspoort of ID-kaart aan te vragen in het buitenland leest u meer over ...,Zin van 29 woorden; boven de 20 wordt een zin lastig te volgen.,Knip de zin in tweeën.
0156_paspoort-id-kaart_buitenland_paspoort-noord-macedonie.txt,https://www.nederlandwereldwijd.nl/paspoort-id-kaart/buitenland/paspoort-noord-macedonie,Paspoort of ID-kaart aanvragen als u in Noord-Macedonië woont | NederlandWereldwijd,86,lange-zin,advies,U kunt uw nieuwe paspoort of ID-kaart ophalen bij de ambassade in Skopje op maandag tot en met vrijdag van 9.00 – 12.00 ...,U kunt uw nieuwe paspoort of ID-kaart ophalen bij de ambassade in Skopje op maandag tot en met vrijdag van 9.00 – 12.00 ...,Zin van 24 woorden; boven de 20 wordt een zin lastig te volgen.,Knip de zin in tweeën.
0156_paspoort-id-kaart_buitenland_paspoort-noord-macedonie.txt,https://www.nederlandwereldwijd.nl/paspoort-id-kaart/buitenland/paspoort-noord-macedonie,Paspoort of ID-kaart aanvragen als u in Noord-Macedonië woont | NederlandWereldwijd,99,lange-zin,advies,Bij paspoorten uitgegeven vanaf eind september 2024 staat de naam van de partner vaak op de achterkant van de titelpagin...,Bij paspoorten uitgegeven vanaf eind september 2024 staat de naam van de partner vaak op de achterkant van de titelpagin...,Zin van 26 woorden; boven de 20 wordt een zin lastig te volgen.,Knip de zin in tweeën.
0157_paspoort-id-kaart_buitenland_paspoort-noorwegen.txt,https://www.nederlandwereldwijd.nl/paspoort-id-kaart/buitenland/paspoort-noorwegen,Paspoort of ID-kaart aanvragen als u in Noorwegen woont | NederlandWereldwijd,12,lange-zin,advies,In uw persoonlijke checklist (uit stap 1) ziet u dat u documenten uit Noorwegen nodig heeft om een paspoort of ID-kaart ...,In uw persoonlijke checklist (uit stap 1) ziet u dat u documenten uit Noorwegen nodig heeft om een paspoort of ID-kaart ...,Zin van 24 woorden; boven de 20 wordt een zin lastig te volgen.,Knip de zin in tweeën.
0157_paspoort-id-kaart_buitenland_paspoort-noorwegen.txt,https://www.nederlandwereldwijd.nl/paspoort-id-kaart/buitenland/paspoort-noorwegen,Paspoort of ID-kaart aanvragen als u in Noorwegen woont | NederlandWereldwijd,19,lange-zin,advies,Dan gebruikt u de geboorteakte als bewijs van legaal verblijf en neemt u van de ouders een Engelstalig uittreksel uit he...,Dan gebruikt u de geboorteakte als bewijs van legaal verblijf en neemt u van de ouders een Engelstalig uittreksel uit he...,Zin van 24 woorden; boven de 20 wordt een zin lastig te volgen.,Knip de zin in tweeën.
0157_paspoort-id-kaart_buitenland_paspoort-noorwegen.txt,https://www.nederlandwereldwijd.nl/paspoort-id-kaart/buitenland/paspoort-noorwegen,Paspoort of ID-kaart aanvragen als u in Noorwegen woont | NederlandWereldwijd,25,lange-zin,advies,U kunt dit telefonisch doen via 0771 – 567 567 (vanuit Zweden) of +46 8 564 851 60 (vanuit het buitenland).,U kunt dit telefonisch doen via 0771 – 567 567 (vanuit Zweden) of +46 8 564 851 60 (vanuit het buitenland).,Zin van 21 woorden; boven de 20 wordt een zin lastig te volgen.,Knip de zin in tweeën.
0157_paspoort-id-kaart_buitenland_paspoort-noorwegen.txt,https://www.nederlandwereldwijd.nl/paspoort-id-kaart/buitenland/paspoort-noorwegen,Paspoort of ID-kaart aanvragen als u in Noorwegen woont | NederlandWereldwijd,26,lijdende-vorm,advies,wordt het opgestuurd,Dan vraagt u het uittreksel met het personnummer van de aanvrager aan en wordt het opgestuurd naar het adres waar u staat ingeschreven.,Lijdende vorm: de lezer ziet niet wie er iets doet.,"Schrijf actief, bijvoorbeeld 'wij sturen' of 'u ontvangt'."
0157_paspoort-id-kaart_buitenland_paspoort-noorwegen.txt,https://www.nederlandwereldwijd.nl/paspoort-id-kaart/buitenland/paspoort-noorwegen,Paspoort of ID-kaart aanvragen als u in Noorwegen woont | NederlandWereldwijd,26,lange-zin,advies,Dan vraagt u het uittreksel met het personnummer van de aanvrager aan en wordt het opgestuurd naar het adres waar u staa...,Dan vraagt u het uittreksel met het personnummer van de aanvrager aan en wordt het opgestuurd naar het adres waar u staa...,Zin van 23 woorden; boven de 20 wordt een zin lastig te volgen.,Knip de zin in tweeën.
0157_paspoort-id-kaart_buitenland_paspoort-noorwegen.txt,https://www.nederlandwereldwijd.nl/paspoort-id-kaart/buitenland/paspoort-noorwegen,Paspoort of ID-kaart aanvragen als u in Noorwegen woont | NederlandWereldwijd,97,lange-zin,advies,In het overzicht van de consulaire tarieven in Noorwegen ziet u wat een paspoort of ID-kaart kost en hoe u kunt betalen.,In het overzicht van de consulaire tarieven in Noorwegen ziet u wat een paspoort of ID-kaart kost en hoe u kunt betalen.,Zin van 22 woorden; boven de 20 wordt een zin lastig te volgen.,Knip de zin in tweeën.
0157_paspoort-id-kaart_buitenland_paspoort-noorwegen.txt,https://www.nederlandwereldwijd.nl/paspoort-id-kaart/buitenland/paspoort-noorwegen,Paspoort of ID-kaart aanvragen als u in Noorwegen woont | NederlandWereldwijd,112,lange-zin,advies,Op de pagina Hoelang duurt het om een Nederlands paspoort of ID-kaart aan te vragen in het buitenland leest u meer over ...,Op de pagina Hoelang duurt het om een Nederlands paspoort of ID-kaart aan te vragen in het buitenland leest u meer over ...,Zin van 29 woorden; boven de 20 wordt een zin lastig te volgen.,Knip de zin in tweeën.
0157_paspoort-id-kaart_buitenland_paspoort-noorwegen.txt,https://www.nederlandwereldwijd.nl/paspoort-id-kaart/buitenland/paspoort-noorwegen,Paspoort of ID-kaart aanvragen als u in Noorwegen woont | NederlandWereldwijd,130,lange-zin,advies,Bij paspoorten uitgegeven vanaf eind september 2024 staat de naam van de partner vaak op de achterkant van de titelpagin...,Bij paspoorten uitgegeven vanaf eind september 2024 staat de naam van de partner vaak op de achterkant van de titelpagin...,Zin van 26 woorden; boven de 20 wordt een zin lastig te volgen.,Knip de zin in tweeën.
0159_paspoort-id-kaart_buitenland_paspoort-oezbekistan.txt,https://www.nederlandwereldwijd.nl/paspoort-id-kaart/buitenland/paspoort-oezbekistan,Paspoort of ID-kaart aanvragen als u in Oezbekistan woont | NederlandWereldwijd,11,lange-zin,advies,In uw persoonlijke checklist (uit stap 1) ziet u dat u documenten uit Oezbekistan nodig heeft om een paspoort of ID-kaar...,In uw persoonlijke checklist (uit stap 1) ziet u dat u documenten uit Oezbekistan nodig heeft om een paspoort of ID-kaar...,Zin van 24 woorden; boven de 20 wordt een zin lastig te volgen.,Knip de zin in tweeën.
0159_paspoort-id-kaart_buitenland_paspoort-oezbekistan.txt,https://www.nederlandwereldwijd.nl/paspoort-id-kaart/buitenland/paspoort-oezbekistan,Paspoort of ID-kaart aanvragen als u in Oezbekistan woont | NederlandWereldwijd,72,lange-zin,advies,In het overzicht van de consulaire tarieven in Rusland of de consulaire tarieven in Georgië ziet u wat een paspoort of I...,In het overzicht van de consulaire tarieven in Rusland of de consulaire tarieven in Georgië ziet u wat een paspoort of I...,Zin van 28 woorden; boven de 20 wordt een zin lastig te volgen.,Knip de zin in tweeën.
0159_paspoort-id-kaart_buitenland_paspoort-oezbekistan.txt,https://www.nederlandwereldwijd.nl/paspoort-id-kaart/buitenland/paspoort-oezbekistan,Paspoort of ID-kaart aanvragen als u in Oezbekistan woont | NederlandWereldwijd,87,lange-zin,advies,Op de pagina Hoelang duurt het om een Nederlands paspoort of ID-kaart aan te vragen in het buitenland leest u meer over ...,Op de pagina Hoelang duurt het om een Nederlands paspoort of ID-kaart aan te vragen in het buitenland leest u meer over ...,Zin van 29 woorden; boven de 20 wordt een zin lastig te volgen.,Knip de zin in tweeën.
0159_paspoort-id-kaart_buitenland_paspoort-oezbekistan.txt,https://www.nederlandwereldwijd.nl/paspoort-id-kaart/buitenland/paspoort-oezbekistan,Paspoort of ID-kaart aanvragen als u in Oezbekistan woont | NederlandWereldwijd,116,lange-zin,advies,Bij paspoorten uitgegeven vanaf eind september 2024 staat de naam van de partner vaak op de achterkant van de titelpagin...,Bij paspoorten uitgegeven vanaf eind september 2024 staat de naam van de partner vaak op de achterkant van de titelpagin...,Zin van 26 woorden; boven de 20 wordt een zin lastig te volgen.,Knip de zin in tweeën.
0160_paspoort-id-kaart_buitenland_paspoort-oman.txt,https://www.nederlandwereldwijd.nl/paspoort-id-kaart/buitenland/paspoort-oman,Paspoort of ID-kaart aanvragen als u in Oman woont | NederlandWereldwijd,11,lange-zin,advies,In uw persoonlijke checklist (uit stap 1) ziet u dat u documenten uit Oman nodig heeft om een paspoort of ID-kaart aan t...,In uw persoonlijke checklist (uit stap 1) ziet u dat u documenten uit Oman nodig heeft om een paspoort of ID-kaart aan t...,Zin van 24 woorden; boven de 20 wordt een zin lastig te volgen.,Knip de zin in tweeën.
0160_paspoort-id-kaart_buitenland_paspoort-oman.txt,https://www.nederlandwereldwijd.nl/paspoort-id-kaart/buitenland/paspoort-oman,Paspoort of ID-kaart aanvragen als u in Oman woont | NederlandWereldwijd,59,lange-zin,advies,In het overzicht van de consulaire tarieven in Oman ziet u wat een paspoort of ID-kaart kost en hoe u kunt betalen.,In het overzicht van de consulaire tarieven in Oman ziet u wat een paspoort of ID-kaart kost en hoe u kunt betalen.,Zin van 22 woorden; boven de 20 wordt een zin lastig te volgen.,Knip de zin in tweeën.
0160_paspoort-id-kaart_buitenland_paspoort-oman.txt,https://www.nederlandwereldwijd.nl/paspoort-id-kaart/buitenland/paspoort-oman,Paspoort of ID-kaart aanvragen als u in Oman woont | NederlandWereldwijd,73,lange-zin,advies,Op de pagina Hoelang duurt het om een Nederlands paspoort of ID-kaart aan te vragen in het buitenland leest u meer over ...,Op de pagina Hoelang duurt het om een Nederlands paspoort of ID-kaart aan te vragen in het buitenland leest u meer over ...,Zin van 29 woorden; boven de 20 wordt een zin lastig te volgen.,Knip de zin in tweeën.
0160_paspoort-id-kaart_buitenland_paspoort-oman.txt,https://www.nederlandwereldwijd.nl/paspoort-id-kaart/buitenland/paspoort-oman,Paspoort of ID-kaart aanvragen als u in Oman woont | NederlandWereldwijd,91,lange-zin,advies,Bij paspoorten uitgegeven vanaf eind september 2024 staat de naam van de partner vaak op de achterkant van de titelpagin...,Bij paspoorten uitgegeven vanaf eind september 2024 staat de naam van de partner vaak op de achterkant van de titelpagin...,Zin van 26 woorden; boven de 20 wordt een zin lastig te volgen.,Knip de zin in tweeën.
0161_paspoort-id-kaart_buitenland_paspoort-oost-timor.txt,https://www.nederlandwereldwijd.nl/paspoort-id-kaart/buitenland/paspoort-oost-timor,Paspoort of ID-kaart aanvragen als u in Oost-Timor woont | NederlandWereldwijd,11,lange-zin,advies,In uw persoonlijke checklist (uit stap 1) ziet u dat u documenten uit Oost-Timor nodig heeft om een paspoort of ID-kaart...,In uw persoonlijke checklist (uit stap 1) ziet u dat u documenten uit Oost-Timor nodig heeft om een paspoort of ID-kaart...,Zin van 24 woorden; boven de 20 wordt een zin lastig te volgen.,Knip de zin in tweeën.
0161_paspoort-id-kaart_buitenland_paspoort-oost-timor.txt,https://www.nederlandwereldwijd.nl/paspoort-id-kaart/buitenland/paspoort-oost-timor,Paspoort of ID-kaart aanvragen als u in Oost-Timor woont | NederlandWereldwijd,60,lange-zin,advies,In het overzicht van de consulaire tarieven in Indonesië ziet u wat een paspoort of ID-kaart kost en hoe u kunt betalen.,In het overzicht van de consulaire tarieven in Indonesië ziet u wat een paspoort of ID-kaart kost en hoe u kunt betalen.,Zin van 22 woorden; boven de 20 wordt een zin lastig te volgen.,Knip de zin in tweeën.
0161_paspoort-id-kaart_buitenland_paspoort-oost-timor.txt,https://www.nederlandwereldwijd.nl/paspoort-id-kaart/buitenland/paspoort-oost-timor,Paspoort of ID-kaart aanvragen als u in Oost-Timor woont | NederlandWereldwijd,74,lange-zin,advies,Op de pagina Hoelang duurt het om een Nederlands paspoort of ID-kaart aan te vragen in het buitenland leest u meer over ...,Op de pagina Hoelang duurt het om een Nederlands paspoort of ID-kaart aan te vragen in het buitenland leest u meer over ...,Zin van 29 woorden; boven de 20 wordt een zin lastig te volgen.,Knip de zin in tweeën.
0161_paspoort-id-kaart_buitenland_paspoort-oost-timor.txt,https://www.nederlandwereldwijd.nl/paspoort-id-kaart/buitenland/paspoort-oost-timor,Paspoort of ID-kaart aanvragen als u in Oost-Timor woont | NederlandWereldwijd,78,lange-zin,advies,U kunt uw nieuwe paspoort of ID-kaart ophalen bij de ambassade in Jakarta op maandag tot en met vrijdag van 13.00 – 14.0...,U kunt uw nieuwe paspoort of ID-kaart ophalen bij de ambassade in Jakarta op maandag tot en met vrijdag van 13.00 – 14.0...,Zin van 24 woorden; boven de 20 wordt een zin lastig te volgen.,Knip de zin in tweeën.
0161_paspoort-id-kaart_buitenland_paspoort-oost-timor.txt,https://www.nederlandwereldwijd.nl/paspoort-id-kaart/buitenland/paspoort-oost-timor,Paspoort of ID-kaart aanvragen als u in Oost-Timor woont | NederlandWereldwijd,89,lange-zin,advies,Bij paspoorten uitgegeven vanaf eind september 2024 staat de naam van de partner vaak op de achterkant van de titelpagin...,Bij paspoorten uitgegeven vanaf eind september 2024 staat de naam van de partner vaak op de achterkant van de titelpagin...,Zin van 26 woorden; boven de 20 wordt een zin lastig te volgen.,Knip de zin in tweeën.
0162_paspoort-id-kaart_buitenland_paspoort-oostenrijk.txt,https://www.nederlandwereldwijd.nl/paspoort-id-kaart/buitenland/paspoort-oostenrijk,Paspoort of ID-kaart aanvragen als u in Oostenrijk woont | NederlandWereldwijd,12,lange-zin,advies,In uw persoonlijke checklist (uit stap 1) ziet u dat u documenten uit Oostenrijk nodig heeft om een paspoort of ID-kaart...,In uw persoonlijke checklist (uit stap 1) ziet u dat u documenten uit Oostenrijk nodig heeft om een paspoort of ID-kaart...,Zin van 24 woorden; boven de 20 wordt een zin lastig te volgen.,Knip de zin in tweeën.
0162_paspoort-id-kaart_buitenland_paspoort-oostenrijk.txt,https://www.nederlandwereldwijd.nl/paspoort-id-kaart/buitenland/paspoort-oostenrijk,Paspoort of ID-kaart aanvragen als u in Oostenrijk woont | NederlandWereldwijd,17,lange-zin,advies,Een Meldebestätigung für amtliche Zwecke met vermelding van de Nederlandse nationaliteit afgegeven door de Magistrat of ...,Een Meldebestätigung für amtliche Zwecke met vermelding van de Nederlandse nationaliteit afgegeven door de Magistrat of ...,Zin van 21 woorden; boven de 20 wordt een zin lastig te volgen.,Knip de zin in tweeën.
0162_paspoort-id-kaart_buitenland_paspoort-oostenrijk.txt,https://www.nederlandwereldwijd.nl/paspoort-id-kaart/buitenland/paspoort-oostenrijk,Paspoort of ID-kaart aanvragen als u in Oostenrijk woont | NederlandWereldwijd,92,lange-zin,advies,In het overzicht van de consulaire tarieven in Oostenrijk ziet u wat een paspoort of ID-kaart kost en hoe u kunt betalen...,In het overzicht van de consulaire tarieven in Oostenrijk ziet u wat een paspoort of ID-kaart kost en hoe u kunt betalen...,Zin van 22 woorden; boven de 20 wordt een zin lastig te volgen.,Knip de zin in tweeën.
0162_paspoort-id-kaart_buitenland_paspoort-oostenrijk.txt,https://www.nederlandwereldwijd.nl/paspoort-id-kaart/buitenland/paspoort-oostenrijk,Paspoort of ID-kaart aanvragen als u in Oostenrijk woont | NederlandWereldwijd,107,lange-zin,advies,Op de pagina Hoelang duurt het om een Nederlands paspoort of ID-kaart aan te vragen in het buitenland leest u meer over ...,Op de pagina Hoelang duurt het om een Nederlands paspoort of ID-kaart aan te vragen in het buitenland leest u meer over ...,Zin van 29 woorden; boven de 20 wordt een zin lastig te volgen.,Knip de zin in tweeën.
0162_paspoort-id-kaart_buitenland_paspoort-oostenrijk.txt,https://www.nederlandwereldwijd.nl/paspoort-id-kaart/buitenland/paspoort-oostenrijk,Paspoort of ID-kaart aanvragen als u in Oostenrijk woont | NederlandWereldwijd,124,lange-zin,advies,Bij paspoorten uitgegeven vanaf eind september 2024 staat de naam van de partner vaak op de achterkant van de titelpagin...,Bij paspoorten uitgegeven vanaf eind september 2024 staat de naam van de partner vaak op de achterkant van de titelpagin...,Zin van 26 woorden; boven de 20 wordt een zin lastig te volgen.,Knip de zin in tweeën.
0163_paspoort-id-kaart_buitenland_paspoort-pakistan.txt,https://www.nederlandwereldwijd.nl/paspoort-id-kaart/buitenland/paspoort-pakistan,Paspoort of ID-kaart aanvragen als u in Pakistan woont | NederlandWereldwijd,11,lange-zin,advies,In uw persoonlijke checklist (uit stap 1) ziet u dat u documenten uit Pakistan nodig heeft om een paspoort of ID-kaart a...,In uw persoonlijke checklist (uit stap 1) ziet u dat u documenten uit Pakistan nodig heeft om een paspoort of ID-kaart a...,Zin van 24 woorden; boven de 20 wordt een zin lastig te volgen.,Knip de zin in tweeën.
0163_paspoort-id-kaart_buitenland_paspoort-pakistan.txt,https://www.nederlandwereldwijd.nl/paspoort-id-kaart/buitenland/paspoort-pakistan,Paspoort of ID-kaart aanvragen als u in Pakistan woont | NederlandWereldwijd,68,lange-zin,advies,In het overzicht van de consulaire tarieven in Pakistan ziet u wat een paspoort of ID-kaart kost en hoe u kunt betalen.,In het overzicht van de consulaire tarieven in Pakistan ziet u wat een paspoort of ID-kaart kost en hoe u kunt betalen.,Zin van 22 woorden; boven de 20 wordt een zin lastig te volgen.,Knip de zin in tweeën.
0163_paspoort-id-kaart_buitenland_paspoort-pakistan.txt,https://www.nederlandwereldwijd.nl/paspoort-id-kaart/buitenland/paspoort-pakistan,Paspoort of ID-kaart aanvragen als u in Pakistan woont | NederlandWereldwijd,82,lange-zin,advies,Op de pagina Hoelang duurt het om een Nederlands paspoort of ID-kaart aan te vragen in het buitenland leest u meer over ...,Op de pagina Hoelang duurt het om een Nederlands paspoort of ID-kaart aan te vragen in het buitenland leest u meer over ...,Zin van 29 woorden; boven de 20 wordt een zin lastig te volgen.,Knip de zin in tweeën.
0163_paspoort-id-kaart_buitenland_paspoort-pakistan.txt,https://www.nederlandwereldwijd.nl/paspoort-id-kaart/buitenland/paspoort-pakistan,Paspoort of ID-kaart aanvragen als u in Pakistan woont | NederlandWereldwijd,96,lange-zin,advies,Bij paspoorten uitgegeven vanaf eind september 2024 staat de naam van de partner vaak op de achterkant van de titelpagin...,Bij paspoorten uitgegeven vanaf eind september 2024 staat de naam van de partner vaak op de achterkant van de titelpagin...,Zin van 26 woorden; boven de 20 wordt een zin lastig te volgen.,Knip de zin in tweeën.
0164_paspoort-id-kaart_buitenland_paspoort-palau.txt,https://www.nederlandwereldwijd.nl/paspoort-id-kaart/buitenland/paspoort-palau,Paspoort of ID-kaart aanvragen als u in Palau woont | NederlandWereldwijd,11,lange-zin,advies,In uw persoonlijke checklist (uit stap 1) ziet u dat u documenten uit Palau nodig heeft om een paspoort of ID-kaart aan ...,In uw persoonlijke checklist (uit stap 1) ziet u dat u documenten uit Palau nodig heeft om een paspoort of ID-kaart aan ...,Zin van 24 woorden; boven de 20 wordt een zin lastig te volgen.,Knip de zin in tweeën.
0164_paspoort-id-kaart_buitenland_paspoort-palau.txt,https://www.nederlandwereldwijd.nl/paspoort-id-kaart/buitenland/paspoort-palau,Paspoort of ID-kaart aanvragen als u in Palau woont | NederlandWereldwijd,61,lange-zin,advies,In het overzicht van de consulaire tarieven in de Filipijnen ziet u wat een paspoort of ID-kaart kost en hoe u kunt beta...,In het overzicht van de consulaire tarieven in de Filipijnen ziet u wat een paspoort of ID-kaart kost en hoe u kunt beta...,Zin van 23 woorden; boven de 20 wordt een zin lastig te volgen.,Knip de zin in tweeën.
0164_paspoort-id-kaart_buitenland_paspoort-palau.txt,https://www.nederlandwereldwijd.nl/paspoort-id-kaart/buitenland/paspoort-palau,Paspoort of ID-kaart aanvragen als u in Palau woont | NederlandWereldwijd,76,lange-zin,advies,Op de pagina Hoelang duurt het om een Nederlands paspoort of ID-kaart aan te vragen in het buitenland leest u meer over ...,Op de pagina Hoelang duurt het om een Nederlands paspoort of ID-kaart aan te vragen in het buitenland leest u meer over ...,Zin van 29 woorden; boven de 20 wordt een zin lastig te volgen.,Knip de zin in tweeën.
0164_paspoort-id-kaart_buitenland_paspoort-palau.txt,https://www.nederlandwereldwijd.nl/paspoort-id-kaart/buitenland/paspoort-palau,Paspoort of ID-kaart aanvragen als u in Palau woont | NederlandWereldwijd,91,lange-zin,advies,Bij paspoorten uitgegeven vanaf eind september 2024 staat de naam van de partner vaak op de achterkant van de titelpagin...,Bij paspoorten uitgegeven vanaf eind september 2024 staat de naam van de partner vaak op de achterkant van de titelpagin...,Zin van 26 woorden; boven de 20 wordt een zin lastig te volgen.,Knip de zin in tweeën.
0165_paspoort-id-kaart_buitenland_paspoort-palestijnse-gebieden.txt,https://www.nederlandwereldwijd.nl/paspoort-id-kaart/buitenland/paspoort-palestijnse-gebieden,Paspoort of ID-kaart aanvragen als u in de Palestijnse Gebieden woont | NederlandWereldwijd,11,lange-zin,advies,In uw persoonlijke checklist (uit stap 1) ziet u dat u documenten uit de Palestijnse Gebieden nodig heeft om een paspoor...,In uw persoonlijke checklist (uit stap 1) ziet u dat u documenten uit de Palestijnse Gebieden nodig heeft om een paspoor...,Zin van 26 woorden; boven de 20 wordt een zin lastig te volgen.,Knip de zin in tweeën.
0165_paspoort-id-kaart_buitenland_paspoort-palestijnse-gebieden.txt,https://www.nederlandwereldwijd.nl/paspoort-id-kaart/buitenland/paspoort-palestijnse-gebieden,Paspoort of ID-kaart aanvragen als u in de Palestijnse Gebieden woont | NederlandWereldwijd,58,lange-zin,advies,In het overzicht van de consulaire tarieven in de Palestijnse Gebieden ziet u wat een paspoort of ID-kaart kost en hoe u...,In het overzicht van de consulaire tarieven in de Palestijnse Gebieden ziet u wat een paspoort of ID-kaart kost en hoe u...,Zin van 24 woorden; boven de 20 wordt een zin lastig te volgen.,Knip de zin in tweeën.
0165_paspoort-id-kaart_buitenland_paspoort-palestijnse-gebieden.txt,https://www.nederlandwereldwijd.nl/paspoort-id-kaart/buitenland/paspoort-palestijnse-gebieden,Paspoort of ID-kaart aanvragen als u in de Palestijnse Gebieden woont | NederlandWereldwijd,71,lange-zin,advies,Op de pagina Hoelang duurt het om een Nederlands paspoort of ID-kaart aan te vragen in het buitenland leest u meer over ...,Op de pagina Hoelang duurt het om een Nederlands paspoort of ID-kaart aan te vragen in het buitenland leest u meer over ...,Zin van 29 woorden; boven de 20 wordt een zin lastig te volgen.,Knip de zin in tweeën.
0165_paspoort-id-kaart_buitenland_paspoort-palestijnse-gebieden.txt,https://www.nederlandwereldwijd.nl/paspoort-id-kaart/buitenland/paspoort-palestijnse-gebieden,Paspoort of ID-kaart aanvragen als u in de Palestijnse Gebieden woont | NederlandWereldwijd,88,lange-zin,advies,Bij paspoorten uitgegeven vanaf eind september 2024 staat de naam van de partner vaak op de achterkant van de titelpagin...,Bij paspoorten uitgegeven vanaf eind september 2024 staat de naam van de partner vaak op de achterkant van de titelpagin...,Zin van 26 woorden; boven de 20 wordt een zin lastig te volgen.,Knip de zin in tweeën.
0166_paspoort-id-kaart_buitenland_paspoort-panama.txt,https://www.nederlandwereldwijd.nl/paspoort-id-kaart/buitenland/paspoort-panama,Paspoort of ID-kaart aanvragen als u in Panama woont | NederlandWereldwijd,11,lange-zin,advies,In uw persoonlijke checklist (uit stap 1) ziet u dat u documenten uit Panama nodig heeft om een paspoort of ID-kaart aan...,In uw persoonlijke checklist (uit stap 1) ziet u dat u documenten uit Panama nodig heeft om een paspoort of ID-kaart aan...,Zin van 24 woorden; boven de 20 wordt een zin lastig te volgen.,Knip de zin in tweeën.
0166_paspoort-id-kaart_buitenland_paspoort-panama.txt,https://www.nederlandwereldwijd.nl/paspoort-id-kaart/buitenland/paspoort-panama,Paspoort of ID-kaart aanvragen als u in Panama woont | NederlandWereldwijd,77,lange-zin,advies,Op de pagina Hoelang duurt het om een Nederlands paspoort of ID-kaart aan te vragen in het buitenland leest u meer over ...,Op de pagina Hoelang duurt het om een Nederlands paspoort of ID-kaart aan te vragen in het buitenland leest u meer over ...,Zin van 29 woorden; boven de 20 wordt een zin lastig te volgen.,Knip de zin in tweeën.
0166_paspoort-id-kaart_buitenland_paspoort-panama.txt,https://www.nederlandwereldwijd.nl/paspoort-id-kaart/buitenland/paspoort-panama,Paspoort of ID-kaart aanvragen als u in Panama woont | NederlandWereldwijd,85,lijdende-vorm,advies,worden niet geaccepteerd,Labels van Fed Ex Home worden niet geaccepteerd.,Lijdende vorm: de lezer ziet niet wie er iets doet.,"Schrijf actief, bijvoorbeeld 'wij sturen' of 'u ontvangt'."
0166_paspoort-id-kaart_buitenland_paspoort-panama.txt,https://www.nederlandwereldwijd.nl/paspoort-id-kaart/buitenland/paspoort-panama,Paspoort of ID-kaart aanvragen als u in Panama woont | NederlandWereldwijd,85,lijdende-vorm,advies,worden niet geaccepteerd,Ook cash on delivery (COD) labels en enveloppen worden niet geaccepteerd.,Lijdende vorm: de lezer ziet niet wie er iets doet.,"Schrijf actief, bijvoorbeeld 'wij sturen' of 'u ontvangt'."
0166_paspoort-id-kaart_buitenland_paspoort-panama.txt,https://www.nederlandwereldwijd.nl/paspoort-id-kaart/buitenland/paspoort-panama,Paspoort of ID-kaart aanvragen als u in Panama woont | NederlandWereldwijd,92,lange-zin,advies,Bij paspoorten uitgegeven vanaf eind september 2024 staat de naam van de partner vaak op de achterkant van de titelpagin...,Bij paspoorten uitgegeven vanaf eind september 2024 staat de naam van de partner vaak op de achterkant van de titelpagin...,Zin van 26 woorden; boven de 20 wordt een zin lastig te volgen.,Knip de zin in tweeën.
0167_paspoort-id-kaart_buitenland_paspoort-papoea-nieuw-guinea.txt,https://www.nederlandwereldwijd.nl/paspoort-id-kaart/buitenland/paspoort-papoea-nieuw-guinea,Paspoort of ID-kaart aanvragen als u in Papoea-Nieuw-Guinea woont | NederlandWereldwijd,11,lange-zin,advies,In uw persoonlijke checklist (uit stap 1) ziet u dat u documenten uit Papoea-Nieuw-Guinea nodig heeft om een paspoort of...,In uw persoonlijke checklist (uit stap 1) ziet u dat u documenten uit Papoea-Nieuw-Guinea nodig heeft om een paspoort of...,Zin van 24 woorden; boven de 20 wordt een zin lastig te volgen.,Knip de zin in tweeën.
0167_paspoort-id-kaart_buitenland_paspoort-papoea-nieuw-guinea.txt,https://www.nederlandwereldwijd.nl/paspoort-id-kaart/buitenland/paspoort-papoea-nieuw-guinea,Paspoort of ID-kaart aanvragen als u in Papoea-Nieuw-Guinea woont | NederlandWereldwijd,66,lange-zin,advies,In het overzicht van de consulaire tarieven in Australië ziet u wat een paspoort of ID-kaart kost en hoe u kunt betalen.,In het overzicht van de consulaire tarieven in Australië ziet u wat een paspoort of ID-kaart kost en hoe u kunt betalen.,Zin van 22 woorden; boven de 20 wordt een zin lastig te volgen.,Knip de zin in tweeën.
0167_paspoort-id-kaart_buitenland_paspoort-papoea-nieuw-guinea.txt,https://www.nederlandwereldwijd.nl/paspoort-id-kaart/buitenland/paspoort-papoea-nieuw-guinea,Paspoort of ID-kaart aanvragen als u in Papoea-Nieuw-Guinea woont | NederlandWereldwijd,81,lange-zin,advies,Op de pagina Hoelang duurt het om een Nederlands paspoort of ID-kaart aan te vragen in het buitenland leest u meer over ...,Op de pagina Hoelang duurt het om een Nederlands paspoort of ID-kaart aan te vragen in het buitenland leest u meer over ...,Zin van 29 woorden; boven de 20 wordt een zin lastig te volgen.,Knip de zin in tweeën.
0167_paspoort-id-kaart_buitenland_paspoort-papoea-nieuw-guinea.txt,https://www.nederlandwereldwijd.nl/paspoort-id-kaart/buitenland/paspoort-papoea-nieuw-guinea,Paspoort of ID-kaart aanvragen als u in Papoea-Nieuw-Guinea woont | NederlandWereldwijd,90,lijdende-vorm,advies,worden niet geaccepteerd,Andere enveloppen worden niet geaccepteerd.,Lijdende vorm: de lezer ziet niet wie er iets doet.,"Schrijf actief, bijvoorbeeld 'wij sturen' of 'u ontvangt'."
0167_paspoort-id-kaart_buitenland_paspoort-papoea-nieuw-guinea.txt,https://www.nederlandwereldwijd.nl/paspoort-id-kaart/buitenland/paspoort-papoea-nieuw-guinea,Paspoort of ID-kaart aanvragen als u in Papoea-Nieuw-Guinea woont | NederlandWereldwijd,91,lijdende-vorm,advies,worden verstuurd,"De envelop moet zijn voorzien van een signature on delivery sticker, anders kan het paspoort niet worden verstuurd.",Lijdende vorm: de lezer ziet niet wie er iets doet.,"Schrijf actief, bijvoorbeeld 'wij sturen' of 'u ontvangt'."
0167_paspoort-id-kaart_buitenland_paspoort-papoea-nieuw-guinea.txt,https://www.nederlandwereldwijd.nl/paspoort-id-kaart/buitenland/paspoort-papoea-nieuw-guinea,Paspoort of ID-kaart aanvragen als u in Papoea-Nieuw-Guinea woont | NederlandWereldwijd,101,lange-zin,advies,Bij paspoorten uitgegeven vanaf eind september 2024 staat de naam van de partner vaak op de achterkant van de titelpagin...,Bij paspoorten uitgegeven vanaf eind september 2024 staat de naam van de partner vaak op de achterkant van de titelpagin...,Zin van 26 woorden; boven de 20 wordt een zin lastig te volgen.,Knip de zin in tweeën.
0168_paspoort-id-kaart_buitenland_paspoort-paraguay.txt,https://www.nederlandwereldwijd.nl/paspoort-id-kaart/buitenland/paspoort-paraguay,Paspoort of ID-kaart aanvragen als u in Paraguay woont | NederlandWereldwijd,11,lange-zin,advies,In uw persoonlijke checklist (uit stap 1) ziet u dat u documenten uit Paraguay nodig heeft om een paspoort of ID-kaart a...,In uw persoonlijke checklist (uit stap 1) ziet u dat u documenten uit Paraguay nodig heeft om een paspoort of ID-kaart a...,Zin van 24 woorden; boven de 20 wordt een zin lastig te volgen.,Knip de zin in tweeën.
0168_paspoort-id-kaart_buitenland_paspoort-paraguay.txt,https://www.nederlandwereldwijd.nl/paspoort-id-kaart/buitenland/paspoort-paraguay,Paspoort of ID-kaart aanvragen als u in Paraguay woont | NederlandWereldwijd,60,lange-zin,advies,In het overzicht van de consulaire tarieven in Argentinië ziet u wat een paspoort of ID-kaart kost en hoe u kunt betalen...,In het overzicht van de consulaire tarieven in Argentinië ziet u wat een paspoort of ID-kaart kost en hoe u kunt betalen...,Zin van 22 woorden; boven de 20 wordt een zin lastig te volgen.,Knip de zin in tweeën.
0168_paspoort-id-kaart_buitenland_paspoort-paraguay.txt,https://www.nederlandwereldwijd.nl/paspoort-id-kaart/buitenland/paspoort-paraguay,Paspoort of ID-kaart aanvragen als u in Paraguay woont | NederlandWereldwijd,75,lange-zin,advies,Op de pagina Hoelang duurt het om een Nederlands paspoort of ID-kaart aan te vragen in het buitenland leest u meer over ...,Op de pagina Hoelang duurt het om een Nederlands paspoort of ID-kaart aan te vragen in het buitenland leest u meer over ...,Zin van 29 woorden; boven de 20 wordt een zin lastig te volgen.,Knip de zin in tweeën.
0168_paspoort-id-kaart_buitenland_paspoort-paraguay.txt,https://www.nederlandwereldwijd.nl/paspoort-id-kaart/buitenland/paspoort-paraguay,Paspoort of ID-kaart aanvragen als u in Paraguay woont | NederlandWereldwijd,93,lange-zin,advies,Bij paspoorten uitgegeven vanaf eind september 2024 staat de naam van de partner vaak op de achterkant van de titelpagin...,Bij paspoorten uitgegeven vanaf eind september 2024 staat de naam van de partner vaak op de achterkant van de titelpagin...,Zin van 26 woorden; boven de 20 wordt een zin lastig te volgen.,Knip de zin in tweeën.
0169_paspoort-id-kaart_buitenland_paspoort-peru.txt,https://www.nederlandwereldwijd.nl/paspoort-id-kaart/buitenland/paspoort-peru,Paspoort of ID-kaart aanvragen als u in Peru woont | NederlandWereldwijd,11,lange-zin,advies,In uw persoonlijke checklist (uit stap 1) ziet u dat u documenten uit Peru nodig heeft om een paspoort of ID-kaart aan t...,In uw persoonlijke checklist (uit stap 1) ziet u dat u documenten uit Peru nodig heeft om een paspoort of ID-kaart aan t...,Zin van 24 woorden; boven de 20 wordt een zin lastig te volgen.,Knip de zin in tweeën.
0169_paspoort-id-kaart_buitenland_paspoort-peru.txt,https://www.nederlandwereldwijd.nl/paspoort-id-kaart/buitenland/paspoort-peru,Paspoort of ID-kaart aanvragen als u in Peru woont | NederlandWereldwijd,18,lange-zin,advies,als uw visum of verblijfsvergunning verlopen is: een verklaring van inschrijving (Certificado de Inscripción) in het Per...,als uw visum of verblijfsvergunning verlopen is: een verklaring van inschrijving (Certificado de Inscripción) in het Per...,Zin van 27 woorden; boven de 20 wordt een zin lastig te volgen.,Knip de zin in tweeën.
0169_paspoort-id-kaart_buitenland_paspoort-peru.txt,https://www.nederlandwereldwijd.nl/paspoort-id-kaart/buitenland/paspoort-peru,Paspoort of ID-kaart aanvragen als u in Peru woont | NederlandWereldwijd,64,lange-zin,advies,In het overzicht van de consulaire tarieven in Peru ziet u wat een paspoort of ID-kaart kost en hoe u kunt betalen.,In het overzicht van de consulaire tarieven in Peru ziet u wat een paspoort of ID-kaart kost en hoe u kunt betalen.,Zin van 22 woorden; boven de 20 wordt een zin lastig te volgen.,Knip de zin in tweeën.
0169_paspoort-id-kaart_buitenland_paspoort-peru.txt,https://www.nederlandwereldwijd.nl/paspoort-id-kaart/buitenland/paspoort-peru,Paspoort of ID-kaart aanvragen als u in Peru woont | NederlandWereldwijd,78,lange-zin,advies,Op de pagina Hoelang duurt het om een Nederlands paspoort of ID-kaart aan te vragen in het buitenland leest u meer over ...,Op de pagina Hoelang duurt het om een Nederlands paspoort of ID-kaart aan te vragen in het buitenland leest u meer over ...,Zin van 29 woorden; boven de 20 wordt een zin lastig te volgen.,Knip de zin in tweeën.
0169_paspoort-id-kaart_buitenland_paspoort-peru.txt,https://www.nederlandwereldwijd.nl/paspoort-id-kaart/buitenland/paspoort-peru,Paspoort of ID-kaart aanvragen als u in Peru woont | NederlandWereldwijd,104,lange-zin,advies,Bij paspoorten uitgegeven vanaf eind september 2024 staat de naam van de partner vaak op de achterkant van de titelpagin...,Bij paspoorten uitgegeven vanaf eind september 2024 staat de naam van de partner vaak op de achterkant van de titelpagin...,Zin van 26 woorden; boven de 20 wordt een zin lastig te volgen.,Knip de zin in tweeën.
0170_paspoort-id-kaart_buitenland_paspoort-pitcairneilanden.txt,https://www.nederlandwereldwijd.nl/paspoort-id-kaart/buitenland/paspoort-pitcairneilanden,Paspoort of ID-kaart aanvragen als u op de Pitcairneilanden woont | NederlandWereldwijd,11,lange-zin,advies,In uw persoonlijke checklist (uit stap 1) ziet u dat u documenten uit de Pitcairneilanden nodig heeft om een paspoort of...,In uw persoonlijke checklist (uit stap 1) ziet u dat u documenten uit de Pitcairneilanden nodig heeft om een paspoort of...,Zin van 25 woorden; boven de 20 wordt een zin lastig te volgen.,Knip de zin in tweeën.
0170_paspoort-id-kaart_buitenland_paspoort-pitcairneilanden.txt,https://www.nederlandwereldwijd.nl/paspoort-id-kaart/buitenland/paspoort-pitcairneilanden,Paspoort of ID-kaart aanvragen als u op de Pitcairneilanden woont | NederlandWereldwijd,61,lange-zin,advies,In het overzicht van de consulaire tarieven in Nieuw-Zeeland ziet u wat een paspoort of ID-kaart kost en hoe u kunt beta...,In het overzicht van de consulaire tarieven in Nieuw-Zeeland ziet u wat een paspoort of ID-kaart kost en hoe u kunt beta...,Zin van 22 woorden; boven de 20 wordt een zin lastig te volgen.,Knip de zin in tweeën.
0170_paspoort-id-kaart_buitenland_paspoort-pitcairneilanden.txt,https://www.nederlandwereldwijd.nl/paspoort-id-kaart/buitenland/paspoort-pitcairneilanden,Paspoort of ID-kaart aanvragen als u op de Pitcairneilanden woont | NederlandWereldwijd,76,lange-zin,advies,Op de pagina Hoelang duurt het om een Nederlands paspoort of ID-kaart aan te vragen in het buitenland leest u meer over ...,Op de pagina Hoelang duurt het om een Nederlands paspoort of ID-kaart aan te vragen in het buitenland leest u meer over ...,Zin van 29 woorden; boven de 20 wordt een zin lastig te volgen.,Knip de zin in tweeën.
0170_paspoort-id-kaart_buitenland_paspoort-pitcairneilanden.txt,https://www.nederlandwereldwijd.nl/paspoort-id-kaart/buitenland/paspoort-pitcairneilanden,Paspoort of ID-kaart aanvragen als u op de Pitcairneilanden woont | NederlandWereldwijd,96,lange-zin,advies,Bij paspoorten uitgegeven vanaf eind september 2024 staat de naam van de partner vaak op de achterkant van de titelpagin...,Bij paspoorten uitgegeven vanaf eind september 2024 staat de naam van de partner vaak op de achterkant van de titelpagin...,Zin van 26 woorden; boven de 20 wordt een zin lastig te volgen.,Knip de zin in tweeën.
0171_paspoort-id-kaart_buitenland_paspoort-polen.txt,https://www.nederlandwereldwijd.nl/paspoort-id-kaart/buitenland/paspoort-polen,Paspoort of ID-kaart aanvragen als u in Polen woont | NederlandWereldwijd,11,lange-zin,advies,In uw persoonlijke checklist (uit stap 1) ziet u dat u documenten uit Polen nodig heeft om een paspoort of ID-kaart aan ...,In uw persoonlijke checklist (uit stap 1) ziet u dat u documenten uit Polen nodig heeft om een paspoort of ID-kaart aan ...,Zin van 24 woorden; boven de 20 wordt een zin lastig te volgen.,Knip de zin in tweeën.
0171_paspoort-id-kaart_buitenland_paspoort-polen.txt,https://www.nederlandwereldwijd.nl/paspoort-id-kaart/buitenland/paspoort-polen,Paspoort of ID-kaart aanvragen als u in Polen woont | NederlandWereldwijd,80,lange-zin,advies,In het overzicht van de consulaire tarieven in Polen ziet u wat een paspoort of ID-kaart kost en hoe u kunt betalen.,In het overzicht van de consulaire tarieven in Polen ziet u wat een paspoort of ID-kaart kost en hoe u kunt betalen.,Zin van 22 woorden; boven de 20 wordt een zin lastig te volgen.,Knip de zin in tweeën.
0171_paspoort-id-kaart_buitenland_paspoort-polen.txt,https://www.nederlandwereldwijd.nl/paspoort-id-kaart/buitenland/paspoort-polen,Paspoort of ID-kaart aanvragen als u in Polen woont | NederlandWereldwijd,95,lange-zin,advies,Op de pagina Hoelang duurt het om een Nederlands paspoort of ID-kaart aan te vragen in het buitenland leest u meer over ...,Op de pagina Hoelang duurt het om een Nederlands paspoort of ID-kaart aan te vragen in het buitenland leest u meer over ...,Zin van 29 woorden; boven de 20 wordt een zin lastig te volgen.,Knip de zin in tweeën.
0171_paspoort-id-kaart_buitenland_paspoort-polen.txt,https://www.nederlandwereldwijd.nl/paspoort-id-kaart/buitenland/paspoort-polen,Paspoort of ID-kaart aanvragen als u in Polen woont | NederlandWereldwijd,99,lange-zin,advies,"U kunt uw nieuwe paspoort of ID-kaart ophalen bij de ambassade in Warschau op werkdagen, behalve woensdag, van 14.00 tot...","U kunt uw nieuwe paspoort of ID-kaart ophalen bij de ambassade in Warschau op werkdagen, behalve woensdag, van 14.00 tot...",Zin van 21 woorden; boven de 20 wordt een zin lastig te volgen.,Knip de zin in tweeën.
0171_paspoort-id-kaart_buitenland_paspoort-polen.txt,https://www.nederlandwereldwijd.nl/paspoort-id-kaart/buitenland/paspoort-polen,Paspoort of ID-kaart aanvragen als u in Polen woont | NederlandWereldwijd,111,lange-zin,advies,Bij paspoorten uitgegeven vanaf eind september 2024 staat de naam van de partner vaak op de achterkant van de titelpagin...,Bij paspoorten uitgegeven vanaf eind september 2024 staat de naam van de partner vaak op de achterkant van de titelpagin...,Zin van 26 woorden; boven de 20 wordt een zin lastig te volgen.,Knip de zin in tweeën.
0172_paspoort-id-kaart_buitenland_paspoort-portugal.txt,https://www.nederlandwereldwijd.nl/paspoort-id-kaart/buitenland/paspoort-portugal,Paspoort of ID-kaart aanvragen als u in Portugal woont | NederlandWereldwijd,12,lange-zin,advies,In uw persoonlijke checklist (uit stap 1) ziet u dat u documenten uit Portugal nodig heeft om een paspoort of ID-kaart a...,In uw persoonlijke checklist (uit stap 1) ziet u dat u documenten uit Portugal nodig heeft om een paspoort of ID-kaart a...,Zin van 24 woorden; boven de 20 wordt een zin lastig te volgen.,Knip de zin in tweeën.
0172_paspoort-id-kaart_buitenland_paspoort-portugal.txt,https://www.nederlandwereldwijd.nl/paspoort-id-kaart/buitenland/paspoort-portugal,Paspoort of ID-kaart aanvragen als u in Portugal woont | NederlandWereldwijd,34,lange-zin,advies,Om dit te bewijzen kunt u een “Certidão negativo” opvragen bij de kantoren van IRN (O Instituto dos Registos e do Notari...,Om dit te bewijzen kunt u een “Certidão negativo” opvragen bij de kantoren van IRN (O Instituto dos Registos e do Notari...,Zin van 23 woorden; boven de 20 wordt een zin lastig te volgen.,Knip de zin in tweeën.
0172_paspoort-id-kaart_buitenland_paspoort-portugal.txt,https://www.nederlandwereldwijd.nl/paspoort-id-kaart/buitenland/paspoort-portugal,Paspoort of ID-kaart aanvragen als u in Portugal woont | NederlandWereldwijd,89,lange-zin,advies,In het overzicht van de consulaire tarieven in Portugal ziet u wat een paspoort of ID-kaart kost en hoe u kunt betalen.,In het overzicht van de consulaire tarieven in Portugal ziet u wat een paspoort of ID-kaart kost en hoe u kunt betalen.,Zin van 22 woorden; boven de 20 wordt een zin lastig te volgen.,Knip de zin in tweeën.
0172_paspoort-id-kaart_buitenland_paspoort-portugal.txt,https://www.nederlandwereldwijd.nl/paspoort-id-kaart/buitenland/paspoort-portugal,Paspoort of ID-kaart aanvragen als u in Portugal woont | NederlandWereldwijd,104,lange-zin,advies,Op de pagina Hoelang duurt het om een Nederlands paspoort of ID-kaart aan te vragen in het buitenland leest u meer over ...,Op de pagina Hoelang duurt het om een Nederlands paspoort of ID-kaart aan te vragen in het buitenland leest u meer over ...,Zin van 29 woorden; boven de 20 wordt een zin lastig te volgen.,Knip de zin in tweeën.
0172_paspoort-id-kaart_buitenland_paspoort-portugal.txt,https://www.nederlandwereldwijd.nl/paspoort-id-kaart/buitenland/paspoort-portugal,Paspoort of ID-kaart aanvragen als u in Portugal woont | NederlandWereldwijd,124,lange-zin,advies,Bij paspoorten uitgegeven vanaf eind september 2024 staat de naam van de partner vaak op de achterkant van de titelpagin...,Bij paspoorten uitgegeven vanaf eind september 2024 staat de naam van de partner vaak op de achterkant van de titelpagin...,Zin van 26 woorden; boven de 20 wordt een zin lastig te volgen.,Knip de zin in tweeën.
0173_paspoort-id-kaart_buitenland_paspoort-puerto-rico.txt,https://www.nederlandwereldwijd.nl/paspoort-id-kaart/buitenland/paspoort-puerto-rico,Paspoort of ID-kaart aanvragen als u in Puerto Rico woont | NederlandWereldwijd,11,lange-zin,advies,In uw persoonlijke checklist (uit stap 1) ziet u dat u documenten uit Puerto Rico nodig heeft om een paspoort of ID-kaar...,In uw persoonlijke checklist (uit stap 1) ziet u dat u documenten uit Puerto Rico nodig heeft om een paspoort of ID-kaar...,Zin van 25 woorden; boven de 20 wordt een zin lastig te volgen.,Knip de zin in tweeën.
0173_paspoort-id-kaart_buitenland_paspoort-puerto-rico.txt,https://www.nederlandwereldwijd.nl/paspoort-id-kaart/buitenland/paspoort-puerto-rico,Paspoort of ID-kaart aanvragen als u in Puerto Rico woont | NederlandWereldwijd,74,lange-zin,advies,Op de pagina Hoelang duurt het om een Nederlands paspoort of ID-kaart aan te vragen in het buitenland leest u meer over ...,Op de pagina Hoelang duurt het om een Nederlands paspoort of ID-kaart aan te vragen in het buitenland leest u meer over ...,Zin van 29 woorden; boven de 20 wordt een zin lastig te volgen.,Knip de zin in tweeën.
0173_paspoort-id-kaart_buitenland_paspoort-puerto-rico.txt,https://www.nederlandwereldwijd.nl/paspoort-id-kaart/buitenland/paspoort-puerto-rico,Paspoort of ID-kaart aanvragen als u in Puerto Rico woont | NederlandWereldwijd,95,lange-zin,advies,Bij paspoorten uitgegeven vanaf eind september 2024 staat de naam van de partner vaak op de achterkant van de titelpagin...,Bij paspoorten uitgegeven vanaf eind september 2024 staat de naam van de partner vaak op de achterkant van de titelpagin...,Zin van 26 woorden; boven de 20 wordt een zin lastig te volgen.,Knip de zin in tweeën.
0174_paspoort-id-kaart_buitenland_paspoort-qatar.txt,https://www.nederlandwereldwijd.nl/paspoort-id-kaart/buitenland/paspoort-qatar,Paspoort of ID-kaart aanvragen als u in Qatar woont | NederlandWereldwijd,11,lange-zin,advies,In uw persoonlijke checklist (uit stap 1) ziet u dat u documenten uit Qatar nodig heeft om een paspoort of ID-kaart aan ...,In uw persoonlijke checklist (uit stap 1) ziet u dat u documenten uit Qatar nodig heeft om een paspoort of ID-kaart aan ...,Zin van 24 woorden; boven de 20 wordt een zin lastig te volgen.,Knip de zin in tweeën.
0174_paspoort-id-kaart_buitenland_paspoort-qatar.txt,https://www.nederlandwereldwijd.nl/paspoort-id-kaart/buitenland/paspoort-qatar,Paspoort of ID-kaart aanvragen als u in Qatar woont | NederlandWereldwijd,59,lange-zin,advies,In het overzicht van de consulaire tarieven in Qatar ziet u wat een paspoort of ID-kaart kost en hoe u kunt betalen.,In het overzicht van de consulaire tarieven in Qatar ziet u wat een paspoort of ID-kaart kost en hoe u kunt betalen.,Zin van 22 woorden; boven de 20 wordt een zin lastig te volgen.,Knip de zin in tweeën.
0174_paspoort-id-kaart_buitenland_paspoort-qatar.txt,https://www.nederlandwereldwijd.nl/paspoort-id-kaart/buitenland/paspoort-qatar,Paspoort of ID-kaart aanvragen als u in Qatar woont | NederlandWereldwijd,73,lange-zin,advies,Op de pagina Hoelang duurt het om een Nederlands paspoort of ID-kaart aan te vragen in het buitenland leest u meer over ...,Op de pagina Hoelang duurt het om een Nederlands paspoort of ID-kaart aan te vragen in het buitenland leest u meer over ...,Zin van 29 woorden; boven de 20 wordt een zin lastig te volgen.,Knip de zin in tweeën.
0174_paspoort-id-kaart_buitenland_paspoort-qatar.txt,https://www.nederlandwereldwijd.nl/paspoort-id-kaart/buitenland/paspoort-qatar,Paspoort of ID-kaart aanvragen als u in Qatar woont | NederlandWereldwijd,88,lange-zin,advies,Bij paspoorten uitgegeven vanaf eind september 2024 staat de naam van de partner vaak op de achterkant van de titelpagin...,Bij paspoorten uitgegeven vanaf eind september 2024 staat de naam van de partner vaak op de achterkant van de titelpagin...,Zin van 26 woorden; boven de 20 wordt een zin lastig te volgen.,Knip de zin in tweeën.
0175_paspoort-id-kaart_buitenland_paspoort-reunion.txt,https://www.nederlandwereldwijd.nl/paspoort-id-kaart/buitenland/paspoort-reunion,Paspoort of ID-kaart aanvragen als u in Réunion woont | NederlandWereldwijd,11,lange-zin,advies,In uw persoonlijke checklist (uit stap 1) ziet u dat u documenten uit Réunion nodig heeft om een paspoort of ID-kaart aa...,In uw persoonlijke checklist (uit stap 1) ziet u dat u documenten uit Réunion nodig heeft om een paspoort of ID-kaart aa...,Zin van 24 woorden; boven de 20 wordt een zin lastig te volgen.,Knip de zin in tweeën.
0175_paspoort-id-kaart_buitenland_paspoort-reunion.txt,https://www.nederlandwereldwijd.nl/paspoort-id-kaart/buitenland/paspoort-reunion,Paspoort of ID-kaart aanvragen als u in Réunion woont | NederlandWereldwijd,74,lange-zin,advies,Op de pagina Hoelang duurt het om een Nederlands paspoort of ID-kaart aan te vragen in het buitenland leest u meer over ...,Op de pagina Hoelang duurt het om een Nederlands paspoort of ID-kaart aan te vragen in het buitenland leest u meer over ...,Zin van 29 woorden; boven de 20 wordt een zin lastig te volgen.,Knip de zin in tweeën.
0175_paspoort-id-kaart_buitenland_paspoort-reunion.txt,https://www.nederlandwereldwijd.nl/paspoort-id-kaart/buitenland/paspoort-reunion,Paspoort of ID-kaart aanvragen als u in Réunion woont | NederlandWereldwijd,105,lange-zin,advies,Bij paspoorten uitgegeven vanaf eind september 2024 staat de naam van de partner vaak op de achterkant van de titelpagin...,Bij paspoorten uitgegeven vanaf eind september 2024 staat de naam van de partner vaak op de achterkant van de titelpagin...,Zin van 26 woorden; boven de 20 wordt een zin lastig te volgen.,Knip de zin in tweeën.
0176_paspoort-id-kaart_buitenland_paspoort-roemenie.txt,https://www.nederlandwereldwijd.nl/paspoort-id-kaart/buitenland/paspoort-roemenie,Paspoort of ID-kaart aanvragen als u in Roemenië woont | NederlandWereldwijd,11,lange-zin,advies,In uw persoonlijke checklist (uit stap 1) ziet u dat u documenten uit Roemenië nodig heeft om een paspoort of ID-kaart a...,In uw persoonlijke checklist (uit stap 1) ziet u dat u documenten uit Roemenië nodig heeft om een paspoort of ID-kaart a...,Zin van 24 woorden; boven de 20 wordt een zin lastig te volgen.,Knip de zin in tweeën.
0176_paspoort-id-kaart_buitenland_paspoort-roemenie.txt,https://www.nederlandwereldwijd.nl/paspoort-id-kaart/buitenland/paspoort-roemenie,Paspoort of ID-kaart aanvragen als u in Roemenië woont | NederlandWereldwijd,64,lange-zin,advies,In het overzicht van de consulaire tarieven in Roemenië ziet u wat een paspoort of ID-kaart kost en hoe u kunt betalen.,In het overzicht van de consulaire tarieven in Roemenië ziet u wat een paspoort of ID-kaart kost en hoe u kunt betalen.,Zin van 22 woorden; boven de 20 wordt een zin lastig te volgen.,Knip de zin in tweeën.
0176_paspoort-id-kaart_buitenland_paspoort-roemenie.txt,https://www.nederlandwereldwijd.nl/paspoort-id-kaart/buitenland/paspoort-roemenie,Paspoort of ID-kaart aanvragen als u in Roemenië woont | NederlandWereldwijd,79,lange-zin,advies,Op de pagina Hoelang duurt het om een Nederlands paspoort of ID-kaart aan te vragen in het buitenland leest u meer over ...,Op de pagina Hoelang duurt het om een Nederlands paspoort of ID-kaart aan te vragen in het buitenland leest u meer over ...,Zin van 29 woorden; boven de 20 wordt een zin lastig te volgen.,Knip de zin in tweeën.
0176_paspoort-id-kaart_buitenland_paspoort-roemenie.txt,https://www.nederlandwereldwijd.nl/paspoort-id-kaart/buitenland/paspoort-roemenie,Paspoort of ID-kaart aanvragen als u in Roemenië woont | NederlandWereldwijd,83,lange-zin,advies,"U kunt uw nieuwe paspoort of ID-kaart ophalen bij de ambassade in Boekarest op maandag, dinsdag en donderdag van 10.00 -...","U kunt uw nieuwe paspoort of ID-kaart ophalen bij de ambassade in Boekarest op maandag, dinsdag en donderdag van 10.00 -...",Zin van 23 woorden; boven de 20 wordt een zin lastig te volgen.,Knip de zin in tweeën.
0176_paspoort-id-kaart_buitenland_paspoort-roemenie.txt,https://www.nederlandwereldwijd.nl/paspoort-id-kaart/buitenland/paspoort-roemenie,Paspoort of ID-kaart aanvragen als u in Roemenië woont | NederlandWereldwijd,95,lange-zin,advies,Bij paspoorten uitgegeven vanaf eind september 2024 staat de naam van de partner vaak op de achterkant van de titelpagin...,Bij paspoorten uitgegeven vanaf eind september 2024 staat de naam van de partner vaak op de achterkant van de titelpagin...,Zin van 26 woorden; boven de 20 wordt een zin lastig te volgen.,Knip de zin in tweeën.
0177_paspoort-id-kaart_buitenland_paspoort-rusland.txt,https://www.nederlandwereldwijd.nl/paspoort-id-kaart/buitenland/paspoort-rusland,Paspoort of ID-kaart aanvragen als u in Rusland woont | NederlandWereldwijd,13,lange-zin,advies,In uw persoonlijke checklist (uit stap 1) ziet u dat u documenten uit Rusland nodig heeft om een paspoort of ID-kaart aa...,In uw persoonlijke checklist (uit stap 1) ziet u dat u documenten uit Rusland nodig heeft om een paspoort of ID-kaart aa...,Zin van 24 woorden; boven de 20 wordt een zin lastig te volgen.,Knip de zin in tweeën.
0177_paspoort-id-kaart_buitenland_paspoort-rusland.txt,https://www.nederlandwereldwijd.nl/paspoort-id-kaart/buitenland/paspoort-rusland,Paspoort of ID-kaart aanvragen als u in Rusland woont | NederlandWereldwijd,61,lange-zin,advies,In het overzicht van de consulaire tarieven in Rusland ziet u wat een paspoort of ID-kaart kost en hoe u kunt betalen.,In het overzicht van de consulaire tarieven in Rusland ziet u wat een paspoort of ID-kaart kost en hoe u kunt betalen.,Zin van 22 woorden; boven de 20 wordt een zin lastig te volgen.,Knip de zin in tweeën.
0177_paspoort-id-kaart_buitenland_paspoort-rusland.txt,https://www.nederlandwereldwijd.nl/paspoort-id-kaart/buitenland/paspoort-rusland,Paspoort of ID-kaart aanvragen als u in Rusland woont | NederlandWereldwijd,76,lange-zin,advies,Op de pagina Hoelang duurt het om een Nederlands paspoort of ID-kaart aan te vragen in het buitenland leest u meer over ...,Op de pagina Hoelang duurt het om een Nederlands paspoort of ID-kaart aan te vragen in het buitenland leest u meer over ...,Zin van 29 woorden; boven de 20 wordt een zin lastig te volgen.,Knip de zin in tweeën.
0177_paspoort-id-kaart_buitenland_paspoort-rusland.txt,https://www.nederlandwereldwijd.nl/paspoort-id-kaart/buitenland/paspoort-rusland,Paspoort of ID-kaart aanvragen als u in Rusland woont | NederlandWereldwijd,94,lange-zin,advies,Bij paspoorten uitgegeven vanaf eind september 2024 staat de naam van de partner vaak op de achterkant van de titelpagin...,Bij paspoorten uitgegeven vanaf eind september 2024 staat de naam van de partner vaak op de achterkant van de titelpagin...,Zin van 26 woorden; boven de 20 wordt een zin lastig te volgen.,Knip de zin in tweeën.
0178_paspoort-id-kaart_buitenland_paspoort-rwanda.txt,https://www.nederlandwereldwijd.nl/paspoort-id-kaart/buitenland/paspoort-rwanda,Paspoort of ID-kaart aanvragen als u in Rwanda woont | NederlandWereldwijd,11,lange-zin,advies,In uw persoonlijke checklist (uit stap 1) ziet u dat u documenten uit Rwanda nodig heeft om een paspoort of ID-kaart aan...,In uw persoonlijke checklist (uit stap 1) ziet u dat u documenten uit Rwanda nodig heeft om een paspoort of ID-kaart aan...,Zin van 24 woorden; boven de 20 wordt een zin lastig te volgen.,Knip de zin in tweeën.
0178_paspoort-id-kaart_buitenland_paspoort-rwanda.txt,https://www.nederlandwereldwijd.nl/paspoort-id-kaart/buitenland/paspoort-rwanda,Paspoort of ID-kaart aanvragen als u in Rwanda woont | NederlandWereldwijd,73,lange-zin,advies,Op de pagina Hoelang duurt het om een Nederlands paspoort of ID-kaart aan te vragen in het buitenland leest u meer over ...,Op de pagina Hoelang duurt het om een Nederlands paspoort of ID-kaart aan te vragen in het buitenland leest u meer over ...,Zin van 29 woorden; boven de 20 wordt een zin lastig te volgen.,Knip de zin in tweeën.
0178_paspoort-id-kaart_buitenland_paspoort-rwanda.txt,https://www.nederlandwereldwijd.nl/paspoort-id-kaart/buitenland/paspoort-rwanda,Paspoort of ID-kaart aanvragen als u in Rwanda woont | NederlandWereldwijd,88,lange-zin,advies,Bij paspoorten uitgegeven vanaf eind september 2024 staat de naam van de partner vaak op de achterkant van de titelpagin...,Bij paspoorten uitgegeven vanaf eind september 2024 staat de naam van de partner vaak op de achterkant van de titelpagin...,Zin van 26 woorden; boven de 20 wordt een zin lastig te volgen.,Knip de zin in tweeën.
0179_paspoort-id-kaart_buitenland_paspoort-saint-kitts-en-nevis.txt,https://www.nederlandwereldwijd.nl/paspoort-id-kaart/buitenland/paspoort-saint-kitts-en-nevis,Paspoort of ID-kaart aanvragen als u in Saint Kitts en Nevis woont | NederlandWereldwijd,11,lange-zin,advies,In uw persoonlijke checklist (uit stap 1) ziet u dat u documenten uit Saint Kitts en Nevis nodig heeft om een paspoort o...,In uw persoonlijke checklist (uit stap 1) ziet u dat u documenten uit Saint Kitts en Nevis nodig heeft om een paspoort o...,Zin van 27 woorden; boven de 20 wordt een zin lastig te volgen.,Knip de zin in tweeën.
0179_paspoort-id-kaart_buitenland_paspoort-saint-kitts-en-nevis.txt,https://www.nederlandwereldwijd.nl/paspoort-id-kaart/buitenland/paspoort-saint-kitts-en-nevis,Paspoort of ID-kaart aanvragen als u in Saint Kitts en Nevis woont | NederlandWereldwijd,74,lange-zin,advies,Op de pagina Hoelang duurt het om een Nederlands paspoort of ID-kaart aan te vragen in het buitenland leest u meer over ...,Op de pagina Hoelang duurt het om een Nederlands paspoort of ID-kaart aan te vragen in het buitenland leest u meer over ...,Zin van 29 woorden; boven de 20 wordt een zin lastig te volgen.,Knip de zin in tweeën.
0179_paspoort-id-kaart_buitenland_paspoort-saint-kitts-en-nevis.txt,https://www.nederlandwereldwijd.nl/paspoort-id-kaart/buitenland/paspoort-saint-kitts-en-nevis,Paspoort of ID-kaart aanvragen als u in Saint Kitts en Nevis woont | NederlandWereldwijd,93,lange-zin,advies,Bij paspoorten uitgegeven vanaf eind september 2024 staat de naam van de partner vaak op de achterkant van de titelpagin...,Bij paspoorten uitgegeven vanaf eind september 2024 staat de naam van de partner vaak op de achterkant van de titelpagin...,Zin van 26 woorden; boven de 20 wordt een zin lastig te volgen.,Knip de zin in tweeën.
0180_paspoort-id-kaart_buitenland_paspoort-saint-lucia.txt,https://www.nederlandwereldwijd.nl/paspoort-id-kaart/buitenland/paspoort-saint-lucia,Paspoort of ID-kaart aanvragen als u in Saint Lucia woont | NederlandWereldwijd,11,lange-zin,advies,In uw persoonlijke checklist (uit stap 1) ziet u dat u documenten uit Saint Lucia nodig heeft om een paspoort of ID-kaar...,In uw persoonlijke checklist (uit stap 1) ziet u dat u documenten uit Saint Lucia nodig heeft om een paspoort of ID-kaar...,Zin van 25 woorden; boven de 20 wordt een zin lastig te volgen.,Knip de zin in tweeën.
0180_paspoort-id-kaart_buitenland_paspoort-saint-lucia.txt,https://www.nederlandwereldwijd.nl/paspoort-id-kaart/buitenland/paspoort-saint-lucia,Paspoort of ID-kaart aanvragen als u in Saint Lucia woont | NederlandWereldwijd,75,lange-zin,advies,Op de pagina Hoelang duurt het om een Nederlands paspoort of ID-kaart aan te vragen in het buitenland leest u meer over ...,Op de pagina Hoelang duurt het om een Nederlands paspoort of ID-kaart aan te vragen in het buitenland leest u meer over ...,Zin van 29 woorden; boven de 20 wordt een zin lastig te volgen.,Knip de zin in tweeën.
0180_paspoort-id-kaart_buitenland_paspoort-saint-lucia.txt,https://www.nederlandwereldwijd.nl/paspoort-id-kaart/buitenland/paspoort-saint-lucia,Paspoort of ID-kaart aanvragen als u in Saint Lucia woont | NederlandWereldwijd,94,lange-zin,advies,Bij paspoorten uitgegeven vanaf eind september 2024 staat de naam van de partner vaak op de achterkant van de titelpagin...,Bij paspoorten uitgegeven vanaf eind september 2024 staat de naam van de partner vaak op de achterkant van de titelpagin...,Zin van 26 woorden; boven de 20 wordt een zin lastig te volgen.,Knip de zin in tweeën.
0181_paspoort-id-kaart_buitenland_paspoort-saint-vincent-en-de-grenadines.txt,https://www.nederlandwereldwijd.nl/paspoort-id-kaart/buitenland/paspoort-saint-vincent-en-de-grenadines,Paspoort of ID-kaart aanvragen als u in Saint Vincent en de Grenadines woont | NederlandWereldwijd,11,lange-zin,advies,In uw persoonlijke checklist (uit stap 1) ziet u dat u documenten uit Saint Vincent en de Grenadines nodig heeft om een ...,In uw persoonlijke checklist (uit stap 1) ziet u dat u documenten uit Saint Vincent en de Grenadines nodig heeft om een ...,Zin van 28 woorden; boven de 20 wordt een zin lastig te volgen.,Knip de zin in tweeën.
0181_paspoort-id-kaart_buitenland_paspoort-saint-vincent-en-de-grenadines.txt,https://www.nederlandwereldwijd.nl/paspoort-id-kaart/buitenland/paspoort-saint-vincent-en-de-grenadines,Paspoort of ID-kaart aanvragen als u in Saint Vincent en de Grenadines woont | NederlandWereldwijd,74,lange-zin,advies,Op de pagina Hoelang duurt het om een Nederlands paspoort of ID-kaart aan te vragen in het buitenland leest u meer over ...,Op de pagina Hoelang duurt het om een Nederlands paspoort of ID-kaart aan te vragen in het buitenland leest u meer over ...,Zin van 29 woorden; boven de 20 wordt een zin lastig te volgen.,Knip de zin in tweeën.
0181_paspoort-id-kaart_buitenland_paspoort-saint-vincent-en-de-grenadines.txt,https://www.nederlandwereldwijd.nl/paspoort-id-kaart/buitenland/paspoort-saint-vincent-en-de-grenadines,Paspoort of ID-kaart aanvragen als u in Saint Vincent en de Grenadines woont | NederlandWereldwijd,93,lange-zin,advies,Bij paspoorten uitgegeven vanaf eind september 2024 staat de naam van de partner vaak op de achterkant van de titelpagin...,Bij paspoorten uitgegeven vanaf eind september 2024 staat de naam van de partner vaak op de achterkant van de titelpagin...,Zin van 26 woorden; boven de 20 wordt een zin lastig te volgen.,Knip de zin in tweeën.
0182_paspoort-id-kaart_buitenland_paspoort-salomonseilanden.txt,https://www.nederlandwereldwijd.nl/paspoort-id-kaart/buitenland/paspoort-salomonseilanden,Paspoort of ID-kaart aanvragen als u in de Salomonseilanden woont | NederlandWereldwijd,11,lange-zin,advies,In uw persoonlijke checklist (uit stap 1) ziet u dat u documenten uit de Salomonseilanden nodig heeft om een paspoort of...,In uw persoonlijke checklist (uit stap 1) ziet u dat u documenten uit de Salomonseilanden nodig heeft om een paspoort of...,Zin van 25 woorden; boven de 20 wordt een zin lastig te volgen.,Knip de zin in tweeën.
0182_paspoort-id-kaart_buitenland_paspoort-salomonseilanden.txt,https://www.nederlandwereldwijd.nl/paspoort-id-kaart/buitenland/paspoort-salomonseilanden,Paspoort of ID-kaart aanvragen als u in de Salomonseilanden woont | NederlandWereldwijd,66,lange-zin,advies,In het overzicht van de consulaire tarieven in Australië ziet u wat een paspoort of ID-kaart kost en hoe u kunt betalen.,In het overzicht van de consulaire tarieven in Australië ziet u wat een paspoort of ID-kaart kost en hoe u kunt betalen.,Zin van 22 woorden; boven de 20 wordt een zin lastig te volgen.,Knip de zin in tweeën.
0182_paspoort-id-kaart_buitenland_paspoort-salomonseilanden.txt,https://www.nederlandwereldwijd.nl/paspoort-id-kaart/buitenland/paspoort-salomonseilanden,Paspoort of ID-kaart aanvragen als u in de Salomonseilanden woont | NederlandWereldwijd,81,lange-zin,advies,Op de pagina Hoelang duurt het om een Nederlands paspoort of ID-kaart aan te vragen in het buitenland leest u meer over ...,Op de pagina Hoelang duurt het om een Nederlands paspoort of ID-kaart aan te vragen in het buitenland leest u meer over ...,Zin van 29 woorden; boven de 20 wordt een zin lastig te volgen.,Knip de zin in tweeën.
0182_paspoort-id-kaart_buitenland_paspoort-salomonseilanden.txt,https://www.nederlandwereldwijd.nl/paspoort-id-kaart/buitenland/paspoort-salomonseilanden,Paspoort of ID-kaart aanvragen als u in de Salomonseilanden woont | NederlandWereldwijd,90,lijdende-vorm,advies,worden niet geaccepteerd,Andere enveloppen worden niet geaccepteerd.,Lijdende vorm: de lezer ziet niet wie er iets doet.,"Schrijf actief, bijvoorbeeld 'wij sturen' of 'u ontvangt'."
0182_paspoort-id-kaart_buitenland_paspoort-salomonseilanden.txt,https://www.nederlandwereldwijd.nl/paspoort-id-kaart/buitenland/paspoort-salomonseilanden,Paspoort of ID-kaart aanvragen als u in de Salomonseilanden woont | NederlandWereldwijd,91,lijdende-vorm,advies,worden verstuurd,"De envelop moet zijn voorzien van een signature on delivery sticker, anders kan het paspoort niet worden verstuurd.",Lijdende vorm: de lezer ziet niet wie er iets doet.,"Schrijf actief, bijvoorbeeld 'wij sturen' of 'u ontvangt'."
0182_paspoort-id-kaart_buitenland_paspoort-salomonseilanden.txt,https://www.nederlandwereldwijd.nl/paspoort-id-kaart/buitenland/paspoort-salomonseilanden,Paspoort of ID-kaart aanvragen als u in de Salomonseilanden woont | NederlandWereldwijd,103,lange-zin,advies,Bij paspoorten uitgegeven vanaf eind september 2024 staat de naam van de partner vaak op de achterkant van de titelpagin...,Bij paspoorten uitgegeven vanaf eind september 2024 staat de naam van de partner vaak op de achterkant van de titelpagin...,Zin van 26 woorden; boven de 20 wordt een zin lastig te volgen.,Knip de zin in tweeën.
0183_paspoort-id-kaart_buitenland_paspoort-samoa.txt,https://www.nederlandwereldwijd.nl/paspoort-id-kaart/buitenland/paspoort-samoa,Paspoort of ID-kaart aanvragen als u in Samoa woont | NederlandWereldwijd,11,lange-zin,advies,In uw persoonlijke checklist (uit stap 1) ziet u dat u documenten uit Samoa nodig heeft om een paspoort of ID-kaart aan ...,In uw persoonlijke checklist (uit stap 1) ziet u dat u documenten uit Samoa nodig heeft om een paspoort of ID-kaart aan ...,Zin van 24 woorden; boven de 20 wordt een zin lastig te volgen.,Knip de zin in tweeën.
0183_paspoort-id-kaart_buitenland_paspoort-samoa.txt,https://www.nederlandwereldwijd.nl/paspoort-id-kaart/buitenland/paspoort-samoa,Paspoort of ID-kaart aanvragen als u in Samoa woont | NederlandWereldwijd,61,lange-zin,advies,In het overzicht van de consulaire tarieven in Nieuw-Zeeland ziet u wat een paspoort of ID-kaart kost en hoe u kunt beta...,In het overzicht van de consulaire tarieven in Nieuw-Zeeland ziet u wat een paspoort of ID-kaart kost en hoe u kunt beta...,Zin van 22 woorden; boven de 20 wordt een zin lastig te volgen.,Knip de zin in tweeën.
0183_paspoort-id-kaart_buitenland_paspoort-samoa.txt,https://www.nederlandwereldwijd.nl/paspoort-id-kaart/buitenland/paspoort-samoa,Paspoort of ID-kaart aanvragen als u in Samoa woont | NederlandWereldwijd,76,lange-zin,advies,Op de pagina Hoelang duurt het om een Nederlands paspoort of ID-kaart aan te vragen in het buitenland leest u meer over ...,Op de pagina Hoelang duurt het om een Nederlands paspoort of ID-kaart aan te vragen in het buitenland leest u meer over ...,Zin van 29 woorden; boven de 20 wordt een zin lastig te volgen.,Knip de zin in tweeën.
0183_paspoort-id-kaart_buitenland_paspoort-samoa.txt,https://www.nederlandwereldwijd.nl/paspoort-id-kaart/buitenland/paspoort-samoa,Paspoort of ID-kaart aanvragen als u in Samoa woont | NederlandWereldwijd,96,lange-zin,advies,Bij paspoorten uitgegeven vanaf eind september 2024 staat de naam van de partner vaak op de achterkant van de titelpagin...,Bij paspoorten uitgegeven vanaf eind september 2024 staat de naam van de partner vaak op de achterkant van de titelpagin...,Zin van 26 woorden; boven de 20 wordt een zin lastig te volgen.,Knip de zin in tweeën.
0184_paspoort-id-kaart_buitenland_paspoort-san-marino.txt,https://www.nederlandwereldwijd.nl/paspoort-id-kaart/buitenland/paspoort-san-marino,Paspoort of ID-kaart aanvragen als u in San Marino woont | NederlandWereldwijd,11,lange-zin,advies,In uw persoonlijke checklist (uit stap 1) ziet u dat u documenten uit San Marino nodig heeft om een paspoort of ID-kaart...,In uw persoonlijke checklist (uit stap 1) ziet u dat u documenten uit San Marino nodig heeft om een paspoort of ID-kaart...,Zin van 25 woorden; boven de 20 wordt een zin lastig te volgen.,Knip de zin in tweeën.
0184_paspoort-id-kaart_buitenland_paspoort-san-marino.txt,https://www.nederlandwereldwijd.nl/paspoort-id-kaart/buitenland/paspoort-san-marino,Paspoort of ID-kaart aanvragen als u in San Marino woont | NederlandWereldwijd,59,lange-zin,advies,In het overzicht van de consulaire tarieven in Italië ziet u wat een paspoort of ID-kaart kost en hoe u kunt betalen.,In het overzicht van de consulaire tarieven in Italië ziet u wat een paspoort of ID-kaart kost en hoe u kunt betalen.,Zin van 22 woorden; boven de 20 wordt een zin lastig te volgen.,Knip de zin in tweeën.
0184_paspoort-id-kaart_buitenland_paspoort-san-marino.txt,https://www.nederlandwereldwijd.nl/paspoort-id-kaart/buitenland/paspoort-san-marino,Paspoort of ID-kaart aanvragen als u in San Marino woont | NederlandWereldwijd,74,lange-zin,advies,Op de pagina Hoelang duurt het om een Nederlands paspoort of ID-kaart aan te vragen in het buitenland leest u meer over ...,Op de pagina Hoelang duurt het om een Nederlands paspoort of ID-kaart aan te vragen in het buitenland leest u meer over ...,Zin van 29 woorden; boven de 20 wordt een zin lastig te volgen.,Knip de zin in tweeën.
0184_paspoort-id-kaart_buitenland_paspoort-san-marino.txt,https://www.nederlandwereldwijd.nl/paspoort-id-kaart/buitenland/paspoort-san-marino,Paspoort of ID-kaart aanvragen als u in San Marino woont | NederlandWereldwijd,92,lange-zin,advies,Bij paspoorten uitgegeven vanaf eind september 2024 staat de naam van de partner vaak op de achterkant van de titelpagin...,Bij paspoorten uitgegeven vanaf eind september 2024 staat de naam van de partner vaak op de achterkant van de titelpagin...,Zin van 26 woorden; boven de 20 wordt een zin lastig te volgen.,Knip de zin in tweeën.
0185_paspoort-id-kaart_buitenland_paspoort-sao-tome-en-principe.txt,https://www.nederlandwereldwijd.nl/paspoort-id-kaart/buitenland/paspoort-sao-tome-en-principe,Paspoort of ID-kaart aanvragen als u in Sao Tomé en Principe woont | NederlandWereldwijd,11,lange-zin,advies,In uw persoonlijke checklist (uit stap 1) ziet u dat u documenten uit Sao Tomé en Principe nodig heeft om een paspoort o...,In uw persoonlijke checklist (uit stap 1) ziet u dat u documenten uit Sao Tomé en Principe nodig heeft om een paspoort o...,Zin van 27 woorden; boven de 20 wordt een zin lastig te volgen.,Knip de zin in tweeën.
0185_paspoort-id-kaart_buitenland_paspoort-sao-tome-en-principe.txt,https://www.nederlandwereldwijd.nl/paspoort-id-kaart/buitenland/paspoort-sao-tome-en-principe,Paspoort of ID-kaart aanvragen als u in Sao Tomé en Principe woont | NederlandWereldwijd,74,lange-zin,advies,Op de pagina Hoelang duurt het om een Nederlands paspoort of ID-kaart aan te vragen in het buitenland leest u meer over ...,Op de pagina Hoelang duurt het om een Nederlands paspoort of ID-kaart aan te vragen in het buitenland leest u meer over ...,Zin van 29 woorden; boven de 20 wordt een zin lastig te volgen.,Knip de zin in tweeën.
0185_paspoort-id-kaart_buitenland_paspoort-sao-tome-en-principe.txt,https://www.nederlandwereldwijd.nl/paspoort-id-kaart/buitenland/paspoort-sao-tome-en-principe,Paspoort of ID-kaart aanvragen als u in Sao Tomé en Principe woont | NederlandWereldwijd,93,lange-zin,advies,Bij paspoorten uitgegeven vanaf eind september 2024 staat de naam van de partner vaak op de achterkant van de titelpagin...,Bij paspoorten uitgegeven vanaf eind september 2024 staat de naam van de partner vaak op de achterkant van de titelpagin...,Zin van 26 woorden; boven de 20 wordt een zin lastig te volgen.,Knip de zin in tweeën.
0186_paspoort-id-kaart_buitenland_paspoort-saoedi-arabie.txt,https://www.nederlandwereldwijd.nl/paspoort-id-kaart/buitenland/paspoort-saoedi-arabie,Paspoort of ID-kaart aanvragen als u in Saoedi-Arabië woont | NederlandWereldwijd,11,lange-zin,advies,In uw persoonlijke checklist (uit stap 1) ziet u dat u documenten uit Saoedi-Arabië nodig heeft om een paspoort of ID-ka...,In uw persoonlijke checklist (uit stap 1) ziet u dat u documenten uit Saoedi-Arabië nodig heeft om een paspoort of ID-ka...,Zin van 24 woorden; boven de 20 wordt een zin lastig te volgen.,Knip de zin in tweeën.
0186_paspoort-id-kaart_buitenland_paspoort-saoedi-arabie.txt,https://www.nederlandwereldwijd.nl/paspoort-id-kaart/buitenland/paspoort-saoedi-arabie,Paspoort of ID-kaart aanvragen als u in Saoedi-Arabië woont | NederlandWereldwijd,62,lange-zin,advies,In het overzicht van de consulaire tarieven in Saoedi-Arabië ziet u wat een paspoort of ID-kaart kost en hoe u kunt beta...,In het overzicht van de consulaire tarieven in Saoedi-Arabië ziet u wat een paspoort of ID-kaart kost en hoe u kunt beta...,Zin van 22 woorden; boven de 20 wordt een zin lastig te volgen.,Knip de zin in tweeën.
0186_paspoort-id-kaart_buitenland_paspoort-saoedi-arabie.txt,https://www.nederlandwereldwijd.nl/paspoort-id-kaart/buitenland/paspoort-saoedi-arabie,Paspoort of ID-kaart aanvragen als u in Saoedi-Arabië woont | NederlandWereldwijd,77,lange-zin,advies,Op de pagina Hoelang duurt het om een Nederlands paspoort of ID-kaart aan te vragen in het buitenland leest u meer over ...,Op de pagina Hoelang duurt het om een Nederlands paspoort of ID-kaart aan te vragen in het buitenland leest u meer over ...,Zin van 29 woorden; boven de 20 wordt een zin lastig te volgen.,Knip de zin in tweeën.
0186_paspoort-id-kaart_buitenland_paspoort-saoedi-arabie.txt,https://www.nederlandwereldwijd.nl/paspoort-id-kaart/buitenland/paspoort-saoedi-arabie,Paspoort of ID-kaart aanvragen als u in Saoedi-Arabië woont | NederlandWereldwijd,97,lange-zin,advies,Bij paspoorten uitgegeven vanaf eind september 2024 staat de naam van de partner vaak op de achterkant van de titelpagin...,Bij paspoorten uitgegeven vanaf eind september 2024 staat de naam van de partner vaak op de achterkant van de titelpagin...,Zin van 26 woorden; boven de 20 wordt een zin lastig te volgen.,Knip de zin in tweeën.
0187_paspoort-id-kaart_buitenland_paspoort-senegal.txt,https://www.nederlandwereldwijd.nl/paspoort-id-kaart/buitenland/paspoort-senegal,Nederlands paspoort of ID-kaart vernieuwen of voor het eerst aanvragen als u in Senegal woont | NederlandWereldwijd,11,lange-zin,advies,In uw persoonlijke checklist (uit stap 1) ziet u dat u documenten uit Senegal nodig heeft om een paspoort of ID-kaart aa...,In uw persoonlijke checklist (uit stap 1) ziet u dat u documenten uit Senegal nodig heeft om een paspoort of ID-kaart aa...,Zin van 24 woorden; boven de 20 wordt een zin lastig te volgen.,Knip de zin in tweeën.
0187_paspoort-id-kaart_buitenland_paspoort-senegal.txt,https://www.nederlandwereldwijd.nl/paspoort-id-kaart/buitenland/paspoort-senegal,Nederlands paspoort of ID-kaart vernieuwen of voor het eerst aanvragen als u in Senegal woont | NederlandWereldwijd,78,lange-zin,advies,Op de pagina Hoelang duurt het om een Nederlands paspoort of ID-kaart aan te vragen in het buitenland leest u meer over ...,Op de pagina Hoelang duurt het om een Nederlands paspoort of ID-kaart aan te vragen in het buitenland leest u meer over ...,Zin van 29 woorden; boven de 20 wordt een zin lastig te volgen.,Knip de zin in tweeën.
0187_paspoort-id-kaart_buitenland_paspoort-senegal.txt,https://www.nederlandwereldwijd.nl/paspoort-id-kaart/buitenland/paspoort-senegal,Nederlands paspoort of ID-kaart vernieuwen of voor het eerst aanvragen als u in Senegal woont | NederlandWereldwijd,89,lange-zin,advies,"Uw kunt uw nieuwe paspoort via DHL ook laten versturen naar de honorair consul (HC) in Gambia, Guinee, Guinee-Bissau, Ma...","Uw kunt uw nieuwe paspoort via DHL ook laten versturen naar de honorair consul (HC) in Gambia, Guinee, Guinee-Bissau, Ma...",Zin van 22 woorden; boven de 20 wordt een zin lastig te volgen.,Knip de zin in tweeën.
0187_paspoort-id-kaart_buitenland_paspoort-senegal.txt,https://www.nederlandwereldwijd.nl/paspoort-id-kaart/buitenland/paspoort-senegal,Nederlands paspoort of ID-kaart vernieuwen of voor het eerst aanvragen als u in Senegal woont | NederlandWereldwijd,96,lange-zin,advies,Bij paspoorten uitgegeven vanaf eind september 2024 staat de naam van de partner vaak op de achterkant van de titelpagin...,Bij paspoorten uitgegeven vanaf eind september 2024 staat de naam van de partner vaak op de achterkant van de titelpagin...,Zin van 26 woorden; boven de 20 wordt een zin lastig te volgen.,Knip de zin in tweeën.
0188_paspoort-id-kaart_buitenland_paspoort-servie.txt,https://www.nederlandwereldwijd.nl/paspoort-id-kaart/buitenland/paspoort-servie,Paspoort of ID-kaart aanvragen als u in Servië woont | NederlandWereldwijd,11,lange-zin,advies,In uw persoonlijke checklist (uit stap 1) ziet u dat u documenten uit Servië nodig heeft om een paspoort of ID-kaart aan...,In uw persoonlijke checklist (uit stap 1) ziet u dat u documenten uit Servië nodig heeft om een paspoort of ID-kaart aan...,Zin van 24 woorden; boven de 20 wordt een zin lastig te volgen.,Knip de zin in tweeën.
0188_paspoort-id-kaart_buitenland_paspoort-servie.txt,https://www.nederlandwereldwijd.nl/paspoort-id-kaart/buitenland/paspoort-servie,Paspoort of ID-kaart aanvragen als u in Servië woont | NederlandWereldwijd,77,lange-zin,advies,Op de pagina Hoelang duurt het om een Nederlands paspoort of ID-kaart aan te vragen in het buitenland leest u meer over ...,Op de pagina Hoelang duurt het om een Nederlands paspoort of ID-kaart aan te vragen in het buitenland leest u meer over ...,Zin van 29 woorden; boven de 20 wordt een zin lastig te volgen.,Knip de zin in tweeën.
0188_paspoort-id-kaart_buitenland_paspoort-servie.txt,https://www.nederlandwereldwijd.nl/paspoort-id-kaart/buitenland/paspoort-servie,Paspoort of ID-kaart aanvragen als u in Servië woont | NederlandWereldwijd,94,lange-zin,advies,Bij paspoorten uitgegeven vanaf eind september 2024 staat de naam van de partner vaak op de achterkant van de titelpagin...,Bij paspoorten uitgegeven vanaf eind september 2024 staat de naam van de partner vaak op de achterkant van de titelpagin...,Zin van 26 woorden; boven de 20 wordt een zin lastig te volgen.,Knip de zin in tweeën.
0189_paspoort-id-kaart_buitenland_paspoort-seychellen.txt,https://www.nederlandwereldwijd.nl/paspoort-id-kaart/buitenland/paspoort-seychellen,Paspoort of ID-kaart aanvragen als u in de Seychellen woont | NederlandWereldwijd,11,lange-zin,advies,In uw persoonlijke checklist (uit stap 1) ziet u dat u documenten uit de Seychellen nodig heeft om een paspoort of ID-ka...,In uw persoonlijke checklist (uit stap 1) ziet u dat u documenten uit de Seychellen nodig heeft om een paspoort of ID-ka...,Zin van 25 woorden; boven de 20 wordt een zin lastig te volgen.,Knip de zin in tweeën.
0189_paspoort-id-kaart_buitenland_paspoort-seychellen.txt,https://www.nederlandwereldwijd.nl/paspoort-id-kaart/buitenland/paspoort-seychellen,Paspoort of ID-kaart aanvragen als u in de Seychellen woont | NederlandWereldwijd,74,lange-zin,advies,Op de pagina Hoelang duurt het om een Nederlands paspoort of ID-kaart aan te vragen in het buitenland leest u meer over ...,Op de pagina Hoelang duurt het om een Nederlands paspoort of ID-kaart aan te vragen in het buitenland leest u meer over ...,Zin van 29 woorden; boven de 20 wordt een zin lastig te volgen.,Knip de zin in tweeën.
0189_paspoort-id-kaart_buitenland_paspoort-seychellen.txt,https://www.nederlandwereldwijd.nl/paspoort-id-kaart/buitenland/paspoort-seychellen,Paspoort of ID-kaart aanvragen als u in de Seychellen woont | NederlandWereldwijd,93,lange-zin,advies,Bij paspoorten uitgegeven vanaf eind september 2024 staat de naam van de partner vaak op de achterkant van de titelpagin...,Bij paspoorten uitgegeven vanaf eind september 2024 staat de naam van de partner vaak op de achterkant van de titelpagin...,Zin van 26 woorden; boven de 20 wordt een zin lastig te volgen.,Knip de zin in tweeën.
0190_paspoort-id-kaart_buitenland_paspoort-sierra-leone.txt,https://www.nederlandwereldwijd.nl/paspoort-id-kaart/buitenland/paspoort-sierra-leone,Paspoort of ID-kaart aanvragen als u in Sierra Leone woont | NederlandWereldwijd,11,lange-zin,advies,In uw persoonlijke checklist (uit stap 1) ziet u dat u documenten uit Sierra Leone nodig heeft om een paspoort of ID-kaa...,In uw persoonlijke checklist (uit stap 1) ziet u dat u documenten uit Sierra Leone nodig heeft om een paspoort of ID-kaa...,Zin van 25 woorden; boven de 20 wordt een zin lastig te volgen.,Knip de zin in tweeën.
0190_paspoort-id-kaart_buitenland_paspoort-sierra-leone.txt,https://www.nederlandwereldwijd.nl/paspoort-id-kaart/buitenland/paspoort-sierra-leone,Paspoort of ID-kaart aanvragen als u in Sierra Leone woont | NederlandWereldwijd,77,lange-zin,advies,Op de pagina Hoelang duurt het om een Nederlands paspoort of ID-kaart aan te vragen in het buitenland leest u meer over ...,Op de pagina Hoelang duurt het om een Nederlands paspoort of ID-kaart aan te vragen in het buitenland leest u meer over ...,Zin van 29 woorden; boven de 20 wordt een zin lastig te volgen.,Knip de zin in tweeën.
0190_paspoort-id-kaart_buitenland_paspoort-sierra-leone.txt,https://www.nederlandwereldwijd.nl/paspoort-id-kaart/buitenland/paspoort-sierra-leone,Paspoort of ID-kaart aanvragen als u in Sierra Leone woont | NederlandWereldwijd,98,lange-zin,advies,Bij paspoorten uitgegeven vanaf eind september 2024 staat de naam van de partner vaak op de achterkant van de titelpagin...,Bij paspoorten uitgegeven vanaf eind september 2024 staat de naam van de partner vaak op de achterkant van de titelpagin...,Zin van 26 woorden; boven de 20 wordt een zin lastig te volgen.,Knip de zin in tweeën.
0191_paspoort-id-kaart_buitenland_paspoort-singapore.txt,https://www.nederlandwereldwijd.nl/paspoort-id-kaart/buitenland/paspoort-singapore,Paspoort of ID-kaart aanvragen als u in Singapore woont | NederlandWereldwijd,11,lange-zin,advies,In uw persoonlijke checklist (uit stap 1) ziet u dat u documenten uit Singapore nodig heeft om een paspoort of ID-kaart ...,In uw persoonlijke checklist (uit stap 1) ziet u dat u documenten uit Singapore nodig heeft om een paspoort of ID-kaart ...,Zin van 24 woorden; boven de 20 wordt een zin lastig te volgen.,Knip de zin in tweeën.
0191_paspoort-id-kaart_buitenland_paspoort-singapore.txt,https://www.nederlandwereldwijd.nl/paspoort-id-kaart/buitenland/paspoort-singapore,Paspoort of ID-kaart aanvragen als u in Singapore woont | NederlandWereldwijd,59,lange-zin,advies,In het overzicht van de consulaire tarieven in Singapore ziet u wat een paspoort of ID-kaart kost en hoe u kunt betalen.,In het overzicht van de consulaire tarieven in Singapore ziet u wat een paspoort of ID-kaart kost en hoe u kunt betalen.,Zin van 22 woorden; boven de 20 wordt een zin lastig te volgen.,Knip de zin in tweeën.
0191_paspoort-id-kaart_buitenland_paspoort-singapore.txt,https://www.nederlandwereldwijd.nl/paspoort-id-kaart/buitenland/paspoort-singapore,Paspoort of ID-kaart aanvragen als u in Singapore woont | NederlandWereldwijd,73,lange-zin,advies,Op de pagina Hoelang duurt het om een Nederlands paspoort of ID-kaart aan te vragen in het buitenland leest u meer over ...,Op de pagina Hoelang duurt het om een Nederlands paspoort of ID-kaart aan te vragen in het buitenland leest u meer over ...,Zin van 29 woorden; boven de 20 wordt een zin lastig te volgen.,Knip de zin in tweeën.
0191_paspoort-id-kaart_buitenland_paspoort-singapore.txt,https://www.nederlandwereldwijd.nl/paspoort-id-kaart/buitenland/paspoort-singapore,Paspoort of ID-kaart aanvragen als u in Singapore woont | NederlandWereldwijd,90,lange-zin,advies,Bij paspoorten uitgegeven vanaf eind september 2024 staat de naam van de partner vaak op de achterkant van de titelpagin...,Bij paspoorten uitgegeven vanaf eind september 2024 staat de naam van de partner vaak op de achterkant van de titelpagin...,Zin van 26 woorden; boven de 20 wordt een zin lastig te volgen.,Knip de zin in tweeën.
0192_paspoort-id-kaart_buitenland_paspoort-slovenie.txt,https://www.nederlandwereldwijd.nl/paspoort-id-kaart/buitenland/paspoort-slovenie,Paspoort of ID-kaart aanvragen als u in Slovenië woont | NederlandWereldwijd,11,lange-zin,advies,In uw persoonlijke checklist (uit stap 1) ziet u dat u documenten uit Slovenië nodig heeft om een paspoort of ID-kaart a...,In uw persoonlijke checklist (uit stap 1) ziet u dat u documenten uit Slovenië nodig heeft om een paspoort of ID-kaart a...,Zin van 24 woorden; boven de 20 wordt een zin lastig te volgen.,Knip de zin in tweeën.
0192_paspoort-id-kaart_buitenland_paspoort-slovenie.txt,https://www.nederlandwereldwijd.nl/paspoort-id-kaart/buitenland/paspoort-slovenie,Paspoort of ID-kaart aanvragen als u in Slovenië woont | NederlandWereldwijd,75,lange-zin,advies,In het overzicht van de consulaire tarieven in Slovenië ziet u wat een paspoort of ID-kaart kost en hoe u kunt betalen.,In het overzicht van de consulaire tarieven in Slovenië ziet u wat een paspoort of ID-kaart kost en hoe u kunt betalen.,Zin van 22 woorden; boven de 20 wordt een zin lastig te volgen.,Knip de zin in tweeën.
0192_paspoort-id-kaart_buitenland_paspoort-slovenie.txt,https://www.nederlandwereldwijd.nl/paspoort-id-kaart/buitenland/paspoort-slovenie,Paspoort of ID-kaart aanvragen als u in Slovenië woont | NederlandWereldwijd,90,lange-zin,advies,Op de pagina Hoelang duurt het om een Nederlands paspoort of ID-kaart aan te vragen in het buitenland leest u meer over ...,Op de pagina Hoelang duurt het om een Nederlands paspoort of ID-kaart aan te vragen in het buitenland leest u meer over ...,Zin van 29 woorden; boven de 20 wordt een zin lastig te volgen.,Knip de zin in tweeën.
0192_paspoort-id-kaart_buitenland_paspoort-slovenie.txt,https://www.nederlandwereldwijd.nl/paspoort-id-kaart/buitenland/paspoort-slovenie,Paspoort of ID-kaart aanvragen als u in Slovenië woont | NederlandWereldwijd,109,lange-zin,advies,Bij paspoorten uitgegeven vanaf eind september 2024 staat de naam van de partner vaak op de achterkant van de titelpagin...,Bij paspoorten uitgegeven vanaf eind september 2024 staat de naam van de partner vaak op de achterkant van de titelpagin...,Zin van 26 woorden; boven de 20 wordt een zin lastig te volgen.,Knip de zin in tweeën.
0193_paspoort-id-kaart_buitenland_paspoort-slowakije.txt,https://www.nederlandwereldwijd.nl/paspoort-id-kaart/buitenland/paspoort-slowakije,Paspoort of ID-kaart aanvragen als u in Slowakije woont | NederlandWereldwijd,11,lange-zin,advies,In uw persoonlijke checklist (uit stap 1) ziet u dat u documenten uit Slowakije nodig heeft om een paspoort of ID-kaart ...,In uw persoonlijke checklist (uit stap 1) ziet u dat u documenten uit Slowakije nodig heeft om een paspoort of ID-kaart ...,Zin van 24 woorden; boven de 20 wordt een zin lastig te volgen.,Knip de zin in tweeën.
0193_paspoort-id-kaart_buitenland_paspoort-slowakije.txt,https://www.nederlandwereldwijd.nl/paspoort-id-kaart/buitenland/paspoort-slowakije,Paspoort of ID-kaart aanvragen als u in Slowakije woont | NederlandWereldwijd,59,lange-zin,advies,In het overzicht van de consulaire tarieven in Oostenrijk ziet u wat een paspoort of ID-kaart kost en hoe u kunt betalen...,In het overzicht van de consulaire tarieven in Oostenrijk ziet u wat een paspoort of ID-kaart kost en hoe u kunt betalen...,Zin van 22 woorden; boven de 20 wordt een zin lastig te volgen.,Knip de zin in tweeën.
0193_paspoort-id-kaart_buitenland_paspoort-slowakije.txt,https://www.nederlandwereldwijd.nl/paspoort-id-kaart/buitenland/paspoort-slowakije,Paspoort of ID-kaart aanvragen als u in Slowakije woont | NederlandWereldwijd,74,lange-zin,advies,Op de pagina Hoelang duurt het om een Nederlands paspoort of ID-kaart aan te vragen in het buitenland leest u meer over ...,Op de pagina Hoelang duurt het om een Nederlands paspoort of ID-kaart aan te vragen in het buitenland leest u meer over ...,Zin van 29 woorden; boven de 20 wordt een zin lastig te volgen.,Knip de zin in tweeën.
0193_paspoort-id-kaart_buitenland_paspoort-slowakije.txt,https://www.nederlandwereldwijd.nl/paspoort-id-kaart/buitenland/paspoort-slowakije,Paspoort of ID-kaart aanvragen als u in Slowakije woont | NederlandWereldwijd,92,lange-zin,advies,Bij paspoorten uitgegeven vanaf eind september 2024 staat de naam van de partner vaak op de achterkant van de titelpagin...,Bij paspoorten uitgegeven vanaf eind september 2024 staat de naam van de partner vaak op de achterkant van de titelpagin...,Zin van 26 woorden; boven de 20 wordt een zin lastig te volgen.,Knip de zin in tweeën.
0194_paspoort-id-kaart_buitenland_paspoort-somalie.txt,https://www.nederlandwereldwijd.nl/paspoort-id-kaart/buitenland/paspoort-somalie,Paspoort of ID-kaart aanvragen als u in Somalië woont | NederlandWereldwijd,5,lijdende-vorm,advies,worden geaccepteerd,"Alleen documenten die zijn uitgegeven door de Somalische autoriteiten in Somalië, Somaliland of Puntland worden geaccepteerd.",Lijdende vorm: de lezer ziet niet wie er iets doet.,"Schrijf actief, bijvoorbeeld 'wij sturen' of 'u ontvangt'."
0195_paspoort-id-kaart_buitenland_paspoort-spanje.txt,https://www.nederlandwereldwijd.nl/paspoort-id-kaart/buitenland/paspoort-spanje,Nederlands paspoort of ID-kaart vernieuwen of voor het eerst aanvragen als u in Spanje woont | NederlandWereldwijd,50,lange-zin,advies,U kunt ook zonder afspraak langskomen bij VFS Global in Barcelona tussen 09.00 en 13.00 uur en 14.00 en 18.00 uur.,U kunt ook zonder afspraak langskomen bij VFS Global in Barcelona tussen 09.00 en 13.00 uur en 14.00 en 18.00 uur.,Zin van 21 woorden; boven de 20 wordt een zin lastig te volgen.,Knip de zin in tweeën.
0195_paspoort-id-kaart_buitenland_paspoort-spanje.txt,https://www.nederlandwereldwijd.nl/paspoort-id-kaart/buitenland/paspoort-spanje,Nederlands paspoort of ID-kaart vernieuwen of voor het eerst aanvragen als u in Spanje woont | NederlandWereldwijd,59,lijdende-vorm,advies,worden opgestuurd,Uw paspoort kan niet worden opgestuurd.,Lijdende vorm: de lezer ziet niet wie er iets doet.,"Schrijf actief, bijvoorbeeld 'wij sturen' of 'u ontvangt'."
0195_paspoort-id-kaart_buitenland_paspoort-spanje.txt,https://www.nederlandwereldwijd.nl/paspoort-id-kaart/buitenland/paspoort-spanje,Nederlands paspoort of ID-kaart vernieuwen of voor het eerst aanvragen als u in Spanje woont | NederlandWereldwijd,98,lange-zin,advies,In het overzicht van de consulaire tarieven in Spanje ziet u wat een paspoort of ID-kaart kost en hoe u kunt betalen.,In het overzicht van de consulaire tarieven in Spanje ziet u wat een paspoort of ID-kaart kost en hoe u kunt betalen.,Zin van 22 woorden; boven de 20 wordt een zin lastig te volgen.,Knip de zin in tweeën.
0195_paspoort-id-kaart_buitenland_paspoort-spanje.txt,https://www.nederlandwereldwijd.nl/paspoort-id-kaart/buitenland/paspoort-spanje,Nederlands paspoort of ID-kaart vernieuwen of voor het eerst aanvragen als u in Spanje woont | NederlandWereldwijd,113,lange-zin,advies,Op de pagina Hoelang duurt het om een Nederlands paspoort of ID-kaart aan te vragen in het buitenland leest u meer over ...,Op de pagina Hoelang duurt het om een Nederlands paspoort of ID-kaart aan te vragen in het buitenland leest u meer over ...,Zin van 29 woorden; boven de 20 wordt een zin lastig te volgen.,Knip de zin in tweeën.
0195_paspoort-id-kaart_buitenland_paspoort-spanje.txt,https://www.nederlandwereldwijd.nl/paspoort-id-kaart/buitenland/paspoort-spanje,Nederlands paspoort of ID-kaart vernieuwen of voor het eerst aanvragen als u in Spanje woont | NederlandWereldwijd,126,lijdende-vorm,advies,worden opgestuurd,Uw paspoort kan niet worden opgestuurd.,Lijdende vorm: de lezer ziet niet wie er iets doet.,"Schrijf actief, bijvoorbeeld 'wij sturen' of 'u ontvangt'."
0195_paspoort-id-kaart_buitenland_paspoort-spanje.txt,https://www.nederlandwereldwijd.nl/paspoort-id-kaart/buitenland/paspoort-spanje,Nederlands paspoort of ID-kaart vernieuwen of voor het eerst aanvragen als u in Spanje woont | NederlandWereldwijd,128,lijdende-vorm,advies,wordt gemaakt,Let erop dat uw paspoort bij VFS Global ongeldig wordt gemaakt tijdens uw afspraak.,Lijdende vorm: de lezer ziet niet wie er iets doet.,"Schrijf actief, bijvoorbeeld 'wij sturen' of 'u ontvangt'."
0195_paspoort-id-kaart_buitenland_paspoort-spanje.txt,https://www.nederlandwereldwijd.nl/paspoort-id-kaart/buitenland/paspoort-spanje,Nederlands paspoort of ID-kaart vernieuwen of voor het eerst aanvragen als u in Spanje woont | NederlandWereldwijd,128,lijdende-vorm,advies,wordt uw paspoort opgestuurd,Daarna wordt uw paspoort opgestuurd als het klaar is.,Lijdende vorm: de lezer ziet niet wie er iets doet.,"Schrijf actief, bijvoorbeeld 'wij sturen' of 'u ontvangt'."
0195_paspoort-id-kaart_buitenland_paspoort-spanje.txt,https://www.nederlandwereldwijd.nl/paspoort-id-kaart/buitenland/paspoort-spanje,Nederlands paspoort of ID-kaart vernieuwen of voor het eerst aanvragen als u in Spanje woont | NederlandWereldwijd,138,lange-zin,advies,Bij paspoorten uitgegeven vanaf eind september 2024 staat de naam van de partner vaak op de achterkant van de titelpagin...,Bij paspoorten uitgegeven vanaf eind september 2024 staat de naam van de partner vaak op de achterkant van de titelpagin...,Zin van 26 woorden; boven de 20 wordt een zin lastig te volgen.,Knip de zin in tweeën.
0196_paspoort-id-kaart_buitenland_paspoort-sri-lanka.txt,https://www.nederlandwereldwijd.nl/paspoort-id-kaart/buitenland/paspoort-sri-lanka,Paspoort of ID-kaart aanvragen als u in Sri Lanka woont | NederlandWereldwijd,11,lange-zin,advies,In uw persoonlijke checklist (uit stap 1) ziet u dat u documenten uit Sri Lanka nodig heeft om een paspoort of ID-kaart ...,In uw persoonlijke checklist (uit stap 1) ziet u dat u documenten uit Sri Lanka nodig heeft om een paspoort of ID-kaart ...,Zin van 25 woorden; boven de 20 wordt een zin lastig te volgen.,Knip de zin in tweeën.
0196_paspoort-id-kaart_buitenland_paspoort-sri-lanka.txt,https://www.nederlandwereldwijd.nl/paspoort-id-kaart/buitenland/paspoort-sri-lanka,Paspoort of ID-kaart aanvragen als u in Sri Lanka woont | NederlandWereldwijd,59,lange-zin,advies,In het overzicht van de consulaire tarieven in Sri Lanka ziet u wat een paspoort of ID-kaart kost en hoe u kunt betalen.,In het overzicht van de consulaire tarieven in Sri Lanka ziet u wat een paspoort of ID-kaart kost en hoe u kunt betalen.,Zin van 23 woorden; boven de 20 wordt een zin lastig te volgen.,Knip de zin in tweeën.
0196_paspoort-id-kaart_buitenland_paspoort-sri-lanka.txt,https://www.nederlandwereldwijd.nl/paspoort-id-kaart/buitenland/paspoort-sri-lanka,Paspoort of ID-kaart aanvragen als u in Sri Lanka woont | NederlandWereldwijd,73,lange-zin,advies,Op de pagina Hoelang duurt het om een Nederlands paspoort of ID-kaart aan te vragen in het buitenland leest u meer over ...,Op de pagina Hoelang duurt het om een Nederlands paspoort of ID-kaart aan te vragen in het buitenland leest u meer over ...,Zin van 29 woorden; boven de 20 wordt een zin lastig te volgen.,Knip de zin in tweeën.
0196_paspoort-id-kaart_buitenland_paspoort-sri-lanka.txt,https://www.nederlandwereldwijd.nl/paspoort-id-kaart/buitenland/paspoort-sri-lanka,Paspoort of ID-kaart aanvragen als u in Sri Lanka woont | NederlandWereldwijd,77,lange-zin,advies,U kunt uw nieuwe paspoort of ID-kaart ophalen bij de ambassade in Colombo op maandag tot en met donderdag van 14.00 – 14...,U kunt uw nieuwe paspoort of ID-kaart ophalen bij de ambassade in Colombo op maandag tot en met donderdag van 14.00 – 14...,Zin van 24 woorden; boven de 20 wordt een zin lastig te volgen.,Knip de zin in tweeën.
0196_paspoort-id-kaart_buitenland_paspoort-sri-lanka.txt,https://www.nederlandwereldwijd.nl/paspoort-id-kaart/buitenland/paspoort-sri-lanka,Paspoort of ID-kaart aanvragen als u in Sri Lanka woont | NederlandWereldwijd,87,lange-zin,advies,Bij paspoorten uitgegeven vanaf eind september 2024 staat de naam van de partner vaak op de achterkant van de titelpagin...,Bij paspoorten uitgegeven vanaf eind september 2024 staat de naam van de partner vaak op de achterkant van de titelpagin...,Zin van 26 woorden; boven de 20 wordt een zin lastig te volgen.,Knip de zin in tweeën.
0198_paspoort-id-kaart_buitenland_paspoort-suriname.txt,https://www.nederlandwereldwijd.nl/paspoort-id-kaart/buitenland/paspoort-suriname,Paspoort of ID-kaart aanvragen als u in Suriname woont | NederlandWereldwijd,12,lange-zin,advies,In uw persoonlijke checklist (uit stap 1) ziet u dat u documenten uit Suriname nodig heeft om een paspoort of ID-kaart a...,In uw persoonlijke checklist (uit stap 1) ziet u dat u documenten uit Suriname nodig heeft om een paspoort of ID-kaart a...,Zin van 24 woorden; boven de 20 wordt een zin lastig te volgen.,Knip de zin in tweeën.
0198_paspoort-id-kaart_buitenland_paspoort-suriname.txt,https://www.nederlandwereldwijd.nl/paspoort-id-kaart/buitenland/paspoort-suriname,Paspoort of ID-kaart aanvragen als u in Suriname woont | NederlandWereldwijd,20,lange-zin,advies,Waarschuwing: Naast 1 van deze documenten moet u ook een recent bewijs (maximaal 3 maanden oud) van inschrijving bij het...,Waarschuwing: Naast 1 van deze documenten moet u ook een recent bewijs (maximaal 3 maanden oud) van inschrijving bij het...,Zin van 26 woorden; boven de 20 wordt een zin lastig te volgen.,Knip de zin in tweeën.
0198_paspoort-id-kaart_buitenland_paspoort-suriname.txt,https://www.nederlandwereldwijd.nl/paspoort-id-kaart/buitenland/paspoort-suriname,Paspoort of ID-kaart aanvragen als u in Suriname woont | NederlandWereldwijd,68,lange-zin,advies,In het overzicht van de consulaire tarieven in Suriname ziet u wat een paspoort of ID-kaart kost en hoe u kunt betalen.,In het overzicht van de consulaire tarieven in Suriname ziet u wat een paspoort of ID-kaart kost en hoe u kunt betalen.,Zin van 22 woorden; boven de 20 wordt een zin lastig te volgen.,Knip de zin in tweeën.
0198_paspoort-id-kaart_buitenland_paspoort-suriname.txt,https://www.nederlandwereldwijd.nl/paspoort-id-kaart/buitenland/paspoort-suriname,Paspoort of ID-kaart aanvragen als u in Suriname woont | NederlandWereldwijd,82,lange-zin,advies,Op de pagina Hoelang duurt het om een Nederlands paspoort of ID-kaart aan te vragen in het buitenland leest u meer over ...,Op de pagina Hoelang duurt het om een Nederlands paspoort of ID-kaart aan te vragen in het buitenland leest u meer over ...,Zin van 29 woorden; boven de 20 wordt een zin lastig te volgen.,Knip de zin in tweeën.
0198_paspoort-id-kaart_buitenland_paspoort-suriname.txt,https://www.nederlandwereldwijd.nl/paspoort-id-kaart/buitenland/paspoort-suriname,Paspoort of ID-kaart aanvragen als u in Suriname woont | NederlandWereldwijd,86,lange-zin,advies,U kunt uw nieuwe paspoort of ID-kaart ophalen bij de ambassade in Paramaribo op woensdag tussen 14.00 en 15.00 uur en vr...,U kunt uw nieuwe paspoort of ID-kaart ophalen bij de ambassade in Paramaribo op woensdag tussen 14.00 en 15.00 uur en vr...,Zin van 27 woorden; boven de 20 wordt een zin lastig te volgen.,Knip de zin in tweeën.
0198_paspoort-id-kaart_buitenland_paspoort-suriname.txt,https://www.nederlandwereldwijd.nl/paspoort-id-kaart/buitenland/paspoort-suriname,Paspoort of ID-kaart aanvragen als u in Suriname woont | NederlandWereldwijd,97,lange-zin,advies,Bij paspoorten uitgegeven vanaf eind september 2024 staat de naam van de partner vaak op de achterkant van de titelpagin...,Bij paspoorten uitgegeven vanaf eind september 2024 staat de naam van de partner vaak op de achterkant van de titelpagin...,Zin van 26 woorden; boven de 20 wordt een zin lastig te volgen.,Knip de zin in tweeën.
0200_paspoort-id-kaart_buitenland_paspoort-tadzjikistan.txt,https://www.nederlandwereldwijd.nl/paspoort-id-kaart/buitenland/paspoort-tadzjikistan,Paspoort of ID-kaart aanvragen als u in Tadzjikistan woont | NederlandWereldwijd,11,lange-zin,advies,In uw persoonlijke checklist (uit stap 1) ziet u dat u documenten uit Tadzjikistan nodig heeft om een paspoort of ID-kaa...,In uw persoonlijke checklist (uit stap 1) ziet u dat u documenten uit Tadzjikistan nodig heeft om een paspoort of ID-kaa...,Zin van 24 woorden; boven de 20 wordt een zin lastig te volgen.,Knip de zin in tweeën.
0200_paspoort-id-kaart_buitenland_paspoort-tadzjikistan.txt,https://www.nederlandwereldwijd.nl/paspoort-id-kaart/buitenland/paspoort-tadzjikistan,Paspoort of ID-kaart aanvragen als u in Tadzjikistan woont | NederlandWereldwijd,72,lange-zin,advies,In het overzicht van de consulaire tarieven in Rusland of de consulaire tarieven in Georgië ziet u wat een paspoort of I...,In het overzicht van de consulaire tarieven in Rusland of de consulaire tarieven in Georgië ziet u wat een paspoort of I...,Zin van 28 woorden; boven de 20 wordt een zin lastig te volgen.,Knip de zin in tweeën.
0200_paspoort-id-kaart_buitenland_paspoort-tadzjikistan.txt,https://www.nederlandwereldwijd.nl/paspoort-id-kaart/buitenland/paspoort-tadzjikistan,Paspoort of ID-kaart aanvragen als u in Tadzjikistan woont | NederlandWereldwijd,87,lange-zin,advies,Op de pagina Hoelang duurt het om een Nederlands paspoort of ID-kaart aan te vragen in het buitenland leest u meer over ...,Op de pagina Hoelang duurt het om een Nederlands paspoort of ID-kaart aan te vragen in het buitenland leest u meer over ...,Zin van 29 woorden; boven de 20 wordt een zin lastig te volgen.,Knip de zin in tweeën.
0200_paspoort-id-kaart_buitenland_paspoort-tadzjikistan.txt,https://www.nederlandwereldwijd.nl/paspoort-id-kaart/buitenland/paspoort-tadzjikistan,Paspoort of ID-kaart aanvragen als u in Tadzjikistan woont | NederlandWereldwijd,117,lange-zin,advies,Bij paspoorten uitgegeven vanaf eind september 2024 staat de naam van de partner vaak op de achterkant van de titelpagin...,Bij paspoorten uitgegeven vanaf eind september 2024 staat de naam van de partner vaak op de achterkant van de titelpagin...,Zin van 26 woorden; boven de 20 wordt een zin lastig te volgen.,Knip de zin in tweeën.
0201_paspoort-id-kaart_buitenland_paspoort-taiwan.txt,https://www.nederlandwereldwijd.nl/paspoort-id-kaart/buitenland/paspoort-taiwan,Paspoort of ID-kaart aanvragen als u in Taiwan woont | NederlandWereldwijd,11,lange-zin,advies,In uw persoonlijke checklist (uit stap 1) ziet u dat u documenten uit Taiwan nodig heeft om een paspoort of ID-kaart aan...,In uw persoonlijke checklist (uit stap 1) ziet u dat u documenten uit Taiwan nodig heeft om een paspoort of ID-kaart aan...,Zin van 24 woorden; boven de 20 wordt een zin lastig te volgen.,Knip de zin in tweeën.
0201_paspoort-id-kaart_buitenland_paspoort-taiwan.txt,https://www.nederlandwereldwijd.nl/paspoort-id-kaart/buitenland/paspoort-taiwan,Paspoort of ID-kaart aanvragen als u in Taiwan woont | NederlandWereldwijd,59,lange-zin,advies,In het overzicht van de consulaire tarieven in Taiwan ziet u wat een paspoort of ID-kaart kost en hoe u kunt betalen.,In het overzicht van de consulaire tarieven in Taiwan ziet u wat een paspoort of ID-kaart kost en hoe u kunt betalen.,Zin van 22 woorden; boven de 20 wordt een zin lastig te volgen.,Knip de zin in tweeën.
0201_paspoort-id-kaart_buitenland_paspoort-taiwan.txt,https://www.nederlandwereldwijd.nl/paspoort-id-kaart/buitenland/paspoort-taiwan,Paspoort of ID-kaart aanvragen als u in Taiwan woont | NederlandWereldwijd,74,lange-zin,advies,Op de pagina Hoelang duurt het om een Nederlands paspoort of ID-kaart aan te vragen in het buitenland leest u meer over ...,Op de pagina Hoelang duurt het om een Nederlands paspoort of ID-kaart aan te vragen in het buitenland leest u meer over ...,Zin van 29 woorden; boven de 20 wordt een zin lastig te volgen.,Knip de zin in tweeën.
0201_paspoort-id-kaart_buitenland_paspoort-taiwan.txt,https://www.nederlandwereldwijd.nl/paspoort-id-kaart/buitenland/paspoort-taiwan,Paspoort of ID-kaart aanvragen als u in Taiwan woont | NederlandWereldwijd,94,lange-zin,advies,Bij paspoorten uitgegeven vanaf eind september 2024 staat de naam van de partner vaak op de achterkant van de titelpagin...,Bij paspoorten uitgegeven vanaf eind september 2024 staat de naam van de partner vaak op de achterkant van de titelpagin...,Zin van 26 woorden; boven de 20 wordt een zin lastig te volgen.,Knip de zin in tweeën.
0202_paspoort-id-kaart_buitenland_paspoort-tanzania.txt,https://www.nederlandwereldwijd.nl/paspoort-id-kaart/buitenland/paspoort-tanzania,Paspoort of ID-kaart aanvragen als u in Tanzania woont | NederlandWereldwijd,11,lange-zin,advies,In uw persoonlijke checklist (uit stap 1) ziet u dat u documenten uit Tanzania nodig heeft om een paspoort of ID-kaart a...,In uw persoonlijke checklist (uit stap 1) ziet u dat u documenten uit Tanzania nodig heeft om een paspoort of ID-kaart a...,Zin van 24 woorden; boven de 20 wordt een zin lastig te volgen.,Knip de zin in tweeën.
0202_paspoort-id-kaart_buitenland_paspoort-tanzania.txt,https://www.nederlandwereldwijd.nl/paspoort-id-kaart/buitenland/paspoort-tanzania,Paspoort of ID-kaart aanvragen als u in Tanzania woont | NederlandWereldwijd,26,lijdende-vorm,advies,worden geaccepteerd,Alleen documenten die zijn uitgegeven door de Somalische autoriteiten in Somalië of Somaliland worden geaccepteerd.,Lijdende vorm: de lezer ziet niet wie er iets doet.,"Schrijf actief, bijvoorbeeld 'wij sturen' of 'u ontvangt'."
0202_paspoort-id-kaart_buitenland_paspoort-tanzania.txt,https://www.nederlandwereldwijd.nl/paspoort-id-kaart/buitenland/paspoort-tanzania,Paspoort of ID-kaart aanvragen als u in Tanzania woont | NederlandWereldwijd,73,lange-zin,advies,Op de pagina Hoelang duurt het om een Nederlands paspoort of ID-kaart aan te vragen in het buitenland leest u meer over ...,Op de pagina Hoelang duurt het om een Nederlands paspoort of ID-kaart aan te vragen in het buitenland leest u meer over ...,Zin van 29 woorden; boven de 20 wordt een zin lastig te volgen.,Knip de zin in tweeën.
0202_paspoort-id-kaart_buitenland_paspoort-tanzania.txt,https://www.nederlandwereldwijd.nl/paspoort-id-kaart/buitenland/paspoort-tanzania,Paspoort of ID-kaart aanvragen als u in Tanzania woont | NederlandWereldwijd,92,lange-zin,advies,Bij paspoorten uitgegeven vanaf eind september 2024 staat de naam van de partner vaak op de achterkant van de titelpagin...,Bij paspoorten uitgegeven vanaf eind september 2024 staat de naam van de partner vaak op de achterkant van de titelpagin...,Zin van 26 woorden; boven de 20 wordt een zin lastig te volgen.,Knip de zin in tweeën.
0203_paspoort-id-kaart_buitenland_paspoort-thailand.txt,https://www.nederlandwereldwijd.nl/paspoort-id-kaart/buitenland/paspoort-thailand,Paspoort of ID-kaart aanvragen als u in Thailand woont | NederlandWereldwijd,11,lange-zin,advies,In uw persoonlijke checklist (uit stap 1) ziet u dat u documenten uit Thailand nodig heeft om een paspoort of ID-kaart a...,In uw persoonlijke checklist (uit stap 1) ziet u dat u documenten uit Thailand nodig heeft om een paspoort of ID-kaart a...,Zin van 24 woorden; boven de 20 wordt een zin lastig te volgen.,Knip de zin in tweeën.
0203_paspoort-id-kaart_buitenland_paspoort-thailand.txt,https://www.nederlandwereldwijd.nl/paspoort-id-kaart/buitenland/paspoort-thailand,Paspoort of ID-kaart aanvragen als u in Thailand woont | NederlandWereldwijd,116,lange-zin,advies,In het overzicht van de consulaire tarieven in Thailand ziet u wat een paspoort of ID-kaart kost en hoe u kunt betalen.,In het overzicht van de consulaire tarieven in Thailand ziet u wat een paspoort of ID-kaart kost en hoe u kunt betalen.,Zin van 22 woorden; boven de 20 wordt een zin lastig te volgen.,Knip de zin in tweeën.
0203_paspoort-id-kaart_buitenland_paspoort-thailand.txt,https://www.nederlandwereldwijd.nl/paspoort-id-kaart/buitenland/paspoort-thailand,Paspoort of ID-kaart aanvragen als u in Thailand woont | NederlandWereldwijd,133,lange-zin,advies,Op de pagina Hoelang duurt het om een Nederlands paspoort of ID-kaart aan te vragen in het buitenland leest u meer over ...,Op de pagina Hoelang duurt het om een Nederlands paspoort of ID-kaart aan te vragen in het buitenland leest u meer over ...,Zin van 29 woorden; boven de 20 wordt een zin lastig te volgen.,Knip de zin in tweeën.
0203_paspoort-id-kaart_buitenland_paspoort-thailand.txt,https://www.nederlandwereldwijd.nl/paspoort-id-kaart/buitenland/paspoort-thailand,Paspoort of ID-kaart aanvragen als u in Thailand woont | NederlandWereldwijd,154,lange-zin,advies,Bij paspoorten uitgegeven vanaf eind september 2024 staat de naam van de partner vaak op de achterkant van de titelpagin...,Bij paspoorten uitgegeven vanaf eind september 2024 staat de naam van de partner vaak op de achterkant van de titelpagin...,Zin van 26 woorden; boven de 20 wordt een zin lastig te volgen.,Knip de zin in tweeën.
0204_paspoort-id-kaart_buitenland_paspoort-togo.txt,https://www.nederlandwereldwijd.nl/paspoort-id-kaart/buitenland/paspoort-togo,Paspoort of ID-kaart aanvragen als u in Togo woont | NederlandWereldwijd,11,lange-zin,advies,In uw persoonlijke checklist (uit stap 1) ziet u dat u documenten uit Togo nodig heeft om een paspoort of ID-kaart aan t...,In uw persoonlijke checklist (uit stap 1) ziet u dat u documenten uit Togo nodig heeft om een paspoort of ID-kaart aan t...,Zin van 24 woorden; boven de 20 wordt een zin lastig te volgen.,Knip de zin in tweeën.
0204_paspoort-id-kaart_buitenland_paspoort-togo.txt,https://www.nederlandwereldwijd.nl/paspoort-id-kaart/buitenland/paspoort-togo,Paspoort of ID-kaart aanvragen als u in Togo woont | NederlandWereldwijd,75,lange-zin,advies,Op de pagina Hoelang duurt het om een Nederlands paspoort of ID-kaart aan te vragen in het buitenland leest u meer over ...,Op de pagina Hoelang duurt het om een Nederlands paspoort of ID-kaart aan te vragen in het buitenland leest u meer over ...,Zin van 29 woorden; boven de 20 wordt een zin lastig te volgen.,Knip de zin in tweeën.
0204_paspoort-id-kaart_buitenland_paspoort-togo.txt,https://www.nederlandwereldwijd.nl/paspoort-id-kaart/buitenland/paspoort-togo,Paspoort of ID-kaart aanvragen als u in Togo woont | NederlandWereldwijd,96,lange-zin,advies,Bij paspoorten uitgegeven vanaf eind september 2024 staat de naam van de partner vaak op de achterkant van de titelpagin...,Bij paspoorten uitgegeven vanaf eind september 2024 staat de naam van de partner vaak op de achterkant van de titelpagin...,Zin van 26 woorden; boven de 20 wordt een zin lastig te volgen.,Knip de zin in tweeën.
0205_paspoort-id-kaart_buitenland_paspoort-tokelau-eilanden.txt,https://www.nederlandwereldwijd.nl/paspoort-id-kaart/buitenland/paspoort-tokelau-eilanden,Paspoort of ID-kaart aanvragen als u op de Tokelau-eilanden woont | NederlandWereldwijd,11,lange-zin,advies,In uw persoonlijke checklist (uit stap 1) ziet u dat u documenten uit de Tokelau-eilanden nodig heeft om een paspoort of...,In uw persoonlijke checklist (uit stap 1) ziet u dat u documenten uit de Tokelau-eilanden nodig heeft om een paspoort of...,Zin van 25 woorden; boven de 20 wordt een zin lastig te volgen.,Knip de zin in tweeën.
0205_paspoort-id-kaart_buitenland_paspoort-tokelau-eilanden.txt,https://www.nederlandwereldwijd.nl/paspoort-id-kaart/buitenland/paspoort-tokelau-eilanden,Paspoort of ID-kaart aanvragen als u op de Tokelau-eilanden woont | NederlandWereldwijd,61,lange-zin,advies,In het overzicht van de consulaire tarieven in Nieuw-Zeeland ziet u wat een paspoort of ID-kaart kost en hoe u kunt beta...,In het overzicht van de consulaire tarieven in Nieuw-Zeeland ziet u wat een paspoort of ID-kaart kost en hoe u kunt beta...,Zin van 22 woorden; boven de 20 wordt een zin lastig te volgen.,Knip de zin in tweeën.
0205_paspoort-id-kaart_buitenland_paspoort-tokelau-eilanden.txt,https://www.nederlandwereldwijd.nl/paspoort-id-kaart/buitenland/paspoort-tokelau-eilanden,Paspoort of ID-kaart aanvragen als u op de Tokelau-eilanden woont | NederlandWereldwijd,76,lange-zin,advies,Op de pagina Hoelang duurt het om een Nederlands paspoort of ID-kaart aan te vragen in het buitenland leest u meer over ...,Op de pagina Hoelang duurt het om een Nederlands paspoort of ID-kaart aan te vragen in het buitenland leest u meer over ...,Zin van 29 woorden; boven de 20 wordt een zin lastig te volgen.,Knip de zin in tweeën.
0205_paspoort-id-kaart_buitenland_paspoort-tokelau-eilanden.txt,https://www.nederlandwereldwijd.nl/paspoort-id-kaart/buitenland/paspoort-tokelau-eilanden,Paspoort of ID-kaart aanvragen als u op de Tokelau-eilanden woont | NederlandWereldwijd,93,lange-zin,advies,Bij paspoorten uitgegeven vanaf eind september 2024 staat de naam van de partner vaak op de achterkant van de titelpagin...,Bij paspoorten uitgegeven vanaf eind september 2024 staat de naam van de partner vaak op de achterkant van de titelpagin...,Zin van 26 woorden; boven de 20 wordt een zin lastig te volgen.,Knip de zin in tweeën.
0206_paspoort-id-kaart_buitenland_paspoort-tonga.txt,https://www.nederlandwereldwijd.nl/paspoort-id-kaart/buitenland/paspoort-tonga,Paspoort of ID-kaart aanvragen als u in Tonga woont | NederlandWereldwijd,11,lange-zin,advies,In uw persoonlijke checklist (uit stap 1) ziet u dat u documenten uit Tonga nodig heeft om een paspoort of ID-kaart aan ...,In uw persoonlijke checklist (uit stap 1) ziet u dat u documenten uit Tonga nodig heeft om een paspoort of ID-kaart aan ...,Zin van 24 woorden; boven de 20 wordt een zin lastig te volgen.,Knip de zin in tweeën.
0206_paspoort-id-kaart_buitenland_paspoort-tonga.txt,https://www.nederlandwereldwijd.nl/paspoort-id-kaart/buitenland/paspoort-tonga,Paspoort of ID-kaart aanvragen als u in Tonga woont | NederlandWereldwijd,61,lange-zin,advies,In het overzicht van de consulaire tarieven in Nieuw-Zeeland ziet u wat een paspoort of ID-kaart kost en hoe u kunt beta...,In het overzicht van de consulaire tarieven in Nieuw-Zeeland ziet u wat een paspoort of ID-kaart kost en hoe u kunt beta...,Zin van 22 woorden; boven de 20 wordt een zin lastig te volgen.,Knip de zin in tweeën.
0206_paspoort-id-kaart_buitenland_paspoort-tonga.txt,https://www.nederlandwereldwijd.nl/paspoort-id-kaart/buitenland/paspoort-tonga,Paspoort of ID-kaart aanvragen als u in Tonga woont | NederlandWereldwijd,76,lange-zin,advies,Op de pagina Hoelang duurt het om een Nederlands paspoort of ID-kaart aan te vragen in het buitenland leest u meer over ...,Op de pagina Hoelang duurt het om een Nederlands paspoort of ID-kaart aan te vragen in het buitenland leest u meer over ...,Zin van 29 woorden; boven de 20 wordt een zin lastig te volgen.,Knip de zin in tweeën.
0206_paspoort-id-kaart_buitenland_paspoort-tonga.txt,https://www.nederlandwereldwijd.nl/paspoort-id-kaart/buitenland/paspoort-tonga,Paspoort of ID-kaart aanvragen als u in Tonga woont | NederlandWereldwijd,93,lange-zin,advies,Bij paspoorten uitgegeven vanaf eind september 2024 staat de naam van de partner vaak op de achterkant van de titelpagin...,Bij paspoorten uitgegeven vanaf eind september 2024 staat de naam van de partner vaak op de achterkant van de titelpagin...,Zin van 26 woorden; boven de 20 wordt een zin lastig te volgen.,Knip de zin in tweeën.
0207_paspoort-id-kaart_buitenland_paspoort-trinidad-en-tobago.txt,https://www.nederlandwereldwijd.nl/paspoort-id-kaart/buitenland/paspoort-trinidad-en-tobago,Paspoort of ID-kaart aanvragen als u in Trinidad en Tobago woont | NederlandWereldwijd,11,lange-zin,advies,In uw persoonlijke checklist (uit stap 1) ziet u dat u documenten uit Trinidad en Tobago nodig heeft om een paspoort of ...,In uw persoonlijke checklist (uit stap 1) ziet u dat u documenten uit Trinidad en Tobago nodig heeft om een paspoort of ...,Zin van 26 woorden; boven de 20 wordt een zin lastig te volgen.,Knip de zin in tweeën.
0207_paspoort-id-kaart_buitenland_paspoort-trinidad-en-tobago.txt,https://www.nederlandwereldwijd.nl/paspoort-id-kaart/buitenland/paspoort-trinidad-en-tobago,Paspoort of ID-kaart aanvragen als u in Trinidad en Tobago woont | NederlandWereldwijd,74,lange-zin,advies,Op de pagina Hoelang duurt het om een Nederlands paspoort of ID-kaart aan te vragen in het buitenland leest u meer over ...,Op de pagina Hoelang duurt het om een Nederlands paspoort of ID-kaart aan te vragen in het buitenland leest u meer over ...,Zin van 29 woorden; boven de 20 wordt een zin lastig te volgen.,Knip de zin in tweeën.
0207_paspoort-id-kaart_buitenland_paspoort-trinidad-en-tobago.txt,https://www.nederlandwereldwijd.nl/paspoort-id-kaart/buitenland/paspoort-trinidad-en-tobago,Paspoort of ID-kaart aanvragen als u in Trinidad en Tobago woont | NederlandWereldwijd,93,lange-zin,advies,Bij paspoorten uitgegeven vanaf eind september 2024 staat de naam van de partner vaak op de achterkant van de titelpagin...,Bij paspoorten uitgegeven vanaf eind september 2024 staat de naam van de partner vaak op de achterkant van de titelpagin...,Zin van 26 woorden; boven de 20 wordt een zin lastig te volgen.,Knip de zin in tweeën.
0208_paspoort-id-kaart_buitenland_paspoort-tsjaad.txt,https://www.nederlandwereldwijd.nl/paspoort-id-kaart/buitenland/paspoort-tsjaad,Paspoort of ID-kaart aanvragen als u in Tsjaad woont | NederlandWereldwijd,11,lange-zin,advies,In uw persoonlijke checklist (uit stap 1) ziet u dat u documenten uit Tsjaad nodig heeft om een paspoort of ID-kaart aan...,In uw persoonlijke checklist (uit stap 1) ziet u dat u documenten uit Tsjaad nodig heeft om een paspoort of ID-kaart aan...,Zin van 24 woorden; boven de 20 wordt een zin lastig te volgen.,Knip de zin in tweeën.
0208_paspoort-id-kaart_buitenland_paspoort-tsjaad.txt,https://www.nederlandwereldwijd.nl/paspoort-id-kaart/buitenland/paspoort-tsjaad,Paspoort of ID-kaart aanvragen als u in Tsjaad woont | NederlandWereldwijd,59,lange-zin,advies,Op de pagina Hoelang duurt het om een Nederlands paspoort of ID-kaart aan te vragen in het buitenland leest u meer over ...,Op de pagina Hoelang duurt het om een Nederlands paspoort of ID-kaart aan te vragen in het buitenland leest u meer over ...,Zin van 29 woorden; boven de 20 wordt een zin lastig te volgen.,Knip de zin in tweeën.
0208_paspoort-id-kaart_buitenland_paspoort-tsjaad.txt,https://www.nederlandwereldwijd.nl/paspoort-id-kaart/buitenland/paspoort-tsjaad,Paspoort of ID-kaart aanvragen als u in Tsjaad woont | NederlandWereldwijd,69,lange-zin,advies,Bij paspoorten uitgegeven vanaf eind september 2024 staat de naam van de partner vaak op de achterkant van de titelpagin...,Bij paspoorten uitgegeven vanaf eind september 2024 staat de naam van de partner vaak op de achterkant van de titelpagin...,Zin van 26 woorden; boven de 20 wordt een zin lastig te volgen.,Knip de zin in tweeën.
0209_paspoort-id-kaart_buitenland_paspoort-tsjechie.txt,https://www.nederlandwereldwijd.nl/paspoort-id-kaart/buitenland/paspoort-tsjechie,Paspoort of ID-kaart aanvragen als u in Tsjechië woont | NederlandWereldwijd,11,lange-zin,advies,In uw persoonlijke checklist (uit stap 1) ziet u dat u documenten uit Tsjechië nodig heeft om een paspoort of ID-kaart a...,In uw persoonlijke checklist (uit stap 1) ziet u dat u documenten uit Tsjechië nodig heeft om een paspoort of ID-kaart a...,Zin van 24 woorden; boven de 20 wordt een zin lastig te volgen.,Knip de zin in tweeën.
0209_paspoort-id-kaart_buitenland_paspoort-tsjechie.txt,https://www.nederlandwereldwijd.nl/paspoort-id-kaart/buitenland/paspoort-tsjechie,Paspoort of ID-kaart aanvragen als u in Tsjechië woont | NederlandWereldwijd,81,lange-zin,advies,Op de pagina Hoelang duurt het om een Nederlands paspoort of ID-kaart aan te vragen in het buitenland leest u meer over ...,Op de pagina Hoelang duurt het om een Nederlands paspoort of ID-kaart aan te vragen in het buitenland leest u meer over ...,Zin van 29 woorden; boven de 20 wordt een zin lastig te volgen.,Knip de zin in tweeën.
0209_paspoort-id-kaart_buitenland_paspoort-tsjechie.txt,https://www.nederlandwereldwijd.nl/paspoort-id-kaart/buitenland/paspoort-tsjechie,Paspoort of ID-kaart aanvragen als u in Tsjechië woont | NederlandWereldwijd,101,lange-zin,advies,Bij paspoorten uitgegeven vanaf eind september 2024 staat de naam van de partner vaak op de achterkant van de titelpagin...,Bij paspoorten uitgegeven vanaf eind september 2024 staat de naam van de partner vaak op de achterkant van de titelpagin...,Zin van 26 woorden; boven de 20 wordt een zin lastig te volgen.,Knip de zin in tweeën.
0210_paspoort-id-kaart_buitenland_paspoort-tunesie.txt,https://www.nederlandwereldwijd.nl/paspoort-id-kaart/buitenland/paspoort-tunesie,Paspoort of ID-kaart aanvragen als u in Tunesië woont | NederlandWereldwijd,11,lange-zin,advies,In uw persoonlijke checklist (uit stap 1) ziet u dat u documenten uit Tunesië nodig heeft om een paspoort of ID-kaart aa...,In uw persoonlijke checklist (uit stap 1) ziet u dat u documenten uit Tunesië nodig heeft om een paspoort of ID-kaart aa...,Zin van 24 woorden; boven de 20 wordt een zin lastig te volgen.,Knip de zin in tweeën.
0210_paspoort-id-kaart_buitenland_paspoort-tunesie.txt,https://www.nederlandwereldwijd.nl/paspoort-id-kaart/buitenland/paspoort-tunesie,Paspoort of ID-kaart aanvragen als u in Tunesië woont | NederlandWereldwijd,73,lange-zin,advies,Op de pagina Hoelang duurt het om een Nederlands paspoort of ID-kaart aan te vragen in het buitenland leest u meer over ...,Op de pagina Hoelang duurt het om een Nederlands paspoort of ID-kaart aan te vragen in het buitenland leest u meer over ...,Zin van 29 woorden; boven de 20 wordt een zin lastig te volgen.,Knip de zin in tweeën.
0210_paspoort-id-kaart_buitenland_paspoort-tunesie.txt,https://www.nederlandwereldwijd.nl/paspoort-id-kaart/buitenland/paspoort-tunesie,Paspoort of ID-kaart aanvragen als u in Tunesië woont | NederlandWereldwijd,93,lange-zin,advies,Bij paspoorten uitgegeven vanaf eind september 2024 staat de naam van de partner vaak op de achterkant van de titelpagin...,Bij paspoorten uitgegeven vanaf eind september 2024 staat de naam van de partner vaak op de achterkant van de titelpagin...,Zin van 26 woorden; boven de 20 wordt een zin lastig te volgen.,Knip de zin in tweeën.
0211_paspoort-id-kaart_buitenland_paspoort-turkije.txt,https://www.nederlandwereldwijd.nl/paspoort-id-kaart/buitenland/paspoort-turkije,Nederlands paspoort of ID-kaart vernieuwen of aanvragen als u in Turkije woont | NederlandWereldwijd,41,lange-zin,advies,Waarschuwing: U kunt alleen een paspoort of ID-kaart aanvragen bij VFS als u al in het bezit bent van een geldig Nederla...,Waarschuwing: U kunt alleen een paspoort of ID-kaart aanvragen bij VFS als u al in het bezit bent van een geldig Nederla...,Zin van 23 woorden; boven de 20 wordt een zin lastig te volgen.,Knip de zin in tweeën.
0211_paspoort-id-kaart_buitenland_paspoort-turkije.txt,https://www.nederlandwereldwijd.nl/paspoort-id-kaart/buitenland/paspoort-turkije,Nederlands paspoort of ID-kaart vernieuwen of aanvragen als u in Turkije woont | NederlandWereldwijd,46,lange-zin,advies,U kunt in dit geval uw nieuwe paspoort of ID-kaart alleen aanvragen bij een ambassade in Ankara of consulaat-generaal in...,U kunt in dit geval uw nieuwe paspoort of ID-kaart alleen aanvragen bij een ambassade in Ankara of consulaat-generaal in...,Zin van 21 woorden; boven de 20 wordt een zin lastig te volgen.,Knip de zin in tweeën.
0211_paspoort-id-kaart_buitenland_paspoort-turkije.txt,https://www.nederlandwereldwijd.nl/paspoort-id-kaart/buitenland/paspoort-turkije,Nederlands paspoort of ID-kaart vernieuwen of aanvragen als u in Turkije woont | NederlandWereldwijd,65,lange-zin,advies,In het overzicht van de consulaire tarieven in Turkije ziet u wat een paspoort of ID-kaart kost en hoe u kunt betalen.,In het overzicht van de consulaire tarieven in Turkije ziet u wat een paspoort of ID-kaart kost en hoe u kunt betalen.,Zin van 22 woorden; boven de 20 wordt een zin lastig te volgen.,Knip de zin in tweeën.
0211_paspoort-id-kaart_buitenland_paspoort-turkije.txt,https://www.nederlandwereldwijd.nl/paspoort-id-kaart/buitenland/paspoort-turkije,Nederlands paspoort of ID-kaart vernieuwen of aanvragen als u in Turkije woont | NederlandWereldwijd,80,lange-zin,advies,Op de pagina Hoelang duurt het om een Nederlands paspoort of ID-kaart aan te vragen in het buitenland leest u meer over ...,Op de pagina Hoelang duurt het om een Nederlands paspoort of ID-kaart aan te vragen in het buitenland leest u meer over ...,Zin van 29 woorden; boven de 20 wordt een zin lastig te volgen.,Knip de zin in tweeën.
0211_paspoort-id-kaart_buitenland_paspoort-turkije.txt,https://www.nederlandwereldwijd.nl/paspoort-id-kaart/buitenland/paspoort-turkije,Nederlands paspoort of ID-kaart vernieuwen of aanvragen als u in Turkije woont | NederlandWereldwijd,118,lange-zin,advies,Bij paspoorten uitgegeven vanaf eind september 2024 staat de naam van de partner vaak op de achterkant van de titelpagin...,Bij paspoorten uitgegeven vanaf eind september 2024 staat de naam van de partner vaak op de achterkant van de titelpagin...,Zin van 26 woorden; boven de 20 wordt een zin lastig te volgen.,Knip de zin in tweeën.
0212_paspoort-id-kaart_buitenland_paspoort-turkmenistan.txt,https://www.nederlandwereldwijd.nl/paspoort-id-kaart/buitenland/paspoort-turkmenistan,Paspoort of ID-kaart aanvragen als u in Turkmenistan woont | NederlandWereldwijd,11,lange-zin,advies,In uw persoonlijke checklist (uit stap 1) ziet u dat u documenten uit Turkmenistan nodig heeft om een paspoort of ID-kaa...,In uw persoonlijke checklist (uit stap 1) ziet u dat u documenten uit Turkmenistan nodig heeft om een paspoort of ID-kaa...,Zin van 24 woorden; boven de 20 wordt een zin lastig te volgen.,Knip de zin in tweeën.
0212_paspoort-id-kaart_buitenland_paspoort-turkmenistan.txt,https://www.nederlandwereldwijd.nl/paspoort-id-kaart/buitenland/paspoort-turkmenistan,Paspoort of ID-kaart aanvragen als u in Turkmenistan woont | NederlandWereldwijd,72,lange-zin,advies,In het overzicht van de consulaire tarieven in Rusland of de consulaire tarieven in Georgië ziet u wat een paspoort of I...,In het overzicht van de consulaire tarieven in Rusland of de consulaire tarieven in Georgië ziet u wat een paspoort of I...,Zin van 28 woorden; boven de 20 wordt een zin lastig te volgen.,Knip de zin in tweeën.
0212_paspoort-id-kaart_buitenland_paspoort-turkmenistan.txt,https://www.nederlandwereldwijd.nl/paspoort-id-kaart/buitenland/paspoort-turkmenistan,Paspoort of ID-kaart aanvragen als u in Turkmenistan woont | NederlandWereldwijd,87,lange-zin,advies,Op de pagina Hoelang duurt het om een Nederlands paspoort of ID-kaart aan te vragen in het buitenland leest u meer over ...,Op de pagina Hoelang duurt het om een Nederlands paspoort of ID-kaart aan te vragen in het buitenland leest u meer over ...,Zin van 29 woorden; boven de 20 wordt een zin lastig te volgen.,Knip de zin in tweeën.
0212_paspoort-id-kaart_buitenland_paspoort-turkmenistan.txt,https://www.nederlandwereldwijd.nl/paspoort-id-kaart/buitenland/paspoort-turkmenistan,Paspoort of ID-kaart aanvragen als u in Turkmenistan woont | NederlandWereldwijd,116,lange-zin,advies,Bij paspoorten uitgegeven vanaf eind september 2024 staat de naam van de partner vaak op de achterkant van de titelpagin...,Bij paspoorten uitgegeven vanaf eind september 2024 staat de naam van de partner vaak op de achterkant van de titelpagin...,Zin van 26 woorden; boven de 20 wordt een zin lastig te volgen.,Knip de zin in tweeën.
0213_paspoort-id-kaart_buitenland_paspoort-turks-en-caicoseilanden.txt,https://www.nederlandwereldwijd.nl/paspoort-id-kaart/buitenland/paspoort-turks-en-caicoseilanden,Paspoort of ID-kaart aanvragen als u op de Turks- en Caicoseilanden woont | NederlandWereldwijd,11,lange-zin,advies,In uw persoonlijke checklist (uit stap 1) ziet u dat u documenten uit de Turks- en Caicoseilanden nodig heeft om een pas...,In uw persoonlijke checklist (uit stap 1) ziet u dat u documenten uit de Turks- en Caicoseilanden nodig heeft om een pas...,Zin van 27 woorden; boven de 20 wordt een zin lastig te volgen.,Knip de zin in tweeën.
0213_paspoort-id-kaart_buitenland_paspoort-turks-en-caicoseilanden.txt,https://www.nederlandwereldwijd.nl/paspoort-id-kaart/buitenland/paspoort-turks-en-caicoseilanden,Paspoort of ID-kaart aanvragen als u op de Turks- en Caicoseilanden woont | NederlandWereldwijd,74,lange-zin,advies,Op de pagina Hoelang duurt het om een Nederlands paspoort of ID-kaart aan te vragen in het buitenland leest u meer over ...,Op de pagina Hoelang duurt het om een Nederlands paspoort of ID-kaart aan te vragen in het buitenland leest u meer over ...,Zin van 29 woorden; boven de 20 wordt een zin lastig te volgen.,Knip de zin in tweeën.
0213_paspoort-id-kaart_buitenland_paspoort-turks-en-caicoseilanden.txt,https://www.nederlandwereldwijd.nl/paspoort-id-kaart/buitenland/paspoort-turks-en-caicoseilanden,Paspoort of ID-kaart aanvragen als u op de Turks- en Caicoseilanden woont | NederlandWereldwijd,95,lange-zin,advies,Bij paspoorten uitgegeven vanaf eind september 2024 staat de naam van de partner vaak op de achterkant van de titelpagin...,Bij paspoorten uitgegeven vanaf eind september 2024 staat de naam van de partner vaak op de achterkant van de titelpagin...,Zin van 26 woorden; boven de 20 wordt een zin lastig te volgen.,Knip de zin in tweeën.
0214_paspoort-id-kaart_buitenland_paspoort-tuvalu.txt,https://www.nederlandwereldwijd.nl/paspoort-id-kaart/buitenland/paspoort-tuvalu,Paspoort of ID-kaart aanvragen als u in Tuvalu woont | NederlandWereldwijd,11,lange-zin,advies,In uw persoonlijke checklist (uit stap 1) ziet u dat u documenten uit Tuvalu nodig heeft om een paspoort of ID-kaart aan...,In uw persoonlijke checklist (uit stap 1) ziet u dat u documenten uit Tuvalu nodig heeft om een paspoort of ID-kaart aan...,Zin van 24 woorden; boven de 20 wordt een zin lastig te volgen.,Knip de zin in tweeën.
0214_paspoort-id-kaart_buitenland_paspoort-tuvalu.txt,https://www.nederlandwereldwijd.nl/paspoort-id-kaart/buitenland/paspoort-tuvalu,Paspoort of ID-kaart aanvragen als u in Tuvalu woont | NederlandWereldwijd,61,lange-zin,advies,In het overzicht van de consulaire tarieven in Nieuw-Zeeland ziet u wat een paspoort of ID-kaart kost en hoe u kunt beta...,In het overzicht van de consulaire tarieven in Nieuw-Zeeland ziet u wat een paspoort of ID-kaart kost en hoe u kunt beta...,Zin van 22 woorden; boven de 20 wordt een zin lastig te volgen.,Knip de zin in tweeën.
0214_paspoort-id-kaart_buitenland_paspoort-tuvalu.txt,https://www.nederlandwereldwijd.nl/paspoort-id-kaart/buitenland/paspoort-tuvalu,Paspoort of ID-kaart aanvragen als u in Tuvalu woont | NederlandWereldwijd,76,lange-zin,advies,Op de pagina Hoelang duurt het om een Nederlands paspoort of ID-kaart aan te vragen in het buitenland leest u meer over ...,Op de pagina Hoelang duurt het om een Nederlands paspoort of ID-kaart aan te vragen in het buitenland leest u meer over ...,Zin van 29 woorden; boven de 20 wordt een zin lastig te volgen.,Knip de zin in tweeën.
0214_paspoort-id-kaart_buitenland_paspoort-tuvalu.txt,https://www.nederlandwereldwijd.nl/paspoort-id-kaart/buitenland/paspoort-tuvalu,Paspoort of ID-kaart aanvragen als u in Tuvalu woont | NederlandWereldwijd,93,lange-zin,advies,Bij paspoorten uitgegeven vanaf eind september 2024 staat de naam van de partner vaak op de achterkant van de titelpagin...,Bij paspoorten uitgegeven vanaf eind september 2024 staat de naam van de partner vaak op de achterkant van de titelpagin...,Zin van 26 woorden; boven de 20 wordt een zin lastig te volgen.,Knip de zin in tweeën.
0215_paspoort-id-kaart_buitenland_paspoort-uganda.txt,https://www.nederlandwereldwijd.nl/paspoort-id-kaart/buitenland/paspoort-uganda,Paspoort of ID-kaart aanvragen als u in Uganda woont | NederlandWereldwijd,11,lange-zin,advies,In uw persoonlijke checklist (uit stap 1) ziet u dat u documenten uit Uganda nodig heeft om een paspoort of ID-kaart aan...,In uw persoonlijke checklist (uit stap 1) ziet u dat u documenten uit Uganda nodig heeft om een paspoort of ID-kaart aan...,Zin van 24 woorden; boven de 20 wordt een zin lastig te volgen.,Knip de zin in tweeën.
0215_paspoort-id-kaart_buitenland_paspoort-uganda.txt,https://www.nederlandwereldwijd.nl/paspoort-id-kaart/buitenland/paspoort-uganda,Paspoort of ID-kaart aanvragen als u in Uganda woont | NederlandWereldwijd,77,lange-zin,advies,Op de pagina Hoelang duurt het om een Nederlands paspoort of ID-kaart aan te vragen in het buitenland leest u meer over ...,Op de pagina Hoelang duurt het om een Nederlands paspoort of ID-kaart aan te vragen in het buitenland leest u meer over ...,Zin van 29 woorden; boven de 20 wordt een zin lastig te volgen.,Knip de zin in tweeën.
0215_paspoort-id-kaart_buitenland_paspoort-uganda.txt,https://www.nederlandwereldwijd.nl/paspoort-id-kaart/buitenland/paspoort-uganda,Paspoort of ID-kaart aanvragen als u in Uganda woont | NederlandWereldwijd,96,lange-zin,advies,Bij paspoorten uitgegeven vanaf eind september 2024 staat de naam van de partner vaak op de achterkant van de titelpagin...,Bij paspoorten uitgegeven vanaf eind september 2024 staat de naam van de partner vaak op de achterkant van de titelpagin...,Zin van 26 woorden; boven de 20 wordt een zin lastig te volgen.,Knip de zin in tweeën.
0216_paspoort-id-kaart_buitenland_paspoort-uruguay.txt,https://www.nederlandwereldwijd.nl/paspoort-id-kaart/buitenland/paspoort-uruguay,Paspoort of ID-kaart aanvragen als u in Uruguay woont | NederlandWereldwijd,11,lange-zin,advies,In uw persoonlijke checklist (uit stap 1) ziet u dat u documenten uit Uruguay nodig heeft om een paspoort of ID-kaart aa...,In uw persoonlijke checklist (uit stap 1) ziet u dat u documenten uit Uruguay nodig heeft om een paspoort of ID-kaart aa...,Zin van 24 woorden; boven de 20 wordt een zin lastig te volgen.,Knip de zin in tweeën.
0216_paspoort-id-kaart_buitenland_paspoort-uruguay.txt,https://www.nederlandwereldwijd.nl/paspoort-id-kaart/buitenland/paspoort-uruguay,Paspoort of ID-kaart aanvragen als u in Uruguay woont | NederlandWereldwijd,60,lange-zin,advies,In het overzicht van de consulaire tarieven in Argentinië ziet u wat een paspoort of ID-kaart kost en hoe u kunt betalen...,In het overzicht van de consulaire tarieven in Argentinië ziet u wat een paspoort of ID-kaart kost en hoe u kunt betalen...,Zin van 22 woorden; boven de 20 wordt een zin lastig te volgen.,Knip de zin in tweeën.
0216_paspoort-id-kaart_buitenland_paspoort-uruguay.txt,https://www.nederlandwereldwijd.nl/paspoort-id-kaart/buitenland/paspoort-uruguay,Paspoort of ID-kaart aanvragen als u in Uruguay woont | NederlandWereldwijd,75,lange-zin,advies,Op de pagina Hoelang duurt het om een Nederlands paspoort of ID-kaart aan te vragen in het buitenland leest u meer over ...,Op de pagina Hoelang duurt het om een Nederlands paspoort of ID-kaart aan te vragen in het buitenland leest u meer over ...,Zin van 29 woorden; boven de 20 wordt een zin lastig te volgen.,Knip de zin in tweeën.
0216_paspoort-id-kaart_buitenland_paspoort-uruguay.txt,https://www.nederlandwereldwijd.nl/paspoort-id-kaart/buitenland/paspoort-uruguay,Paspoort of ID-kaart aanvragen als u in Uruguay woont | NederlandWereldwijd,93,lange-zin,advies,Bij paspoorten uitgegeven vanaf eind september 2024 staat de naam van de partner vaak op de achterkant van de titelpagin...,Bij paspoorten uitgegeven vanaf eind september 2024 staat de naam van de partner vaak op de achterkant van de titelpagin...,Zin van 26 woorden; boven de 20 wordt een zin lastig te volgen.,Knip de zin in tweeën.
0217_paspoort-id-kaart_buitenland_paspoort-vanuatu.txt,https://www.nederlandwereldwijd.nl/paspoort-id-kaart/buitenland/paspoort-vanuatu,Paspoort of ID-kaart aanvragen als u in Vanuatu woont | NederlandWereldwijd,11,lange-zin,advies,In uw persoonlijke checklist (uit stap 1) ziet u dat u documenten uit Vanuatu nodig heeft om een paspoort of ID-kaart aa...,In uw persoonlijke checklist (uit stap 1) ziet u dat u documenten uit Vanuatu nodig heeft om een paspoort of ID-kaart aa...,Zin van 24 woorden; boven de 20 wordt een zin lastig te volgen.,Knip de zin in tweeën.
0217_paspoort-id-kaart_buitenland_paspoort-vanuatu.txt,https://www.nederlandwereldwijd.nl/paspoort-id-kaart/buitenland/paspoort-vanuatu,Paspoort of ID-kaart aanvragen als u in Vanuatu woont | NederlandWereldwijd,66,lange-zin,advies,In het overzicht van de consulaire tarieven in Australië ziet u wat een paspoort of ID-kaart kost en hoe u kunt betalen.,In het overzicht van de consulaire tarieven in Australië ziet u wat een paspoort of ID-kaart kost en hoe u kunt betalen.,Zin van 22 woorden; boven de 20 wordt een zin lastig te volgen.,Knip de zin in tweeën.
0217_paspoort-id-kaart_buitenland_paspoort-vanuatu.txt,https://www.nederlandwereldwijd.nl/paspoort-id-kaart/buitenland/paspoort-vanuatu,Paspoort of ID-kaart aanvragen als u in Vanuatu woont | NederlandWereldwijd,81,lange-zin,advies,Op de pagina Hoelang duurt het om een Nederlands paspoort of ID-kaart aan te vragen in het buitenland leest u meer over ...,Op de pagina Hoelang duurt het om een Nederlands paspoort of ID-kaart aan te vragen in het buitenland leest u meer over ...,Zin van 29 woorden; boven de 20 wordt een zin lastig te volgen.,Knip de zin in tweeën.
0217_paspoort-id-kaart_buitenland_paspoort-vanuatu.txt,https://www.nederlandwereldwijd.nl/paspoort-id-kaart/buitenland/paspoort-vanuatu,Paspoort of ID-kaart aanvragen als u in Vanuatu woont | NederlandWereldwijd,90,lijdende-vorm,advies,worden niet geaccepteerd,Andere enveloppen worden niet geaccepteerd.,Lijdende vorm: de lezer ziet niet wie er iets doet.,"Schrijf actief, bijvoorbeeld 'wij sturen' of 'u ontvangt'."
0217_paspoort-id-kaart_buitenland_paspoort-vanuatu.txt,https://www.nederlandwereldwijd.nl/paspoort-id-kaart/buitenland/paspoort-vanuatu,Paspoort of ID-kaart aanvragen als u in Vanuatu woont | NederlandWereldwijd,91,lijdende-vorm,advies,worden verstuurd,"De envelop moet zijn voorzien van een signature on delivery sticker, anders kan het paspoort niet worden verstuurd.",Lijdende vorm: de lezer ziet niet wie er iets doet.,"Schrijf actief, bijvoorbeeld 'wij sturen' of 'u ontvangt'."
0217_paspoort-id-kaart_buitenland_paspoort-vanuatu.txt,https://www.nederlandwereldwijd.nl/paspoort-id-kaart/buitenland/paspoort-vanuatu,Paspoort of ID-kaart aanvragen als u in Vanuatu woont | NederlandWereldwijd,101,lange-zin,advies,Bij paspoorten uitgegeven vanaf eind september 2024 staat de naam van de partner vaak op de achterkant van de titelpagin...,Bij paspoorten uitgegeven vanaf eind september 2024 staat de naam van de partner vaak op de achterkant van de titelpagin...,Zin van 26 woorden; boven de 20 wordt een zin lastig te volgen.,Knip de zin in tweeën.
0218_paspoort-id-kaart_buitenland_paspoort-venezuela.txt,https://www.nederlandwereldwijd.nl/paspoort-id-kaart/buitenland/paspoort-venezuela,Paspoort of ID-kaart aanvragen als u in Venezuela woont | NederlandWereldwijd,11,lange-zin,advies,In uw persoonlijke checklist (uit stap 1) ziet u dat u documenten uit Venezuela nodig heeft om een paspoort of ID-kaart ...,In uw persoonlijke checklist (uit stap 1) ziet u dat u documenten uit Venezuela nodig heeft om een paspoort of ID-kaart ...,Zin van 24 woorden; boven de 20 wordt een zin lastig te volgen.,Knip de zin in tweeën.
0218_paspoort-id-kaart_buitenland_paspoort-venezuela.txt,https://www.nederlandwereldwijd.nl/paspoort-id-kaart/buitenland/paspoort-venezuela,Paspoort of ID-kaart aanvragen als u in Venezuela woont | NederlandWereldwijd,59,lange-zin,advies,In het overzicht van de consulaire tarieven in Venezuela ziet u wat een paspoort of ID-kaart kost en hoe u kunt betalen.,In het overzicht van de consulaire tarieven in Venezuela ziet u wat een paspoort of ID-kaart kost en hoe u kunt betalen.,Zin van 22 woorden; boven de 20 wordt een zin lastig te volgen.,Knip de zin in tweeën.
0218_paspoort-id-kaart_buitenland_paspoort-venezuela.txt,https://www.nederlandwereldwijd.nl/paspoort-id-kaart/buitenland/paspoort-venezuela,Paspoort of ID-kaart aanvragen als u in Venezuela woont | NederlandWereldwijd,74,lange-zin,advies,Op de pagina Hoelang duurt het om een Nederlands paspoort of ID-kaart aan te vragen in het buitenland leest u meer over ...,Op de pagina Hoelang duurt het om een Nederlands paspoort of ID-kaart aan te vragen in het buitenland leest u meer over ...,Zin van 29 woorden; boven de 20 wordt een zin lastig te volgen.,Knip de zin in tweeën.
0218_paspoort-id-kaart_buitenland_paspoort-venezuela.txt,https://www.nederlandwereldwijd.nl/paspoort-id-kaart/buitenland/paspoort-venezuela,Paspoort of ID-kaart aanvragen als u in Venezuela woont | NederlandWereldwijd,78,lange-zin,advies,U kunt uw nieuwe paspoort of ID-kaart ophalen bij de ambassade in Caracas op maandag en dinsdag van 14.00 – 16.00 uur.,U kunt uw nieuwe paspoort of ID-kaart ophalen bij de ambassade in Caracas op maandag en dinsdag van 14.00 – 16.00 uur.,Zin van 22 woorden; boven de 20 wordt een zin lastig te volgen.,Knip de zin in tweeën.
0218_paspoort-id-kaart_buitenland_paspoort-venezuela.txt,https://www.nederlandwereldwijd.nl/paspoort-id-kaart/buitenland/paspoort-venezuela,Paspoort of ID-kaart aanvragen als u in Venezuela woont | NederlandWereldwijd,90,lange-zin,advies,Bij paspoorten uitgegeven vanaf eind september 2024 staat de naam van de partner vaak op de achterkant van de titelpagin...,Bij paspoorten uitgegeven vanaf eind september 2024 staat de naam van de partner vaak op de achterkant van de titelpagin...,Zin van 26 woorden; boven de 20 wordt een zin lastig te volgen.,Knip de zin in tweeën.
0219_paspoort-id-kaart_buitenland_paspoort-verenigd-koninkrijk.txt,https://www.nederlandwereldwijd.nl/paspoort-id-kaart/buitenland/paspoort-verenigd-koninkrijk,Nederlands paspoort of ID-kaart vernieuwen of aanvragen als u in het Verenigd Koninkrijk woont | NederlandWereldwijd,100,lange-zin,advies,In het overzicht van de consulaire tarieven in het Verenigd Koninkrijk ziet u wat een paspoort of ID-kaart kost en hoe u...,In het overzicht van de consulaire tarieven in het Verenigd Koninkrijk ziet u wat een paspoort of ID-kaart kost en hoe u...,Zin van 24 woorden; boven de 20 wordt een zin lastig te volgen.,Knip de zin in tweeën.
0219_paspoort-id-kaart_buitenland_paspoort-verenigd-koninkrijk.txt,https://www.nederlandwereldwijd.nl/paspoort-id-kaart/buitenland/paspoort-verenigd-koninkrijk,Nederlands paspoort of ID-kaart vernieuwen of aanvragen als u in het Verenigd Koninkrijk woont | NederlandWereldwijd,119,lange-zin,advies,Op de pagina Hoelang duurt het om een Nederlands paspoort of ID-kaart aan te vragen in het buitenland leest u meer over ...,Op de pagina Hoelang duurt het om een Nederlands paspoort of ID-kaart aan te vragen in het buitenland leest u meer over ...,Zin van 29 woorden; boven de 20 wordt een zin lastig te volgen.,Knip de zin in tweeën.
0219_paspoort-id-kaart_buitenland_paspoort-verenigd-koninkrijk.txt,https://www.nederlandwereldwijd.nl/paspoort-id-kaart/buitenland/paspoort-verenigd-koninkrijk,Nederlands paspoort of ID-kaart vernieuwen of aanvragen als u in het Verenigd Koninkrijk woont | NederlandWereldwijd,152,lange-zin,advies,Bij paspoorten uitgegeven vanaf eind september 2024 staat de naam van de partner vaak op de achterkant van de titelpagin...,Bij paspoorten uitgegeven vanaf eind september 2024 staat de naam van de partner vaak op de achterkant van de titelpagin...,Zin van 26 woorden; boven de 20 wordt een zin lastig te volgen.,Knip de zin in tweeën.
0220_paspoort-id-kaart_buitenland_paspoort-verenigde-arabische-emiraten.txt,https://www.nederlandwereldwijd.nl/paspoort-id-kaart/buitenland/paspoort-verenigde-arabische-emiraten,Paspoort of ID-kaart aanvragen als u in de Verenigde Arabische Emiraten woont | NederlandWereldwijd,12,lange-zin,advies,In uw persoonlijke checklist (uit stap 1) ziet u dat u documenten uit de Verenigde Arabische Emiraten nodig heeft om een...,In uw persoonlijke checklist (uit stap 1) ziet u dat u documenten uit de Verenigde Arabische Emiraten nodig heeft om een...,Zin van 27 woorden; boven de 20 wordt een zin lastig te volgen.,Knip de zin in tweeën.
0220_paspoort-id-kaart_buitenland_paspoort-verenigde-arabische-emiraten.txt,https://www.nederlandwereldwijd.nl/paspoort-id-kaart/buitenland/paspoort-verenigde-arabische-emiraten,Paspoort of ID-kaart aanvragen als u in de Verenigde Arabische Emiraten woont | NederlandWereldwijd,75,lange-zin,advies,In het overzicht van de consulaire tarieven in de Verenigde Arabische Emiraten ziet u wat een paspoort of ID-kaart kost ...,In het overzicht van de consulaire tarieven in de Verenigde Arabische Emiraten ziet u wat een paspoort of ID-kaart kost ...,Zin van 25 woorden; boven de 20 wordt een zin lastig te volgen.,Knip de zin in tweeën.
0220_paspoort-id-kaart_buitenland_paspoort-verenigde-arabische-emiraten.txt,https://www.nederlandwereldwijd.nl/paspoort-id-kaart/buitenland/paspoort-verenigde-arabische-emiraten,Paspoort of ID-kaart aanvragen als u in de Verenigde Arabische Emiraten woont | NederlandWereldwijd,89,lange-zin,advies,Op de pagina Hoelang duurt het om een Nederlands paspoort of ID-kaart aan te vragen in het buitenland leest u meer over ...,Op de pagina Hoelang duurt het om een Nederlands paspoort of ID-kaart aan te vragen in het buitenland leest u meer over ...,Zin van 29 woorden; boven de 20 wordt een zin lastig te volgen.,Knip de zin in tweeën.
0220_paspoort-id-kaart_buitenland_paspoort-verenigde-arabische-emiraten.txt,https://www.nederlandwereldwijd.nl/paspoort-id-kaart/buitenland/paspoort-verenigde-arabische-emiraten,Paspoort of ID-kaart aanvragen als u in de Verenigde Arabische Emiraten woont | NederlandWereldwijd,108,lange-zin,advies,Bij paspoorten uitgegeven vanaf eind september 2024 staat de naam van de partner vaak op de achterkant van de titelpagin...,Bij paspoorten uitgegeven vanaf eind september 2024 staat de naam van de partner vaak op de achterkant van de titelpagin...,Zin van 26 woorden; boven de 20 wordt een zin lastig te volgen.,Knip de zin in tweeën.
0221_paspoort-id-kaart_buitenland_paspoort-verenigde-staten-van-amerika.txt,https://www.nederlandwereldwijd.nl/paspoort-id-kaart/buitenland/paspoort-verenigde-staten-van-amerika,Nederlands paspoort of ID-kaart vernieuwen of aanvragen als u in de Verenigde Staten van Amerika woont | NederlandWereldwijd,151,lange-zin,advies,"Bekijk de verzendinstructies van VFS Global als u uw document aanvraagt via VFS Global in Chicago, Boston, Houston of Lo...","Bekijk de verzendinstructies van VFS Global als u uw document aanvraagt via VFS Global in Chicago, Boston, Houston of Lo...",Zin van 21 woorden; boven de 20 wordt een zin lastig te volgen.,Knip de zin in tweeën.
0221_paspoort-id-kaart_buitenland_paspoort-verenigde-staten-van-amerika.txt,https://www.nederlandwereldwijd.nl/paspoort-id-kaart/buitenland/paspoort-verenigde-staten-van-amerika,Nederlands paspoort of ID-kaart vernieuwen of aanvragen als u in de Verenigde Staten van Amerika woont | NederlandWereldwijd,170,lange-zin,advies,Op de pagina Hoelang duurt het om een Nederlands paspoort of ID-kaart aan te vragen in het buitenland leest u meer over ...,Op de pagina Hoelang duurt het om een Nederlands paspoort of ID-kaart aan te vragen in het buitenland leest u meer over ...,Zin van 29 woorden; boven de 20 wordt een zin lastig te volgen.,Knip de zin in tweeën.
0221_paspoort-id-kaart_buitenland_paspoort-verenigde-staten-van-amerika.txt,https://www.nederlandwereldwijd.nl/paspoort-id-kaart/buitenland/paspoort-verenigde-staten-van-amerika,Nederlands paspoort of ID-kaart vernieuwen of aanvragen als u in de Verenigde Staten van Amerika woont | NederlandWereldwijd,174,lange-zin,advies,"U kunt uw nieuwe paspoort of ID-kaart ophalen bij de ambassade in Washington, het consulaat-generaal in Atlanta, Miami, ...","U kunt uw nieuwe paspoort of ID-kaart ophalen bij de ambassade in Washington, het consulaat-generaal in Atlanta, Miami, ...",Zin van 36 woorden; boven de 20 wordt een zin lastig te volgen.,Knip de zin in tweeën.
0221_paspoort-id-kaart_buitenland_paspoort-verenigde-staten-van-amerika.txt,https://www.nederlandwereldwijd.nl/paspoort-id-kaart/buitenland/paspoort-verenigde-staten-van-amerika,Nederlands paspoort of ID-kaart vernieuwen of aanvragen als u in de Verenigde Staten van Amerika woont | NederlandWereldwijd,193,lange-zin,advies,"Bekijk de verzendinstructies van VFS Global als u uw document aanvraagt via VFS Global in Chicago, Boston, Houston of Lo...","Bekijk de verzendinstructies van VFS Global als u uw document aanvraagt via VFS Global in Chicago, Boston, Houston of Lo...",Zin van 21 woorden; boven de 20 wordt een zin lastig te volgen.,Knip de zin in tweeën.
0221_paspoort-id-kaart_buitenland_paspoort-verenigde-staten-van-amerika.txt,https://www.nederlandwereldwijd.nl/paspoort-id-kaart/buitenland/paspoort-verenigde-staten-van-amerika,Nederlands paspoort of ID-kaart vernieuwen of aanvragen als u in de Verenigde Staten van Amerika woont | NederlandWereldwijd,210,lange-zin,advies,Bij paspoorten uitgegeven vanaf eind september 2024 staat de naam van de partner vaak op de achterkant van de titelpagin...,Bij paspoorten uitgegeven vanaf eind september 2024 staat de naam van de partner vaak op de achterkant van de titelpagin...,Zin van 26 woorden; boven de 20 wordt een zin lastig te volgen.,Knip de zin in tweeën.
0222_paspoort-id-kaart_buitenland_paspoort-vietnam.txt,https://www.nederlandwereldwijd.nl/paspoort-id-kaart/buitenland/paspoort-vietnam,Paspoort of ID-kaart aanvragen als u in Vietnam woont | NederlandWereldwijd,11,lange-zin,advies,In uw persoonlijke checklist (uit stap 1) ziet u dat u documenten uit Vietnam nodig heeft om een paspoort of ID-kaart aa...,In uw persoonlijke checklist (uit stap 1) ziet u dat u documenten uit Vietnam nodig heeft om een paspoort of ID-kaart aa...,Zin van 24 woorden; boven de 20 wordt een zin lastig te volgen.,Knip de zin in tweeën.
0222_paspoort-id-kaart_buitenland_paspoort-vietnam.txt,https://www.nederlandwereldwijd.nl/paspoort-id-kaart/buitenland/paspoort-vietnam,Paspoort of ID-kaart aanvragen als u in Vietnam woont | NederlandWereldwijd,60,lange-zin,advies,In het overzicht van de consulaire tarieven in Vietnam ziet u wat een paspoort of ID-kaart kost en hoe u kunt betalen.,In het overzicht van de consulaire tarieven in Vietnam ziet u wat een paspoort of ID-kaart kost en hoe u kunt betalen.,Zin van 22 woorden; boven de 20 wordt een zin lastig te volgen.,Knip de zin in tweeën.
0222_paspoort-id-kaart_buitenland_paspoort-vietnam.txt,https://www.nederlandwereldwijd.nl/paspoort-id-kaart/buitenland/paspoort-vietnam,Paspoort of ID-kaart aanvragen als u in Vietnam woont | NederlandWereldwijd,74,lange-zin,advies,Op de pagina Hoelang duurt het om een Nederlands paspoort of ID-kaart aan te vragen in het buitenland leest u meer over ...,Op de pagina Hoelang duurt het om een Nederlands paspoort of ID-kaart aan te vragen in het buitenland leest u meer over ...,Zin van 29 woorden; boven de 20 wordt een zin lastig te volgen.,Knip de zin in tweeën.
0222_paspoort-id-kaart_buitenland_paspoort-vietnam.txt,https://www.nederlandwereldwijd.nl/paspoort-id-kaart/buitenland/paspoort-vietnam,Paspoort of ID-kaart aanvragen als u in Vietnam woont | NederlandWereldwijd,78,lange-zin,advies,U kunt uw nieuwe paspoort of ID-kaart ophalen bij de ambassade in Hanoi of het consulaat-generaal in Ho Chi Minh Stad op...,U kunt uw nieuwe paspoort of ID-kaart ophalen bij de ambassade in Hanoi of het consulaat-generaal in Ho Chi Minh Stad op...,Zin van 32 woorden; boven de 20 wordt een zin lastig te volgen.,Knip de zin in tweeën.
0222_paspoort-id-kaart_buitenland_paspoort-vietnam.txt,https://www.nederlandwereldwijd.nl/paspoort-id-kaart/buitenland/paspoort-vietnam,Paspoort of ID-kaart aanvragen als u in Vietnam woont | NederlandWereldwijd,92,lange-zin,advies,Bij paspoorten uitgegeven vanaf eind september 2024 staat de naam van de partner vaak op de achterkant van de titelpagin...,Bij paspoorten uitgegeven vanaf eind september 2024 staat de naam van de partner vaak op de achterkant van de titelpagin...,Zin van 26 woorden; boven de 20 wordt een zin lastig te volgen.,Knip de zin in tweeën.
0223_paspoort-id-kaart_buitenland_paspoort-wallis-en-futuna.txt,https://www.nederlandwereldwijd.nl/paspoort-id-kaart/buitenland/paspoort-wallis-en-futuna,Paspoort of ID-kaart aanvragen als u in Wallis en Futuna woont | NederlandWereldwijd,11,lange-zin,advies,In uw persoonlijke checklist (uit stap 1) ziet u dat u documenten uit Wallis en Futuna nodig heeft om een paspoort of ID...,In uw persoonlijke checklist (uit stap 1) ziet u dat u documenten uit Wallis en Futuna nodig heeft om een paspoort of ID...,Zin van 26 woorden; boven de 20 wordt een zin lastig te volgen.,Knip de zin in tweeën.
0223_paspoort-id-kaart_buitenland_paspoort-wallis-en-futuna.txt,https://www.nederlandwereldwijd.nl/paspoort-id-kaart/buitenland/paspoort-wallis-en-futuna,Paspoort of ID-kaart aanvragen als u in Wallis en Futuna woont | NederlandWereldwijd,61,lange-zin,advies,In het overzicht van de consulaire tarieven in Nieuw-Zeeland ziet u wat een paspoort of ID-kaart kost en hoe u kunt beta...,In het overzicht van de consulaire tarieven in Nieuw-Zeeland ziet u wat een paspoort of ID-kaart kost en hoe u kunt beta...,Zin van 22 woorden; boven de 20 wordt een zin lastig te volgen.,Knip de zin in tweeën.
0223_paspoort-id-kaart_buitenland_paspoort-wallis-en-futuna.txt,https://www.nederlandwereldwijd.nl/paspoort-id-kaart/buitenland/paspoort-wallis-en-futuna,Paspoort of ID-kaart aanvragen als u in Wallis en Futuna woont | NederlandWereldwijd,76,lange-zin,advies,Op de pagina Hoelang duurt het om een Nederlands paspoort of ID-kaart aan te vragen in het buitenland leest u meer over ...,Op de pagina Hoelang duurt het om een Nederlands paspoort of ID-kaart aan te vragen in het buitenland leest u meer over ...,Zin van 29 woorden; boven de 20 wordt een zin lastig te volgen.,Knip de zin in tweeën.
0223_paspoort-id-kaart_buitenland_paspoort-wallis-en-futuna.txt,https://www.nederlandwereldwijd.nl/paspoort-id-kaart/buitenland/paspoort-wallis-en-futuna,Paspoort of ID-kaart aanvragen als u in Wallis en Futuna woont | NederlandWereldwijd,93,lange-zin,advies,Bij paspoorten uitgegeven vanaf eind september 2024 staat de naam van de partner vaak op de achterkant van de titelpagin...,Bij paspoorten uitgegeven vanaf eind september 2024 staat de naam van de partner vaak op de achterkant van de titelpagin...,Zin van 26 woorden; boven de 20 wordt een zin lastig te volgen.,Knip de zin in tweeën.
0224_paspoort-id-kaart_buitenland_paspoort-zambia.txt,https://www.nederlandwereldwijd.nl/paspoort-id-kaart/buitenland/paspoort-zambia,Paspoort of ID-kaart aanvragen als u in Zambia woont | NederlandWereldwijd,11,lange-zin,advies,In uw persoonlijke checklist (uit stap 1) ziet u dat u documenten uit Zambia nodig heeft om een paspoort of ID-kaart aan...,In uw persoonlijke checklist (uit stap 1) ziet u dat u documenten uit Zambia nodig heeft om een paspoort of ID-kaart aan...,Zin van 24 woorden; boven de 20 wordt een zin lastig te volgen.,Knip de zin in tweeën.
0224_paspoort-id-kaart_buitenland_paspoort-zambia.txt,https://www.nederlandwereldwijd.nl/paspoort-id-kaart/buitenland/paspoort-zambia,Paspoort of ID-kaart aanvragen als u in Zambia woont | NederlandWereldwijd,75,lange-zin,advies,Op de pagina Hoelang duurt het om een Nederlands paspoort of ID-kaart aan te vragen in het buitenland leest u meer over ...,Op de pagina Hoelang duurt het om een Nederlands paspoort of ID-kaart aan te vragen in het buitenland leest u meer over ...,Zin van 29 woorden; boven de 20 wordt een zin lastig te volgen.,Knip de zin in tweeën.
0224_paspoort-id-kaart_buitenland_paspoort-zambia.txt,https://www.nederlandwereldwijd.nl/paspoort-id-kaart/buitenland/paspoort-zambia,Paspoort of ID-kaart aanvragen als u in Zambia woont | NederlandWereldwijd,96,lange-zin,advies,Bij paspoorten uitgegeven vanaf eind september 2024 staat de naam van de partner vaak op de achterkant van de titelpagin...,Bij paspoorten uitgegeven vanaf eind september 2024 staat de naam van de partner vaak op de achterkant van de titelpagin...,Zin van 26 woorden; boven de 20 wordt een zin lastig te volgen.,Knip de zin in tweeën.
0225_paspoort-id-kaart_buitenland_paspoort-zimbabwe.txt,https://www.nederlandwereldwijd.nl/paspoort-id-kaart/buitenland/paspoort-zimbabwe,Paspoort of ID-kaart aanvragen als u in Zimbabwe woont | NederlandWereldwijd,11,lange-zin,advies,In uw persoonlijke checklist (uit stap 1) ziet u dat u documenten uit Zimbabwe nodig heeft om een paspoort of ID-kaart a...,In uw persoonlijke checklist (uit stap 1) ziet u dat u documenten uit Zimbabwe nodig heeft om een paspoort of ID-kaart a...,Zin van 24 woorden; boven de 20 wordt een zin lastig te volgen.,Knip de zin in tweeën.
0225_paspoort-id-kaart_buitenland_paspoort-zimbabwe.txt,https://www.nederlandwereldwijd.nl/paspoort-id-kaart/buitenland/paspoort-zimbabwe,Paspoort of ID-kaart aanvragen als u in Zimbabwe woont | NederlandWereldwijd,73,lange-zin,advies,Op de pagina Hoelang duurt het om een Nederlands paspoort of ID-kaart aan te vragen in het buitenland leest u meer over ...,Op de pagina Hoelang duurt het om een Nederlands paspoort of ID-kaart aan te vragen in het buitenland leest u meer over ...,Zin van 29 woorden; boven de 20 wordt een zin lastig te volgen.,Knip de zin in tweeën.
0225_paspoort-id-kaart_buitenland_paspoort-zimbabwe.txt,https://www.nederlandwereldwijd.nl/paspoort-id-kaart/buitenland/paspoort-zimbabwe,Paspoort of ID-kaart aanvragen als u in Zimbabwe woont | NederlandWereldwijd,94,lange-zin,advies,Bij paspoorten uitgegeven vanaf eind september 2024 staat de naam van de partner vaak op de achterkant van de titelpagin...,Bij paspoorten uitgegeven vanaf eind september 2024 staat de naam van de partner vaak op de achterkant van de titelpagin...,Zin van 26 woorden; boven de 20 wordt een zin lastig te volgen.,Knip de zin in tweeën.
0226_paspoort-id-kaart_buitenland_paspoort-zuid-afrika.txt,https://www.nederlandwereldwijd.nl/paspoort-id-kaart/buitenland/paspoort-zuid-afrika,Nederlands paspoort of ID-kaart vernieuwen of aanvragen als u in Zuid-Afrika woont | NederlandWereldwijd,80,lange-zin,advies,Op de pagina Hoelang duurt het om een Nederlands paspoort of ID-kaart aan te vragen in het buitenland leest u meer over ...,Op de pagina Hoelang duurt het om een Nederlands paspoort of ID-kaart aan te vragen in het buitenland leest u meer over ...,Zin van 29 woorden; boven de 20 wordt een zin lastig te volgen.,Knip de zin in tweeën.
0226_paspoort-id-kaart_buitenland_paspoort-zuid-afrika.txt,https://www.nederlandwereldwijd.nl/paspoort-id-kaart/buitenland/paspoort-zuid-afrika,Nederlands paspoort of ID-kaart vernieuwen of aanvragen als u in Zuid-Afrika woont | NederlandWereldwijd,111,lange-zin,advies,Bij paspoorten uitgegeven vanaf eind september 2024 staat de naam van de partner vaak op de achterkant van de titelpagin...,Bij paspoorten uitgegeven vanaf eind september 2024 staat de naam van de partner vaak op de achterkant van de titelpagin...,Zin van 26 woorden; boven de 20 wordt een zin lastig te volgen.,Knip de zin in tweeën.
0227_paspoort-id-kaart_buitenland_paspoort-zuid-korea.txt,https://www.nederlandwereldwijd.nl/paspoort-id-kaart/buitenland/paspoort-zuid-korea,Paspoort of ID-kaart aanvragen als u in Zuid-Korea woont | NederlandWereldwijd,11,lange-zin,advies,In uw persoonlijke checklist (uit stap 1) ziet u dat u documenten uit Zuid-Korea nodig heeft om een paspoort of ID-kaart...,In uw persoonlijke checklist (uit stap 1) ziet u dat u documenten uit Zuid-Korea nodig heeft om een paspoort of ID-kaart...,Zin van 24 woorden; boven de 20 wordt een zin lastig te volgen.,Knip de zin in tweeën.
0227_paspoort-id-kaart_buitenland_paspoort-zuid-korea.txt,https://www.nederlandwereldwijd.nl/paspoort-id-kaart/buitenland/paspoort-zuid-korea,Paspoort of ID-kaart aanvragen als u in Zuid-Korea woont | NederlandWereldwijd,63,lange-zin,advies,In het overzicht van de consulaire tarieven in Zuid-Korea ziet u wat een paspoort of ID-kaart kost en hoe u kunt betalen...,In het overzicht van de consulaire tarieven in Zuid-Korea ziet u wat een paspoort of ID-kaart kost en hoe u kunt betalen...,Zin van 22 woorden; boven de 20 wordt een zin lastig te volgen.,Knip de zin in tweeën.
0227_paspoort-id-kaart_buitenland_paspoort-zuid-korea.txt,https://www.nederlandwereldwijd.nl/paspoort-id-kaart/buitenland/paspoort-zuid-korea,Paspoort of ID-kaart aanvragen als u in Zuid-Korea woont | NederlandWereldwijd,78,lange-zin,advies,Op de pagina Hoelang duurt het om een Nederlands paspoort of ID-kaart aan te vragen in het buitenland leest u meer over ...,Op de pagina Hoelang duurt het om een Nederlands paspoort of ID-kaart aan te vragen in het buitenland leest u meer over ...,Zin van 29 woorden; boven de 20 wordt een zin lastig te volgen.,Knip de zin in tweeën.
0227_paspoort-id-kaart_buitenland_paspoort-zuid-korea.txt,https://www.nederlandwereldwijd.nl/paspoort-id-kaart/buitenland/paspoort-zuid-korea,Paspoort of ID-kaart aanvragen als u in Zuid-Korea woont | NederlandWereldwijd,82,lange-zin,advies,U kunt uw nieuwe paspoort of ID-kaart ophalen bij de ambassade in Seoel op maandag tot en met vrijdag van 9.00 – 12.00 u...,U kunt uw nieuwe paspoort of ID-kaart ophalen bij de ambassade in Seoel op maandag tot en met vrijdag van 9.00 – 12.00 u...,Zin van 24 woorden; boven de 20 wordt een zin lastig te volgen.,Knip de zin in tweeën.
0227_paspoort-id-kaart_buitenland_paspoort-zuid-korea.txt,https://www.nederlandwereldwijd.nl/paspoort-id-kaart/buitenland/paspoort-zuid-korea,Paspoort of ID-kaart aanvragen als u in Zuid-Korea woont | NederlandWereldwijd,94,lange-zin,advies,Bij paspoorten uitgegeven vanaf eind september 2024 staat de naam van de partner vaak op de achterkant van de titelpagin...,Bij paspoorten uitgegeven vanaf eind september 2024 staat de naam van de partner vaak op de achterkant van de titelpagin...,Zin van 26 woorden; boven de 20 wordt een zin lastig te volgen.,Knip de zin in tweeën.
0229_paspoort-id-kaart_buitenland_paspoort-zweden.txt,https://www.nederlandwereldwijd.nl/paspoort-id-kaart/buitenland/paspoort-zweden,Paspoort of ID-kaart aanvragen als u in Zweden woont | NederlandWereldwijd,12,lange-zin,advies,In uw persoonlijke checklist (uit stap 1) ziet u dat u documenten uit Zweden nodig heeft om een paspoort of ID-kaart aan...,In uw persoonlijke checklist (uit stap 1) ziet u dat u documenten uit Zweden nodig heeft om een paspoort of ID-kaart aan...,Zin van 24 woorden; boven de 20 wordt een zin lastig te volgen.,Knip de zin in tweeën.
0229_paspoort-id-kaart_buitenland_paspoort-zweden.txt,https://www.nederlandwereldwijd.nl/paspoort-id-kaart/buitenland/paspoort-zweden,Paspoort of ID-kaart aanvragen als u in Zweden woont | NederlandWereldwijd,26,lange-zin,advies,"U kunt ook een Skatteverket-kantoor bezoeken bij u in de buurt en vragen om het uittreksel voor u af te drukken, te stem...","U kunt ook een Skatteverket-kantoor bezoeken bij u in de buurt en vragen om het uittreksel voor u af te drukken, te stem...",Zin van 26 woorden; boven de 20 wordt een zin lastig te volgen.,Knip de zin in tweeën.
0229_paspoort-id-kaart_buitenland_paspoort-zweden.txt,https://www.nederlandwereldwijd.nl/paspoort-id-kaart/buitenland/paspoort-zweden,Paspoort of ID-kaart aanvragen als u in Zweden woont | NederlandWereldwijd,55,lijdende-vorm,advies,worden geaccepteerd,Alleen documenten die zijn uitgegeven door de Somalische autoriteiten in Somalië of Somaliland worden geaccepteerd.,Lijdende vorm: de lezer ziet niet wie er iets doet.,"Schrijf actief, bijvoorbeeld 'wij sturen' of 'u ontvangt'."
0229_paspoort-id-kaart_buitenland_paspoort-zweden.txt,https://www.nederlandwereldwijd.nl/paspoort-id-kaart/buitenland/paspoort-zweden,Paspoort of ID-kaart aanvragen als u in Zweden woont | NederlandWereldwijd,103,lange-zin,advies,In het overzicht van de consulaire tarieven in Zweden ziet u wat een paspoort of ID-kaart kost en hoe u kunt betalen.,In het overzicht van de consulaire tarieven in Zweden ziet u wat een paspoort of ID-kaart kost en hoe u kunt betalen.,Zin van 22 woorden; boven de 20 wordt een zin lastig te volgen.,Knip de zin in tweeën.
0229_paspoort-id-kaart_buitenland_paspoort-zweden.txt,https://www.nederlandwereldwijd.nl/paspoort-id-kaart/buitenland/paspoort-zweden,Paspoort of ID-kaart aanvragen als u in Zweden woont | NederlandWereldwijd,114,lange-zin,advies,Op de pagina Hoelang duurt het om een Nederlands paspoort of ID-kaart aan te vragen in het buitenland leest u meer over ...,Op de pagina Hoelang duurt het om een Nederlands paspoort of ID-kaart aan te vragen in het buitenland leest u meer over ...,Zin van 29 woorden; boven de 20 wordt een zin lastig te volgen.,Knip de zin in tweeën.
0229_paspoort-id-kaart_buitenland_paspoort-zweden.txt,https://www.nederlandwereldwijd.nl/paspoort-id-kaart/buitenland/paspoort-zweden,Paspoort of ID-kaart aanvragen als u in Zweden woont | NederlandWereldwijd,126,lijdende-vorm,advies,wordt verstuurd,Het document wordt verstuurd door de Zweedse post (Postnord).,Lijdende vorm: de lezer ziet niet wie er iets doet.,"Schrijf actief, bijvoorbeeld 'wij sturen' of 'u ontvangt'."
0229_paspoort-id-kaart_buitenland_paspoort-zweden.txt,https://www.nederlandwereldwijd.nl/paspoort-id-kaart/buitenland/paspoort-zweden,Paspoort of ID-kaart aanvragen als u in Zweden woont | NederlandWereldwijd,128,lange-zin,advies,"Dan krijgt u het weer mee naar huis, maar u moet dan wel terug naar de ambassade om het nieuwe paspoort zelf op te halen...","Dan krijgt u het weer mee naar huis, maar u moet dan wel terug naar de ambassade om het nieuwe paspoort zelf op te halen...",Zin van 33 woorden; boven de 20 wordt een zin lastig te volgen.,Knip de zin in tweeën.
0229_paspoort-id-kaart_buitenland_paspoort-zweden.txt,https://www.nederlandwereldwijd.nl/paspoort-id-kaart/buitenland/paspoort-zweden,Paspoort of ID-kaart aanvragen als u in Zweden woont | NederlandWereldwijd,134,lange-zin,advies,Bij paspoorten uitgegeven vanaf eind september 2024 staat de naam van de partner vaak op de achterkant van de titelpagin...,Bij paspoorten uitgegeven vanaf eind september 2024 staat de naam van de partner vaak op de achterkant van de titelpagin...,Zin van 26 woorden; boven de 20 wordt een zin lastig te volgen.,Knip de zin in tweeën.
0230_paspoort-id-kaart_buitenland_paspoort-zwitserland.txt,https://www.nederlandwereldwijd.nl/paspoort-id-kaart/buitenland/paspoort-zwitserland,Nederlands paspoort of ID-kaart vernieuwen of aanvragen als u in Zwitserland woont | NederlandWereldwijd,43,lange-zin,advies,In het overzicht van de consulaire tarieven in Zwitserland ziet u wat een paspoort of ID-kaart kost en hoe u kunt betale...,In het overzicht van de consulaire tarieven in Zwitserland ziet u wat een paspoort of ID-kaart kost en hoe u kunt betale...,Zin van 22 woorden; boven de 20 wordt een zin lastig te volgen.,Knip de zin in tweeën.
0230_paspoort-id-kaart_buitenland_paspoort-zwitserland.txt,https://www.nederlandwereldwijd.nl/paspoort-id-kaart/buitenland/paspoort-zwitserland,Nederlands paspoort of ID-kaart vernieuwen of aanvragen als u in Zwitserland woont | NederlandWereldwijd,58,lange-zin,advies,Op de pagina Hoelang duurt het om een Nederlands paspoort of ID-kaart aan te vragen in het buitenland leest u meer over ...,Op de pagina Hoelang duurt het om een Nederlands paspoort of ID-kaart aan te vragen in het buitenland leest u meer over ...,Zin van 29 woorden; boven de 20 wordt een zin lastig te volgen.,Knip de zin in tweeën.
0230_paspoort-id-kaart_buitenland_paspoort-zwitserland.txt,https://www.nederlandwereldwijd.nl/paspoort-id-kaart/buitenland/paspoort-zwitserland,Nederlands paspoort of ID-kaart vernieuwen of aanvragen als u in Zwitserland woont | NederlandWereldwijd,62,lange-zin,advies,U kunt uw nieuwe paspoort of ID-kaart ophalen bij de ambassade in Bern op maandag tot en met vrijdag van 9.00 - 12.30 uu...,U kunt uw nieuwe paspoort of ID-kaart ophalen bij de ambassade in Bern op maandag tot en met vrijdag van 9.00 - 12.30 uu...,Zin van 30 woorden; boven de 20 wordt een zin lastig te volgen.,Knip de zin in tweeën.
0230_paspoort-id-kaart_buitenland_paspoort-zwitserland.txt,https://www.nederlandwereldwijd.nl/paspoort-id-kaart/buitenland/paspoort-zwitserland,Nederlands paspoort of ID-kaart vernieuwen of aanvragen als u in Zwitserland woont | NederlandWereldwijd,76,lange-zin,advies,Bij paspoorten uitgegeven vanaf eind september 2024 staat de naam van de partner vaak op de achterkant van de titelpagin...,Bij paspoorten uitgegeven vanaf eind september 2024 staat de naam van de partner vaak op de achterkant van de titelpagin...,Zin van 26 woorden; boven de 20 wordt een zin lastig te volgen.,Knip de zin in tweeën.
0231_paspoort-id-kaart_eisen-pasfoto.txt,https://www.nederlandwereldwijd.nl/paspoort-id-kaart/eisen-pasfoto,Eisen aan pasfoto voor Nederlands paspoort of ID-kaart | NederlandWereldwijd,94,lange-zin,advies,Het kan zijn dat u op grond van fysieke of medische redenen niet in staat bent om aan alle eisen te voldoen.,Het kan zijn dat u op grond van fysieke of medische redenen niet in staat bent om aan alle eisen te voldoen.,Zin van 22 woorden; boven de 20 wordt een zin lastig te volgen.,Knip de zin in tweeën.
0232_paspoort-id-kaart_hoe-aanvragen-andere-nationaliteit.txt,https://www.nederlandwereldwijd.nl/paspoort-id-kaart/hoe-aanvragen-andere-nationaliteit,Hoe vraag ik een Nederlands paspoort of ID-kaart in het buitenland aan nadat ik een andere nationaliteit heb aangenomen? | NederlandWereldwijd,11,lijdende-vorm,advies,wordt opnieuw gecheckt,Bij elke aanvraag wordt opnieuw gecheckt of u Nederlander bent.,Lijdende vorm: de lezer ziet niet wie er iets doet.,"Schrijf actief, bijvoorbeeld 'wij sturen' of 'u ontvangt'."
0233_paspoort-id-kaart_india-uitreisvisum.txt,https://www.nederlandwereldwijd.nl/paspoort-id-kaart/india-uitreisvisum,Aanvraag uitreisvisum voor India | NederlandWereldwijd,11,lange-zin,advies,Lees meer over het aanvragen en de documenten die u nodig heeft op de website van de Foreigner Regional Registration Off...,Lees meer over het aanvragen en de documenten die u nodig heeft op de website van de Foreigner Regional Registration Off...,Zin van 21 woorden; boven de 20 wordt een zin lastig te volgen.,Knip de zin in tweeën.
0234_paspoort-id-kaart_kosten-buitenland.txt,https://www.nederlandwereldwijd.nl/paspoort-id-kaart/kosten-buitenland,Wat kost een Nederlands paspoort of ID-kaart als ik in het buitenland woon? | NederlandWereldwijd,18,lijdende-vorm,advies,worden gestuurd,Het document hoeft ook niet naar het buitenland te worden gestuurd.,Lijdende vorm: de lezer ziet niet wie er iets doet.,"Schrijf actief, bijvoorbeeld 'wij sturen' of 'u ontvangt'."
0234_paspoort-id-kaart_kosten-buitenland.txt,https://www.nederlandwereldwijd.nl/paspoort-id-kaart/kosten-buitenland,Wat kost een Nederlands paspoort of ID-kaart als ik in het buitenland woon? | NederlandWereldwijd,19,lijdende-vorm,advies,worden verstuurd,Ook moet uw paspoort of ID-kaart vanuit Nederland veilig naar het buitenland worden verstuurd.,Lijdende vorm: de lezer ziet niet wie er iets doet.,"Schrijf actief, bijvoorbeeld 'wij sturen' of 'u ontvangt'."
0235_paspoort-id-kaart_kwijt-gestolen.txt,https://www.nederlandwereldwijd.nl/paspoort-id-kaart/kwijt-gestolen,"Mijn paspoort of ID-kaart is kwijt of gestolen in het buitenland, wat nu? | NederlandWereldwijd",45,lange-zin,advies,"Omdat u uw oude reisdocument niet meer heeft, levert u bij uw aanvraag ook een verklaring van vermissing van uw reisdocu...","Omdat u uw oude reisdocument niet meer heeft, levert u bij uw aanvraag ook een verklaring van vermissing van uw reisdocu...",Zin van 23 woorden; boven de 20 wordt een zin lastig te volgen.,Knip de zin in tweeën.
0236_paspoort-id-kaart_langer-dan-2-jaar-verlopen-frankrijk.txt,https://www.nederlandwereldwijd.nl/paspoort-id-kaart/langer-dan-2-jaar-verlopen-frankrijk,Paspoort of ID-kaart langer dan 2 jaar verlopen en meerderjarig in Frankrijk | NederlandWereldwijd,33,aanspreekvorm,hoog,je,Heeft u sommige vragen met je beantwoord?,De site spreekt de lezer overal met 'u' aan; hier staat een je-vorm.,"Schrijf 'u', 'uw' of 'u heeft'."
0236_paspoort-id-kaart_langer-dan-2-jaar-verlopen-frankrijk.txt,https://www.nederlandwereldwijd.nl/paspoort-id-kaart/langer-dan-2-jaar-verlopen-frankrijk,Paspoort of ID-kaart langer dan 2 jaar verlopen en meerderjarig in Frankrijk | NederlandWereldwijd,35,lange-zin,advies,"Ja bij vraag 2: Documenten die bewijzen dat u voordat u 18 jaar werd, u 5 jaar onafgebroken in Frankrijk gewoond heeft.","Ja bij vraag 2: Documenten die bewijzen dat u voordat u 18 jaar werd, u 5 jaar onafgebroken in Frankrijk gewoond heeft.",Zin van 22 woorden; boven de 20 wordt een zin lastig te volgen.,Knip de zin in tweeën.
0236_paspoort-id-kaart_langer-dan-2-jaar-verlopen-frankrijk.txt,https://www.nederlandwereldwijd.nl/paspoort-id-kaart/langer-dan-2-jaar-verlopen-frankrijk,Paspoort of ID-kaart langer dan 2 jaar verlopen en meerderjarig in Frankrijk | NederlandWereldwijd,41,lange-zin,advies,"In de situaties van vraag 1 tot en met 3, heeft u misschien de Franse nationaliteit aangenomen, zonder het Nederlandersc...","In de situaties van vraag 1 tot en met 3, heeft u misschien de Franse nationaliteit aangenomen, zonder het Nederlandersc...",Zin van 22 woorden; boven de 20 wordt een zin lastig te volgen.,Knip de zin in tweeën.
0236_paspoort-id-kaart_langer-dan-2-jaar-verlopen-frankrijk.txt,https://www.nederlandwereldwijd.nl/paspoort-id-kaart/langer-dan-2-jaar-verlopen-frankrijk,Paspoort of ID-kaart langer dan 2 jaar verlopen en meerderjarig in Frankrijk | NederlandWereldwijd,42,lange-zin,advies,Informatie over het aannemen van een tweede nationaliteit en de mogelijke gevolgen hiervan op het Nederlanderschap leest...,Informatie over het aannemen van een tweede nationaliteit en de mogelijke gevolgen hiervan op het Nederlanderschap leest...,Zin van 24 woorden; boven de 20 wordt een zin lastig te volgen.,Knip de zin in tweeën.
0237_paspoort-id-kaart_naam-wijzigen-verenigd-koninkrijk.txt,https://www.nederlandwereldwijd.nl/paspoort-id-kaart/naam-wijzigen-verenigd-koninkrijk,Naam wijzigen in Verenigd Koninkrijk | NederlandWereldwijd,1,lijdende-vorm,advies,worden gewijzigd,De naam van een Nederlander op een Nederlands paspoort of identiteitskaart kan alleen worden gewijzigd als de buitenlandse naamswijziging door Nederland wordt erkend.,Lijdende vorm: de lezer ziet niet wie er iets doet.,"Schrijf actief, bijvoorbeeld 'wij sturen' of 'u ontvangt'."
0237_paspoort-id-kaart_naam-wijzigen-verenigd-koninkrijk.txt,https://www.nederlandwereldwijd.nl/paspoort-id-kaart/naam-wijzigen-verenigd-koninkrijk,Naam wijzigen in Verenigd Koninkrijk | NederlandWereldwijd,1,lange-zin,advies,De naam van een Nederlander op een Nederlands paspoort of identiteitskaart kan alleen worden gewijzigd als de buitenland...,De naam van een Nederlander op een Nederlands paspoort of identiteitskaart kan alleen worden gewijzigd als de buitenland...,Zin van 23 woorden; boven de 20 wordt een zin lastig te volgen.,Knip de zin in tweeën.
0237_paspoort-id-kaart_naam-wijzigen-verenigd-koninkrijk.txt,https://www.nederlandwereldwijd.nl/paspoort-id-kaart/naam-wijzigen-verenigd-koninkrijk,Naam wijzigen in Verenigd Koninkrijk | NederlandWereldwijd,4,lijdende-vorm,advies,worden gewijzigd,Dit betekent dat in de meeste gevallen de naam van een Nederlander alleen door de bevoegde autoriteiten in Nederland kan worden gewijzigd.,Lijdende vorm: de lezer ziet niet wie er iets doet.,"Schrijf actief, bijvoorbeeld 'wij sturen' of 'u ontvangt'."
0237_paspoort-id-kaart_naam-wijzigen-verenigd-koninkrijk.txt,https://www.nederlandwereldwijd.nl/paspoort-id-kaart/naam-wijzigen-verenigd-koninkrijk,Naam wijzigen in Verenigd Koninkrijk | NederlandWereldwijd,4,lange-zin,advies,Dit betekent dat in de meeste gevallen de naam van een Nederlander alleen door de bevoegde autoriteiten in Nederland kan...,Dit betekent dat in de meeste gevallen de naam van een Nederlander alleen door de bevoegde autoriteiten in Nederland kan...,Zin van 22 woorden; boven de 20 wordt een zin lastig te volgen.,Knip de zin in tweeën.
0237_paspoort-id-kaart_naam-wijzigen-verenigd-koninkrijk.txt,https://www.nederlandwereldwijd.nl/paspoort-id-kaart/naam-wijzigen-verenigd-koninkrijk,Naam wijzigen in Verenigd Koninkrijk | NederlandWereldwijd,11,formeel-woord,midden,dient u,Dan dient u een verzoek in bij de Dienst Justis van het Ministerie van Justitie en Veiligheid.,Formeel woord; in begrijpelijke taal (taalniveau B1) bestaat een gewoner alternatief.,Overweeg 'moet u'.
0237_paspoort-id-kaart_naam-wijzigen-verenigd-koninkrijk.txt,https://www.nederlandwereldwijd.nl/paspoort-id-kaart/naam-wijzigen-verenigd-koninkrijk,Naam wijzigen in Verenigd Koninkrijk | NederlandWereldwijd,14,lijdende-vorm,advies,wordt gemaakt,Bent u geboren in een land waar geen onderscheid wordt gemaakt tussen voornamen en achternaam?,Lijdende vorm: de lezer ziet niet wie er iets doet.,"Schrijf actief, bijvoorbeeld 'wij sturen' of 'u ontvangt'."
0251_paspoort-id-kaart_nederlandse-pasfotos-laten-maken_pasfoto-azerbeidzjan.txt,https://www.nederlandwereldwijd.nl/paspoort-id-kaart/nederlandse-pasfotos-laten-maken/pasfoto-azerbeidzjan,Nederlandse pasfoto's laten maken in Azerbeidzjan | NederlandWereldwijd,9,lange-zin,advies,"Reist u voor het aanvragen van een paspoort, ID-kaart of visum al naar de ambassade in Turkije, de Verenigde Arabische E...","Reist u voor het aanvragen van een paspoort, ID-kaart of visum al naar de ambassade in Turkije, de Verenigde Arabische E...",Zin van 23 woorden; boven de 20 wordt een zin lastig te volgen.,Knip de zin in tweeën.
0264_paspoort-id-kaart_nederlandse-pasfotos-laten-maken_pasfoto-brazilie.txt,https://www.nederlandwereldwijd.nl/paspoort-id-kaart/nederlandse-pasfotos-laten-maken/pasfoto-brazilie,Nederlandse pasfoto's laten maken in Brazilië | NederlandWereldwijd,4,lange-zin,advies,"Let op: Ook al gaat u naar een fotograaf die bekend is met de Nederlandse eisen, dan nog kan het soms voorkomen dat de f...","Let op: Ook al gaat u naar een fotograaf die bekend is met de Nederlandse eisen, dan nog kan het soms voorkomen dat de f...",Zin van 27 woorden; boven de 20 wordt een zin lastig te volgen.,Knip de zin in tweeën.
0363_paspoort-id-kaart_nederlandse-pasfotos-laten-maken_pasfoto-mexico.txt,https://www.nederlandwereldwijd.nl/paspoort-id-kaart/nederlandse-pasfotos-laten-maken/pasfoto-mexico,Nederlandse pasfoto's laten maken in Mexico | NederlandWereldwijd,28,schrijfwijze,hoog,Email,Email: fotomercado28@gmail.com,Afwijkende schrijfwijze van een term die elders op de site anders wordt geschreven.,Schrijf 'e-mail'.
0363_paspoort-id-kaart_nederlandse-pasfotos-laten-maken_pasfoto-mexico.txt,https://www.nederlandwereldwijd.nl/paspoort-id-kaart/nederlandse-pasfotos-laten-maken/pasfoto-mexico,Nederlandse pasfoto's laten maken in Mexico | NederlandWereldwijd,39,schrijfwijze,hoog,Email,Email: feloeza@gmail.com,Afwijkende schrijfwijze van een term die elders op de site anders wordt geschreven.,Schrijf 'e-mail'.
0414_paspoort-id-kaart_nederlandse-pasfotos-laten-maken_pasfoto-servie.txt,https://www.nederlandwereldwijd.nl/paspoort-id-kaart/nederlandse-pasfotos-laten-maken/pasfoto-servie,Nederlandse pasfoto's laten maken in Servië | NederlandWereldwijd,17,schrijfwijze,hoog,Email,Email: fotonegatron@gmail.com,Afwijkende schrijfwijze van een term die elders op de site anders wordt geschreven.,Schrijf 'e-mail'.
0421_paspoort-id-kaart_nederlandse-pasfotos-laten-maken_pasfoto-spanje.txt,https://www.nederlandwereldwijd.nl/paspoort-id-kaart/nederlandse-pasfotos-laten-maken/pasfoto-spanje,Nederlandse pasfoto's laten maken in Spanje | NederlandWereldwijd,4,lange-zin,advies,"Let op: Ook al gaat u naar een fotograaf die bekend is met de Nederlandse eisen, dan nog kan het soms voorkomen dat de f...","Let op: Ook al gaat u naar een fotograaf die bekend is met de Nederlandse eisen, dan nog kan het soms voorkomen dat de f...",Zin van 27 woorden; boven de 20 wordt een zin lastig te volgen.,Knip de zin in tweeën.
0421_paspoort-id-kaart_nederlandse-pasfotos-laten-maken_pasfoto-spanje.txt,https://www.nederlandwereldwijd.nl/paspoort-id-kaart/nederlandse-pasfotos-laten-maken/pasfoto-spanje,Nederlandse pasfoto's laten maken in Spanje | NederlandWereldwijd,18,schrijfwijze,hoog,Email,Email: photoestudio355@hotmail.com,Afwijkende schrijfwijze van een term die elders op de site anders wordt geschreven.,Schrijf 'e-mail'.
0447_paspoort-id-kaart_nederlandse-pasfotos-laten-maken_pasfoto-verenigde-staten-van-.txt,https://www.nederlandwereldwijd.nl/paspoort-id-kaart/nederlandse-pasfotos-laten-maken/pasfoto-verenigde-staten-van-amerika,Nederlandse pasfoto's laten maken in de Verenigde Staten van Amerika | NederlandWereldwijd,27,schrijfwijze,hoog,Email,Email: info@leetone.com,Afwijkende schrijfwijze van een term die elders op de site anders wordt geschreven.,Schrijf 'e-mail'.
0447_paspoort-id-kaart_nederlandse-pasfotos-laten-maken_pasfoto-verenigde-staten-van-.txt,https://www.nederlandwereldwijd.nl/paspoort-id-kaart/nederlandse-pasfotos-laten-maken/pasfoto-verenigde-staten-van-amerika,Nederlandse pasfoto's laten maken in de Verenigde Staten van Amerika | NederlandWereldwijd,104,schrijfwijze,hoog,Email,Email: pdxfingerprint@gmail.com,Afwijkende schrijfwijze van een term die elders op de site anders wordt geschreven.,Schrijf 'e-mail'.
0458_paspoort-id-kaart_nooddocument_afghanistan.txt,https://www.nederlandwereldwijd.nl/paspoort-id-kaart/nooddocument/afghanistan,Nooddocument aanvragen in Afghanistan | NederlandWereldwijd,5,lange-zin,advies,Neem dan contact op het het contactcenter van NederlandWereldwijd op telefoonnummer +31 247 247 247 of via WhatsApp: +31...,Neem dan contact op het het contactcenter van NederlandWereldwijd op telefoonnummer +31 247 247 247 of via WhatsApp: +31...,Zin van 22 woorden; boven de 20 wordt een zin lastig te volgen.,Knip de zin in tweeën.
0459_paspoort-id-kaart_nooddocument_albanie.txt,https://www.nederlandwereldwijd.nl/paspoort-id-kaart/nooddocument/albanie,Nooddocument aanvragen in Albanië | NederlandWereldwijd,24,lange-zin,advies,Ga daarom op zoek naar een fotograaf die bekend is met de eisen aan een pasfoto voor een Nederlands paspoort of ID-kaart...,Ga daarom op zoek naar een fotograaf die bekend is met de eisen aan een pasfoto voor een Nederlands paspoort of ID-kaart...,Zin van 22 woorden; boven de 20 wordt een zin lastig te volgen.,Knip de zin in tweeën.
0459_paspoort-id-kaart_nooddocument_albanie.txt,https://www.nederlandwereldwijd.nl/paspoort-id-kaart/nooddocument/albanie,Nooddocument aanvragen in Albanië | NederlandWereldwijd,34,lijdende-vorm,advies,worden aanvragen niet verwerkt,In het weekend is de ambassade gesloten en worden aanvragen niet verwerkt.,Lijdende vorm: de lezer ziet niet wie er iets doet.,"Schrijf actief, bijvoorbeeld 'wij sturen' of 'u ontvangt'."
0459_paspoort-id-kaart_nooddocument_albanie.txt,https://www.nederlandwereldwijd.nl/paspoort-id-kaart/nooddocument/albanie,Nooddocument aanvragen in Albanië | NederlandWereldwijd,57,lange-zin,advies,Als u weer thuis bent levert u uw laissez-passer in bij uw gemeente en vraagt u daar een nieuw paspoort of ID-kaart aan.,Als u weer thuis bent levert u uw laissez-passer in bij uw gemeente en vraagt u daar een nieuw paspoort of ID-kaart aan.,Zin van 23 woorden; boven de 20 wordt een zin lastig te volgen.,Knip de zin in tweeën.
0460_paspoort-id-kaart_nooddocument_algerije.txt,https://www.nederlandwereldwijd.nl/paspoort-id-kaart/nooddocument/algerije,Nooddocument aanvragen in Algerije | NederlandWereldwijd,26,lange-zin,advies,Ga daarom op zoek naar een fotograaf die bekend is met de eisen aan een pasfoto voor een Nederlands paspoort of ID-kaart...,Ga daarom op zoek naar een fotograaf die bekend is met de eisen aan een pasfoto voor een Nederlands paspoort of ID-kaart...,Zin van 22 woorden; boven de 20 wordt een zin lastig te volgen.,Knip de zin in tweeën.
0460_paspoort-id-kaart_nooddocument_algerije.txt,https://www.nederlandwereldwijd.nl/paspoort-id-kaart/nooddocument/algerije,Nooddocument aanvragen in Algerije | NederlandWereldwijd,36,lijdende-vorm,advies,worden aanvragen niet verwerkt,In het weekend is de ambassade gesloten en worden aanvragen niet verwerkt.,Lijdende vorm: de lezer ziet niet wie er iets doet.,"Schrijf actief, bijvoorbeeld 'wij sturen' of 'u ontvangt'."
0460_paspoort-id-kaart_nooddocument_algerije.txt,https://www.nederlandwereldwijd.nl/paspoort-id-kaart/nooddocument/algerije,Nooddocument aanvragen in Algerije | NederlandWereldwijd,59,lange-zin,advies,Als u weer thuis bent levert u uw laissez-passer in bij uw gemeente en vraagt u daar een nieuw paspoort of ID-kaart aan.,Als u weer thuis bent levert u uw laissez-passer in bij uw gemeente en vraagt u daar een nieuw paspoort of ID-kaart aan.,Zin van 23 woorden; boven de 20 wordt een zin lastig te volgen.,Knip de zin in tweeën.
0461_paspoort-id-kaart_nooddocument_amerikaans-samoa.txt,https://www.nederlandwereldwijd.nl/paspoort-id-kaart/nooddocument/amerikaans-samoa,Nooddocument aanvragen op Amerikaans-Samoa | NederlandWereldwijd,24,lange-zin,advies,Ga daarom op zoek naar een fotograaf die bekend is met de eisen aan een pasfoto voor een Nederlands paspoort of ID-kaart...,Ga daarom op zoek naar een fotograaf die bekend is met de eisen aan een pasfoto voor een Nederlands paspoort of ID-kaart...,Zin van 22 woorden; boven de 20 wordt een zin lastig te volgen.,Knip de zin in tweeën.
0461_paspoort-id-kaart_nooddocument_amerikaans-samoa.txt,https://www.nederlandwereldwijd.nl/paspoort-id-kaart/nooddocument/amerikaans-samoa,Nooddocument aanvragen op Amerikaans-Samoa | NederlandWereldwijd,34,lijdende-vorm,advies,worden aanvragen niet verwerkt,In het weekend is de ambassade gesloten en worden aanvragen niet verwerkt.,Lijdende vorm: de lezer ziet niet wie er iets doet.,"Schrijf actief, bijvoorbeeld 'wij sturen' of 'u ontvangt'."
0461_paspoort-id-kaart_nooddocument_amerikaans-samoa.txt,https://www.nederlandwereldwijd.nl/paspoort-id-kaart/nooddocument/amerikaans-samoa,Nooddocument aanvragen op Amerikaans-Samoa | NederlandWereldwijd,57,lange-zin,advies,Als u weer thuis bent levert u uw laissez-passer in bij uw gemeente en vraagt u daar een nieuw paspoort of ID-kaart aan.,Als u weer thuis bent levert u uw laissez-passer in bij uw gemeente en vraagt u daar een nieuw paspoort of ID-kaart aan.,Zin van 23 woorden; boven de 20 wordt een zin lastig te volgen.,Knip de zin in tweeën.
0462_paspoort-id-kaart_nooddocument_amerikaanse-maagdeneilanden.txt,https://www.nederlandwereldwijd.nl/paspoort-id-kaart/nooddocument/amerikaanse-maagdeneilanden,Nooddocument aanvragen op de Amerikaanse Maagdeneilanden | NederlandWereldwijd,24,lange-zin,advies,Ga daarom op zoek naar een fotograaf die bekend is met de eisen aan een pasfoto voor een Nederlands paspoort of ID-kaart...,Ga daarom op zoek naar een fotograaf die bekend is met de eisen aan een pasfoto voor een Nederlands paspoort of ID-kaart...,Zin van 22 woorden; boven de 20 wordt een zin lastig te volgen.,Knip de zin in tweeën.
0462_paspoort-id-kaart_nooddocument_amerikaanse-maagdeneilanden.txt,https://www.nederlandwereldwijd.nl/paspoort-id-kaart/nooddocument/amerikaanse-maagdeneilanden,Nooddocument aanvragen op de Amerikaanse Maagdeneilanden | NederlandWereldwijd,34,lijdende-vorm,advies,worden aanvragen niet verwerkt,In het weekend is het consulaat-generaal gesloten en worden aanvragen niet verwerkt.,Lijdende vorm: de lezer ziet niet wie er iets doet.,"Schrijf actief, bijvoorbeeld 'wij sturen' of 'u ontvangt'."
0462_paspoort-id-kaart_nooddocument_amerikaanse-maagdeneilanden.txt,https://www.nederlandwereldwijd.nl/paspoort-id-kaart/nooddocument/amerikaanse-maagdeneilanden,Nooddocument aanvragen op de Amerikaanse Maagdeneilanden | NederlandWereldwijd,47,lange-zin,advies,In het overzicht van de consulaire tarieven in de Verenigde Staten van Amerika ziet u wat een nooddocument kost en hoe u...,In het overzicht van de consulaire tarieven in de Verenigde Staten van Amerika ziet u wat een nooddocument kost en hoe u...,Zin van 24 woorden; boven de 20 wordt een zin lastig te volgen.,Knip de zin in tweeën.
0462_paspoort-id-kaart_nooddocument_amerikaanse-maagdeneilanden.txt,https://www.nederlandwereldwijd.nl/paspoort-id-kaart/nooddocument/amerikaanse-maagdeneilanden,Nooddocument aanvragen op de Amerikaanse Maagdeneilanden | NederlandWereldwijd,57,lange-zin,advies,Als u weer thuis bent levert u uw laissez-passer in bij uw gemeente en vraagt u daar een nieuw paspoort of ID-kaart aan.,Als u weer thuis bent levert u uw laissez-passer in bij uw gemeente en vraagt u daar een nieuw paspoort of ID-kaart aan.,Zin van 23 woorden; boven de 20 wordt een zin lastig te volgen.,Knip de zin in tweeën.
0463_paspoort-id-kaart_nooddocument_andorra.txt,https://www.nederlandwereldwijd.nl/paspoort-id-kaart/nooddocument/andorra,Nooddocument aanvragen in Andorra | NederlandWereldwijd,24,lange-zin,advies,Ga daarom op zoek naar een fotograaf die bekend is met de eisen aan een pasfoto voor een Nederlands paspoort of ID-kaart...,Ga daarom op zoek naar een fotograaf die bekend is met de eisen aan een pasfoto voor een Nederlands paspoort of ID-kaart...,Zin van 22 woorden; boven de 20 wordt een zin lastig te volgen.,Knip de zin in tweeën.
0463_paspoort-id-kaart_nooddocument_andorra.txt,https://www.nederlandwereldwijd.nl/paspoort-id-kaart/nooddocument/andorra,Nooddocument aanvragen in Andorra | NederlandWereldwijd,34,lijdende-vorm,advies,worden aanvragen niet verwerkt,In het weekend is de ambassade gesloten en worden aanvragen niet verwerkt.,Lijdende vorm: de lezer ziet niet wie er iets doet.,"Schrijf actief, bijvoorbeeld 'wij sturen' of 'u ontvangt'."
0463_paspoort-id-kaart_nooddocument_andorra.txt,https://www.nederlandwereldwijd.nl/paspoort-id-kaart/nooddocument/andorra,Nooddocument aanvragen in Andorra | NederlandWereldwijd,57,lange-zin,advies,Als u weer thuis bent levert u uw laissez-passer in bij uw gemeente en vraagt u daar een nieuw paspoort of ID-kaart aan.,Als u weer thuis bent levert u uw laissez-passer in bij uw gemeente en vraagt u daar een nieuw paspoort of ID-kaart aan.,Zin van 23 woorden; boven de 20 wordt een zin lastig te volgen.,Knip de zin in tweeën.
0464_paspoort-id-kaart_nooddocument_angola.txt,https://www.nederlandwereldwijd.nl/paspoort-id-kaart/nooddocument/angola,Nooddocument aanvragen in Angola | NederlandWereldwijd,24,lange-zin,advies,Ga daarom op zoek naar een fotograaf die bekend is met de eisen aan een pasfoto voor een Nederlands paspoort of ID-kaart...,Ga daarom op zoek naar een fotograaf die bekend is met de eisen aan een pasfoto voor een Nederlands paspoort of ID-kaart...,Zin van 22 woorden; boven de 20 wordt een zin lastig te volgen.,Knip de zin in tweeën.
0464_paspoort-id-kaart_nooddocument_angola.txt,https://www.nederlandwereldwijd.nl/paspoort-id-kaart/nooddocument/angola,Nooddocument aanvragen in Angola | NederlandWereldwijd,34,lijdende-vorm,advies,worden aanvragen niet verwerkt,In het weekend is de ambassade gesloten en worden aanvragen niet verwerkt.,Lijdende vorm: de lezer ziet niet wie er iets doet.,"Schrijf actief, bijvoorbeeld 'wij sturen' of 'u ontvangt'."
0464_paspoort-id-kaart_nooddocument_angola.txt,https://www.nederlandwereldwijd.nl/paspoort-id-kaart/nooddocument/angola,Nooddocument aanvragen in Angola | NederlandWereldwijd,57,lange-zin,advies,Als u weer thuis bent levert u uw laissez-passer in bij uw gemeente en vraagt u daar een nieuw paspoort of ID-kaart aan.,Als u weer thuis bent levert u uw laissez-passer in bij uw gemeente en vraagt u daar een nieuw paspoort of ID-kaart aan.,Zin van 23 woorden; boven de 20 wordt een zin lastig te volgen.,Knip de zin in tweeën.
0465_paspoort-id-kaart_nooddocument_anguilla.txt,https://www.nederlandwereldwijd.nl/paspoort-id-kaart/nooddocument/anguilla,Nooddocument aanvragen in Anguilla | NederlandWereldwijd,24,lange-zin,advies,Ga daarom op zoek naar een fotograaf die bekend is met de eisen aan een pasfoto voor een Nederlands paspoort of ID-kaart...,Ga daarom op zoek naar een fotograaf die bekend is met de eisen aan een pasfoto voor een Nederlands paspoort of ID-kaart...,Zin van 22 woorden; boven de 20 wordt een zin lastig te volgen.,Knip de zin in tweeën.
0465_paspoort-id-kaart_nooddocument_anguilla.txt,https://www.nederlandwereldwijd.nl/paspoort-id-kaart/nooddocument/anguilla,Nooddocument aanvragen in Anguilla | NederlandWereldwijd,34,lijdende-vorm,advies,worden aanvragen niet verwerkt,In het weekend is de ambassade gesloten en worden aanvragen niet verwerkt.,Lijdende vorm: de lezer ziet niet wie er iets doet.,"Schrijf actief, bijvoorbeeld 'wij sturen' of 'u ontvangt'."
0465_paspoort-id-kaart_nooddocument_anguilla.txt,https://www.nederlandwereldwijd.nl/paspoort-id-kaart/nooddocument/anguilla,Nooddocument aanvragen in Anguilla | NederlandWereldwijd,47,lange-zin,advies,In het overzicht van de consulaire tarieven in Trinidad en Tobago ziet u wat een nooddocument kost en hoe u kunt betalen...,In het overzicht van de consulaire tarieven in Trinidad en Tobago ziet u wat een nooddocument kost en hoe u kunt betalen...,Zin van 22 woorden; boven de 20 wordt een zin lastig te volgen.,Knip de zin in tweeën.
0465_paspoort-id-kaart_nooddocument_anguilla.txt,https://www.nederlandwereldwijd.nl/paspoort-id-kaart/nooddocument/anguilla,Nooddocument aanvragen in Anguilla | NederlandWereldwijd,57,lange-zin,advies,Als u weer thuis bent levert u uw laissez-passer in bij uw gemeente en vraagt u daar een nieuw paspoort of ID-kaart aan.,Als u weer thuis bent levert u uw laissez-passer in bij uw gemeente en vraagt u daar een nieuw paspoort of ID-kaart aan.,Zin van 23 woorden; boven de 20 wordt een zin lastig te volgen.,Knip de zin in tweeën.
0466_paspoort-id-kaart_nooddocument_antigua-en-barbuda.txt,https://www.nederlandwereldwijd.nl/paspoort-id-kaart/nooddocument/antigua-en-barbuda,Nooddocument aanvragen in Antigua en Barbuda | NederlandWereldwijd,24,lange-zin,advies,Ga daarom op zoek naar een fotograaf die bekend is met de eisen aan een pasfoto voor een Nederlands paspoort of ID-kaart...,Ga daarom op zoek naar een fotograaf die bekend is met de eisen aan een pasfoto voor een Nederlands paspoort of ID-kaart...,Zin van 22 woorden; boven de 20 wordt een zin lastig te volgen.,Knip de zin in tweeën.
0466_paspoort-id-kaart_nooddocument_antigua-en-barbuda.txt,https://www.nederlandwereldwijd.nl/paspoort-id-kaart/nooddocument/antigua-en-barbuda,Nooddocument aanvragen in Antigua en Barbuda | NederlandWereldwijd,34,lijdende-vorm,advies,worden aanvragen niet verwerkt,In het weekend is de ambassade gesloten en worden aanvragen niet verwerkt.,Lijdende vorm: de lezer ziet niet wie er iets doet.,"Schrijf actief, bijvoorbeeld 'wij sturen' of 'u ontvangt'."
0466_paspoort-id-kaart_nooddocument_antigua-en-barbuda.txt,https://www.nederlandwereldwijd.nl/paspoort-id-kaart/nooddocument/antigua-en-barbuda,Nooddocument aanvragen in Antigua en Barbuda | NederlandWereldwijd,47,lange-zin,advies,In het overzicht van de consulaire tarieven in Trinidad en Tobago ziet u wat een nooddocument kost en hoe u kunt betalen...,In het overzicht van de consulaire tarieven in Trinidad en Tobago ziet u wat een nooddocument kost en hoe u kunt betalen...,Zin van 22 woorden; boven de 20 wordt een zin lastig te volgen.,Knip de zin in tweeën.
0466_paspoort-id-kaart_nooddocument_antigua-en-barbuda.txt,https://www.nederlandwereldwijd.nl/paspoort-id-kaart/nooddocument/antigua-en-barbuda,Nooddocument aanvragen in Antigua en Barbuda | NederlandWereldwijd,57,lange-zin,advies,Als u weer thuis bent levert u uw laissez-passer in bij uw gemeente en vraagt u daar een nieuw paspoort of ID-kaart aan.,Als u weer thuis bent levert u uw laissez-passer in bij uw gemeente en vraagt u daar een nieuw paspoort of ID-kaart aan.,Zin van 23 woorden; boven de 20 wordt een zin lastig te volgen.,Knip de zin in tweeën.
0467_paspoort-id-kaart_nooddocument_argentinie.txt,https://www.nederlandwereldwijd.nl/paspoort-id-kaart/nooddocument/argentinie,Nooddocument aanvragen in Argentinië | NederlandWereldwijd,24,lange-zin,advies,Ga daarom op zoek naar een fotograaf die bekend is met de eisen aan een pasfoto voor een Nederlands paspoort of ID-kaart...,Ga daarom op zoek naar een fotograaf die bekend is met de eisen aan een pasfoto voor een Nederlands paspoort of ID-kaart...,Zin van 22 woorden; boven de 20 wordt een zin lastig te volgen.,Knip de zin in tweeën.
0467_paspoort-id-kaart_nooddocument_argentinie.txt,https://www.nederlandwereldwijd.nl/paspoort-id-kaart/nooddocument/argentinie,Nooddocument aanvragen in Argentinië | NederlandWereldwijd,34,lijdende-vorm,advies,worden aanvragen niet verwerkt,In het weekend is de ambassade gesloten en worden aanvragen niet verwerkt.,Lijdende vorm: de lezer ziet niet wie er iets doet.,"Schrijf actief, bijvoorbeeld 'wij sturen' of 'u ontvangt'."
0467_paspoort-id-kaart_nooddocument_argentinie.txt,https://www.nederlandwereldwijd.nl/paspoort-id-kaart/nooddocument/argentinie,Nooddocument aanvragen in Argentinië | NederlandWereldwijd,57,lange-zin,advies,Als u weer thuis bent levert u uw laissez-passer in bij uw gemeente en vraagt u daar een nieuw paspoort of ID-kaart aan.,Als u weer thuis bent levert u uw laissez-passer in bij uw gemeente en vraagt u daar een nieuw paspoort of ID-kaart aan.,Zin van 23 woorden; boven de 20 wordt een zin lastig te volgen.,Knip de zin in tweeën.
0468_paspoort-id-kaart_nooddocument_armenie.txt,https://www.nederlandwereldwijd.nl/paspoort-id-kaart/nooddocument/armenie,Nooddocument aanvragen in Armenië | NederlandWereldwijd,24,lange-zin,advies,Ga daarom op zoek naar een fotograaf die bekend is met de eisen aan een pasfoto voor een Nederlands paspoort of ID-kaart...,Ga daarom op zoek naar een fotograaf die bekend is met de eisen aan een pasfoto voor een Nederlands paspoort of ID-kaart...,Zin van 22 woorden; boven de 20 wordt een zin lastig te volgen.,Knip de zin in tweeën.
0468_paspoort-id-kaart_nooddocument_armenie.txt,https://www.nederlandwereldwijd.nl/paspoort-id-kaart/nooddocument/armenie,Nooddocument aanvragen in Armenië | NederlandWereldwijd,34,lijdende-vorm,advies,worden aanvragen niet verwerkt,In het weekend is de ambassade gesloten en worden aanvragen niet verwerkt.,Lijdende vorm: de lezer ziet niet wie er iets doet.,"Schrijf actief, bijvoorbeeld 'wij sturen' of 'u ontvangt'."
0468_paspoort-id-kaart_nooddocument_armenie.txt,https://www.nederlandwereldwijd.nl/paspoort-id-kaart/nooddocument/armenie,Nooddocument aanvragen in Armenië | NederlandWereldwijd,55,lange-zin,advies,Als u weer thuis bent levert u uw laissez-passer in bij uw gemeente en vraagt u daar een nieuw paspoort of ID-kaart aan.,Als u weer thuis bent levert u uw laissez-passer in bij uw gemeente en vraagt u daar een nieuw paspoort of ID-kaart aan.,Zin van 23 woorden; boven de 20 wordt een zin lastig te volgen.,Knip de zin in tweeën.
0469_paspoort-id-kaart_nooddocument_australie.txt,https://www.nederlandwereldwijd.nl/paspoort-id-kaart/nooddocument/australie,Nooddocument aanvragen in Australië | NederlandWereldwijd,24,lange-zin,advies,Ga daarom op zoek naar een fotograaf die bekend is met de eisen aan een pasfoto voor een Nederlands paspoort of ID-kaart...,Ga daarom op zoek naar een fotograaf die bekend is met de eisen aan een pasfoto voor een Nederlands paspoort of ID-kaart...,Zin van 22 woorden; boven de 20 wordt een zin lastig te volgen.,Knip de zin in tweeën.
0469_paspoort-id-kaart_nooddocument_australie.txt,https://www.nederlandwereldwijd.nl/paspoort-id-kaart/nooddocument/australie,Nooddocument aanvragen in Australië | NederlandWereldwijd,34,lijdende-vorm,advies,worden aanvragen niet verwerkt,In het weekend is de ambassade gesloten en worden aanvragen niet verwerkt.,Lijdende vorm: de lezer ziet niet wie er iets doet.,"Schrijf actief, bijvoorbeeld 'wij sturen' of 'u ontvangt'."
0469_paspoort-id-kaart_nooddocument_australie.txt,https://www.nederlandwereldwijd.nl/paspoort-id-kaart/nooddocument/australie,Nooddocument aanvragen in Australië | NederlandWereldwijd,57,lange-zin,advies,Als u weer thuis bent levert u uw laissez-passer in bij uw gemeente en vraagt u daar een nieuw paspoort of ID-kaart aan.,Als u weer thuis bent levert u uw laissez-passer in bij uw gemeente en vraagt u daar een nieuw paspoort of ID-kaart aan.,Zin van 23 woorden; boven de 20 wordt een zin lastig te volgen.,Knip de zin in tweeën.
0470_paspoort-id-kaart_nooddocument_azerbeidzjan.txt,https://www.nederlandwereldwijd.nl/paspoort-id-kaart/nooddocument/azerbeidzjan,Nooddocument aanvragen in Azerbeidzjan | NederlandWereldwijd,24,lange-zin,advies,Ga daarom op zoek naar een fotograaf die bekend is met de eisen aan een pasfoto voor een Nederlands paspoort of ID-kaart...,Ga daarom op zoek naar een fotograaf die bekend is met de eisen aan een pasfoto voor een Nederlands paspoort of ID-kaart...,Zin van 22 woorden; boven de 20 wordt een zin lastig te volgen.,Knip de zin in tweeën.
0470_paspoort-id-kaart_nooddocument_azerbeidzjan.txt,https://www.nederlandwereldwijd.nl/paspoort-id-kaart/nooddocument/azerbeidzjan,Nooddocument aanvragen in Azerbeidzjan | NederlandWereldwijd,34,lijdende-vorm,advies,worden aanvragen niet verwerkt,In het weekend is de ambassade gesloten en worden aanvragen niet verwerkt.,Lijdende vorm: de lezer ziet niet wie er iets doet.,"Schrijf actief, bijvoorbeeld 'wij sturen' of 'u ontvangt'."
0470_paspoort-id-kaart_nooddocument_azerbeidzjan.txt,https://www.nederlandwereldwijd.nl/paspoort-id-kaart/nooddocument/azerbeidzjan,Nooddocument aanvragen in Azerbeidzjan | NederlandWereldwijd,59,lange-zin,advies,Als u weer thuis bent levert u uw laissez-passer in bij uw gemeente en vraagt u daar een nieuw paspoort of ID-kaart aan.,Als u weer thuis bent levert u uw laissez-passer in bij uw gemeente en vraagt u daar een nieuw paspoort of ID-kaart aan.,Zin van 23 woorden; boven de 20 wordt een zin lastig te volgen.,Knip de zin in tweeën.
0471_paspoort-id-kaart_nooddocument_bahamas.txt,https://www.nederlandwereldwijd.nl/paspoort-id-kaart/nooddocument/bahamas,Nooddocument aanvragen op de Bahama's | NederlandWereldwijd,24,lange-zin,advies,Ga daarom op zoek naar een fotograaf die bekend is met de eisen aan een pasfoto voor een Nederlands paspoort of ID-kaart...,Ga daarom op zoek naar een fotograaf die bekend is met de eisen aan een pasfoto voor een Nederlands paspoort of ID-kaart...,Zin van 22 woorden; boven de 20 wordt een zin lastig te volgen.,Knip de zin in tweeën.
0471_paspoort-id-kaart_nooddocument_bahamas.txt,https://www.nederlandwereldwijd.nl/paspoort-id-kaart/nooddocument/bahamas,Nooddocument aanvragen op de Bahama's | NederlandWereldwijd,34,lijdende-vorm,advies,worden aanvragen niet verwerkt,In het weekend is het consulaat-generaal gesloten en worden aanvragen niet verwerkt.,Lijdende vorm: de lezer ziet niet wie er iets doet.,"Schrijf actief, bijvoorbeeld 'wij sturen' of 'u ontvangt'."
0471_paspoort-id-kaart_nooddocument_bahamas.txt,https://www.nederlandwereldwijd.nl/paspoort-id-kaart/nooddocument/bahamas,Nooddocument aanvragen op de Bahama's | NederlandWereldwijd,47,lange-zin,advies,In het overzicht van de consulaire tarieven in de Verenigde Staten van Amerika ziet u wat een nooddocument kost en hoe u...,In het overzicht van de consulaire tarieven in de Verenigde Staten van Amerika ziet u wat een nooddocument kost en hoe u...,Zin van 24 woorden; boven de 20 wordt een zin lastig te volgen.,Knip de zin in tweeën.
0471_paspoort-id-kaart_nooddocument_bahamas.txt,https://www.nederlandwereldwijd.nl/paspoort-id-kaart/nooddocument/bahamas,Nooddocument aanvragen op de Bahama's | NederlandWereldwijd,57,lange-zin,advies,Als u weer thuis bent levert u uw laissez-passer in bij uw gemeente en vraagt u daar een nieuw paspoort of ID-kaart aan.,Als u weer thuis bent levert u uw laissez-passer in bij uw gemeente en vraagt u daar een nieuw paspoort of ID-kaart aan.,Zin van 23 woorden; boven de 20 wordt een zin lastig te volgen.,Knip de zin in tweeën.
0472_paspoort-id-kaart_nooddocument_bahrein.txt,https://www.nederlandwereldwijd.nl/paspoort-id-kaart/nooddocument/bahrein,Nooddocument aanvragen in Bahrein | NederlandWereldwijd,24,lange-zin,advies,Ga daarom op zoek naar een fotograaf die bekend is met de eisen aan een pasfoto voor een Nederlands paspoort of ID-kaart...,Ga daarom op zoek naar een fotograaf die bekend is met de eisen aan een pasfoto voor een Nederlands paspoort of ID-kaart...,Zin van 22 woorden; boven de 20 wordt een zin lastig te volgen.,Knip de zin in tweeën.
0472_paspoort-id-kaart_nooddocument_bahrein.txt,https://www.nederlandwereldwijd.nl/paspoort-id-kaart/nooddocument/bahrein,Nooddocument aanvragen in Bahrein | NederlandWereldwijd,34,lijdende-vorm,advies,worden aanvragen niet verwerkt,In het weekend is de ambassade gesloten en worden aanvragen niet verwerkt.,Lijdende vorm: de lezer ziet niet wie er iets doet.,"Schrijf actief, bijvoorbeeld 'wij sturen' of 'u ontvangt'."
0472_paspoort-id-kaart_nooddocument_bahrein.txt,https://www.nederlandwereldwijd.nl/paspoort-id-kaart/nooddocument/bahrein,Nooddocument aanvragen in Bahrein | NederlandWereldwijd,57,lange-zin,advies,Als u weer thuis bent levert u uw laissez-passer in bij uw gemeente en vraagt u daar een nieuw paspoort of ID-kaart aan.,Als u weer thuis bent levert u uw laissez-passer in bij uw gemeente en vraagt u daar een nieuw paspoort of ID-kaart aan.,Zin van 23 woorden; boven de 20 wordt een zin lastig te volgen.,Knip de zin in tweeën.
0473_paspoort-id-kaart_nooddocument_bangladesh.txt,https://www.nederlandwereldwijd.nl/paspoort-id-kaart/nooddocument/bangladesh,Nooddocument aanvragen in Bangladesh | NederlandWereldwijd,24,lange-zin,advies,Ga daarom op zoek naar een fotograaf die bekend is met de eisen aan een pasfoto voor een Nederlands paspoort of ID-kaart...,Ga daarom op zoek naar een fotograaf die bekend is met de eisen aan een pasfoto voor een Nederlands paspoort of ID-kaart...,Zin van 22 woorden; boven de 20 wordt een zin lastig te volgen.,Knip de zin in tweeën.
0473_paspoort-id-kaart_nooddocument_bangladesh.txt,https://www.nederlandwereldwijd.nl/paspoort-id-kaart/nooddocument/bangladesh,Nooddocument aanvragen in Bangladesh | NederlandWereldwijd,34,lijdende-vorm,advies,worden aanvragen niet verwerkt,In het weekend is de ambassade gesloten en worden aanvragen niet verwerkt.,Lijdende vorm: de lezer ziet niet wie er iets doet.,"Schrijf actief, bijvoorbeeld 'wij sturen' of 'u ontvangt'."
0473_paspoort-id-kaart_nooddocument_bangladesh.txt,https://www.nederlandwereldwijd.nl/paspoort-id-kaart/nooddocument/bangladesh,Nooddocument aanvragen in Bangladesh | NederlandWereldwijd,57,lange-zin,advies,Als u weer thuis bent levert u uw laissez-passer in bij uw gemeente en vraagt u daar een nieuw paspoort of ID-kaart aan.,Als u weer thuis bent levert u uw laissez-passer in bij uw gemeente en vraagt u daar een nieuw paspoort of ID-kaart aan.,Zin van 23 woorden; boven de 20 wordt een zin lastig te volgen.,Knip de zin in tweeën.
0474_paspoort-id-kaart_nooddocument_barbados.txt,https://www.nederlandwereldwijd.nl/paspoort-id-kaart/nooddocument/barbados,Nooddocument aanvragen in Barbados | NederlandWereldwijd,24,lange-zin,advies,Ga daarom op zoek naar  een fototgraaf die bekend is met de eisen aan een pasfoto voor een Nederlands paspoort of ID-kaa...,Ga daarom op zoek naar  een fototgraaf die bekend is met de eisen aan een pasfoto voor een Nederlands paspoort of ID-kaa...,Zin van 22 woorden; boven de 20 wordt een zin lastig te volgen.,Knip de zin in tweeën.
0474_paspoort-id-kaart_nooddocument_barbados.txt,https://www.nederlandwereldwijd.nl/paspoort-id-kaart/nooddocument/barbados,Nooddocument aanvragen in Barbados | NederlandWereldwijd,34,lijdende-vorm,advies,worden aanvragen niet verwerkt,In het weekend is de ambassade gesloten en worden aanvragen niet verwerkt.,Lijdende vorm: de lezer ziet niet wie er iets doet.,"Schrijf actief, bijvoorbeeld 'wij sturen' of 'u ontvangt'."
0474_paspoort-id-kaart_nooddocument_barbados.txt,https://www.nederlandwereldwijd.nl/paspoort-id-kaart/nooddocument/barbados,Nooddocument aanvragen in Barbados | NederlandWereldwijd,47,lange-zin,advies,In het overzicht van de consulaire tarieven in Trinidad en Tobago ziet u wat een nooddocument kost en hoe u kunt betalen...,In het overzicht van de consulaire tarieven in Trinidad en Tobago ziet u wat een nooddocument kost en hoe u kunt betalen...,Zin van 22 woorden; boven de 20 wordt een zin lastig te volgen.,Knip de zin in tweeën.
0474_paspoort-id-kaart_nooddocument_barbados.txt,https://www.nederlandwereldwijd.nl/paspoort-id-kaart/nooddocument/barbados,Nooddocument aanvragen in Barbados | NederlandWereldwijd,57,lange-zin,advies,Als u weer thuis bent levert u uw laissez-passer in bij uw gemeente en vraagt u daar een nieuw paspoort of ID-kaart aan.,Als u weer thuis bent levert u uw laissez-passer in bij uw gemeente en vraagt u daar een nieuw paspoort of ID-kaart aan.,Zin van 23 woorden; boven de 20 wordt een zin lastig te volgen.,Knip de zin in tweeën.
0475_paspoort-id-kaart_nooddocument_belarus-wit-rusland.txt,https://www.nederlandwereldwijd.nl/paspoort-id-kaart/nooddocument/belarus-wit-rusland,Nooddocument aanvragen in Belarus (Wit Rusland) | NederlandWereldwijd,24,lange-zin,advies,Ga daarom op zoek naar een fotograaf die bekend is met de eisen aan een pasfoto voor een Nederlands paspoort of ID-kaart...,Ga daarom op zoek naar een fotograaf die bekend is met de eisen aan een pasfoto voor een Nederlands paspoort of ID-kaart...,Zin van 22 woorden; boven de 20 wordt een zin lastig te volgen.,Knip de zin in tweeën.
0475_paspoort-id-kaart_nooddocument_belarus-wit-rusland.txt,https://www.nederlandwereldwijd.nl/paspoort-id-kaart/nooddocument/belarus-wit-rusland,Nooddocument aanvragen in Belarus (Wit Rusland) | NederlandWereldwijd,34,lijdende-vorm,advies,worden aanvragen niet verwerkt,In het weekend is het ambassadekantoor gesloten en worden aanvragen niet verwerkt.,Lijdende vorm: de lezer ziet niet wie er iets doet.,"Schrijf actief, bijvoorbeeld 'wij sturen' of 'u ontvangt'."
0475_paspoort-id-kaart_nooddocument_belarus-wit-rusland.txt,https://www.nederlandwereldwijd.nl/paspoort-id-kaart/nooddocument/belarus-wit-rusland,Nooddocument aanvragen in Belarus (Wit Rusland) | NederlandWereldwijd,48,lange-zin,advies,In het overzicht van de consulaire tarieven in Belarus (Wit-Rusland) ziet u wat een nooddocument kost en hoe u kunt beta...,In het overzicht van de consulaire tarieven in Belarus (Wit-Rusland) ziet u wat een nooddocument kost en hoe u kunt beta...,Zin van 21 woorden; boven de 20 wordt een zin lastig te volgen.,Knip de zin in tweeën.
0475_paspoort-id-kaart_nooddocument_belarus-wit-rusland.txt,https://www.nederlandwereldwijd.nl/paspoort-id-kaart/nooddocument/belarus-wit-rusland,Nooddocument aanvragen in Belarus (Wit Rusland) | NederlandWereldwijd,58,lange-zin,advies,Als u weer thuis bent levert u uw laissez-passer in bij uw gemeente en vraagt u daar een nieuw paspoort of ID-kaart aan.,Als u weer thuis bent levert u uw laissez-passer in bij uw gemeente en vraagt u daar een nieuw paspoort of ID-kaart aan.,Zin van 23 woorden; boven de 20 wordt een zin lastig te volgen.,Knip de zin in tweeën.
0476_paspoort-id-kaart_nooddocument_belgie.txt,https://www.nederlandwereldwijd.nl/paspoort-id-kaart/nooddocument/belgie,Nooddocument aanvragen in België | NederlandWereldwijd,4,lange-zin,advies,Neem contact op met de ambassade van het land waar u naartoe reist om te checken of u met een noodpaspoort naar dat land...,Neem contact op met de ambassade van het land waar u naartoe reist om te checken of u met een noodpaspoort naar dat land...,Zin van 26 woorden; boven de 20 wordt een zin lastig te volgen.,Knip de zin in tweeën.
0477_paspoort-id-kaart_nooddocument_belize.txt,https://www.nederlandwereldwijd.nl/paspoort-id-kaart/nooddocument/belize,Nooddocument aanvragen in Belize | NederlandWereldwijd,24,lange-zin,advies,Ga daarom op zoek naar een fotograaf die bekend is met de eisen aan een pasfoto voor een Nederlands paspoort of ID-kaart...,Ga daarom op zoek naar een fotograaf die bekend is met de eisen aan een pasfoto voor een Nederlands paspoort of ID-kaart...,Zin van 22 woorden; boven de 20 wordt een zin lastig te volgen.,Knip de zin in tweeën.
0477_paspoort-id-kaart_nooddocument_belize.txt,https://www.nederlandwereldwijd.nl/paspoort-id-kaart/nooddocument/belize,Nooddocument aanvragen in Belize | NederlandWereldwijd,34,lijdende-vorm,advies,worden aanvragen niet verwerkt,In het weekend is de ambassade gesloten en worden aanvragen niet verwerkt.,Lijdende vorm: de lezer ziet niet wie er iets doet.,"Schrijf actief, bijvoorbeeld 'wij sturen' of 'u ontvangt'."
0477_paspoort-id-kaart_nooddocument_belize.txt,https://www.nederlandwereldwijd.nl/paspoort-id-kaart/nooddocument/belize,Nooddocument aanvragen in Belize | NederlandWereldwijd,57,lange-zin,advies,Als u weer thuis bent levert u uw laissez-passer in bij uw gemeente en vraagt u daar een nieuw paspoort of ID-kaart aan.,Als u weer thuis bent levert u uw laissez-passer in bij uw gemeente en vraagt u daar een nieuw paspoort of ID-kaart aan.,Zin van 23 woorden; boven de 20 wordt een zin lastig te volgen.,Knip de zin in tweeën.
0478_paspoort-id-kaart_nooddocument_benin.txt,https://www.nederlandwereldwijd.nl/paspoort-id-kaart/nooddocument/benin,Nooddocument aanvragen in Benin | NederlandWereldwijd,24,lange-zin,advies,Ga daarom op zoek naar een fotograaf die bekend is met de eisen aan een pasfoto voor een Nederlands paspoort of ID-kaart...,Ga daarom op zoek naar een fotograaf die bekend is met de eisen aan een pasfoto voor een Nederlands paspoort of ID-kaart...,Zin van 22 woorden; boven de 20 wordt een zin lastig te volgen.,Knip de zin in tweeën.
0478_paspoort-id-kaart_nooddocument_benin.txt,https://www.nederlandwereldwijd.nl/paspoort-id-kaart/nooddocument/benin,Nooddocument aanvragen in Benin | NederlandWereldwijd,34,lijdende-vorm,advies,worden aanvragen niet verwerkt,In het weekend is de ambassade gesloten en worden aanvragen niet verwerkt.,Lijdende vorm: de lezer ziet niet wie er iets doet.,"Schrijf actief, bijvoorbeeld 'wij sturen' of 'u ontvangt'."
0478_paspoort-id-kaart_nooddocument_benin.txt,https://www.nederlandwereldwijd.nl/paspoort-id-kaart/nooddocument/benin,Nooddocument aanvragen in Benin | NederlandWereldwijd,58,lange-zin,advies,Als u weer thuis bent levert u uw laissez-passer in bij uw gemeente en vraagt u daar een nieuw paspoort of ID-kaart aan.,Als u weer thuis bent levert u uw laissez-passer in bij uw gemeente en vraagt u daar een nieuw paspoort of ID-kaart aan.,Zin van 23 woorden; boven de 20 wordt een zin lastig te volgen.,Knip de zin in tweeën.
0479_paspoort-id-kaart_nooddocument_bhutan.txt,https://www.nederlandwereldwijd.nl/paspoort-id-kaart/nooddocument/bhutan,Nooddocument aanvragen in Bhutan | NederlandWereldwijd,24,lange-zin,advies,Ga daarom op zoek naar een fotograaf die bekend is met de eisen aan een pasfoto voor een Nederlands paspoort of ID-kaart...,Ga daarom op zoek naar een fotograaf die bekend is met de eisen aan een pasfoto voor een Nederlands paspoort of ID-kaart...,Zin van 22 woorden; boven de 20 wordt een zin lastig te volgen.,Knip de zin in tweeën.
0479_paspoort-id-kaart_nooddocument_bhutan.txt,https://www.nederlandwereldwijd.nl/paspoort-id-kaart/nooddocument/bhutan,Nooddocument aanvragen in Bhutan | NederlandWereldwijd,34,lijdende-vorm,advies,worden aanvragen niet verwerkt,In het weekend is de ambassade gesloten en worden aanvragen niet verwerkt.,Lijdende vorm: de lezer ziet niet wie er iets doet.,"Schrijf actief, bijvoorbeeld 'wij sturen' of 'u ontvangt'."
0479_paspoort-id-kaart_nooddocument_bhutan.txt,https://www.nederlandwereldwijd.nl/paspoort-id-kaart/nooddocument/bhutan,Nooddocument aanvragen in Bhutan | NederlandWereldwijd,57,lange-zin,advies,Als u weer thuis bent levert u uw laissez-passer in bij uw gemeente en vraagt u daar een nieuw paspoort of ID-kaart aan.,Als u weer thuis bent levert u uw laissez-passer in bij uw gemeente en vraagt u daar een nieuw paspoort of ID-kaart aan.,Zin van 23 woorden; boven de 20 wordt een zin lastig te volgen.,Knip de zin in tweeën.
0480_paspoort-id-kaart_nooddocument_bolivia.txt,https://www.nederlandwereldwijd.nl/paspoort-id-kaart/nooddocument/bolivia,Nooddocument aanvragen in Bolivia | NederlandWereldwijd,24,lange-zin,advies,Ga daarom op zoek naar een fotograaf die bekend is met de eisen aan een pasfoto voor een Nederlands paspoort of ID-kaart...,Ga daarom op zoek naar een fotograaf die bekend is met de eisen aan een pasfoto voor een Nederlands paspoort of ID-kaart...,Zin van 22 woorden; boven de 20 wordt een zin lastig te volgen.,Knip de zin in tweeën.
0480_paspoort-id-kaart_nooddocument_bolivia.txt,https://www.nederlandwereldwijd.nl/paspoort-id-kaart/nooddocument/bolivia,Nooddocument aanvragen in Bolivia | NederlandWereldwijd,34,lijdende-vorm,advies,worden aanvragen niet verwerkt,In het weekend is de ambassade gesloten en worden aanvragen niet verwerkt.,Lijdende vorm: de lezer ziet niet wie er iets doet.,"Schrijf actief, bijvoorbeeld 'wij sturen' of 'u ontvangt'."
0480_paspoort-id-kaart_nooddocument_bolivia.txt,https://www.nederlandwereldwijd.nl/paspoort-id-kaart/nooddocument/bolivia,Nooddocument aanvragen in Bolivia | NederlandWereldwijd,57,lange-zin,advies,Als u weer thuis bent levert u uw laissez-passer in bij uw gemeente en vraagt u daar een nieuw paspoort of ID-kaart aan.,Als u weer thuis bent levert u uw laissez-passer in bij uw gemeente en vraagt u daar een nieuw paspoort of ID-kaart aan.,Zin van 23 woorden; boven de 20 wordt een zin lastig te volgen.,Knip de zin in tweeën.
0481_paspoort-id-kaart_nooddocument_bosnie-en-herzegovina.txt,https://www.nederlandwereldwijd.nl/paspoort-id-kaart/nooddocument/bosnie-en-herzegovina,Nooddocument aanvragen in Bosnië en Herzegovina | NederlandWereldwijd,24,lange-zin,advies,Ga daarom op zoek naar een fotograaf die bekend is met de eisen aan een pasfoto voor een Nederlands paspoort of ID-kaart...,Ga daarom op zoek naar een fotograaf die bekend is met de eisen aan een pasfoto voor een Nederlands paspoort of ID-kaart...,Zin van 22 woorden; boven de 20 wordt een zin lastig te volgen.,Knip de zin in tweeën.
0481_paspoort-id-kaart_nooddocument_bosnie-en-herzegovina.txt,https://www.nederlandwereldwijd.nl/paspoort-id-kaart/nooddocument/bosnie-en-herzegovina,Nooddocument aanvragen in Bosnië en Herzegovina | NederlandWereldwijd,34,lijdende-vorm,advies,worden aanvragen niet verwerkt,In het weekend is de ambassade gesloten en worden aanvragen niet verwerkt.,Lijdende vorm: de lezer ziet niet wie er iets doet.,"Schrijf actief, bijvoorbeeld 'wij sturen' of 'u ontvangt'."
0481_paspoort-id-kaart_nooddocument_bosnie-en-herzegovina.txt,https://www.nederlandwereldwijd.nl/paspoort-id-kaart/nooddocument/bosnie-en-herzegovina,Nooddocument aanvragen in Bosnië en Herzegovina | NederlandWereldwijd,47,lange-zin,advies,In het overzicht van de consulaire tarieven in Bosnië en Herzegovina ziet u wat een nooddocument kost en hoe u kunt beta...,In het overzicht van de consulaire tarieven in Bosnië en Herzegovina ziet u wat een nooddocument kost en hoe u kunt beta...,Zin van 22 woorden; boven de 20 wordt een zin lastig te volgen.,Knip de zin in tweeën.
0481_paspoort-id-kaart_nooddocument_bosnie-en-herzegovina.txt,https://www.nederlandwereldwijd.nl/paspoort-id-kaart/nooddocument/bosnie-en-herzegovina,Nooddocument aanvragen in Bosnië en Herzegovina | NederlandWereldwijd,57,lange-zin,advies,Als u weer thuis bent levert u uw laissez-passer in bij uw gemeente en vraagt u daar een nieuw paspoort of ID-kaart aan.,Als u weer thuis bent levert u uw laissez-passer in bij uw gemeente en vraagt u daar een nieuw paspoort of ID-kaart aan.,Zin van 23 woorden; boven de 20 wordt een zin lastig te volgen.,Knip de zin in tweeën.
0482_paspoort-id-kaart_nooddocument_botswana.txt,https://www.nederlandwereldwijd.nl/paspoort-id-kaart/nooddocument/botswana,Nooddocument aanvragen in Botswana | NederlandWereldwijd,24,lange-zin,advies,Ga daarom op zoek naar een fotograaf die bekend is met de eisen aan een pasfoto voor een Nederlands paspoort of ID-kaart...,Ga daarom op zoek naar een fotograaf die bekend is met de eisen aan een pasfoto voor een Nederlands paspoort of ID-kaart...,Zin van 22 woorden; boven de 20 wordt een zin lastig te volgen.,Knip de zin in tweeën.
0482_paspoort-id-kaart_nooddocument_botswana.txt,https://www.nederlandwereldwijd.nl/paspoort-id-kaart/nooddocument/botswana,Nooddocument aanvragen in Botswana | NederlandWereldwijd,34,lijdende-vorm,advies,worden aanvragen niet verwerkt,In het weekend is de ambassade gesloten en worden aanvragen niet verwerkt.,Lijdende vorm: de lezer ziet niet wie er iets doet.,"Schrijf actief, bijvoorbeeld 'wij sturen' of 'u ontvangt'."
0482_paspoort-id-kaart_nooddocument_botswana.txt,https://www.nederlandwereldwijd.nl/paspoort-id-kaart/nooddocument/botswana,Nooddocument aanvragen in Botswana | NederlandWereldwijd,57,lange-zin,advies,Als u weer thuis bent levert u uw laissez-passer in bij uw gemeente en vraagt u daar een nieuw paspoort of ID-kaart aan.,Als u weer thuis bent levert u uw laissez-passer in bij uw gemeente en vraagt u daar een nieuw paspoort of ID-kaart aan.,Zin van 23 woorden; boven de 20 wordt een zin lastig te volgen.,Knip de zin in tweeën.
0483_paspoort-id-kaart_nooddocument_brazilie.txt,https://www.nederlandwereldwijd.nl/paspoort-id-kaart/nooddocument/brazilie,Nooddocument aanvragen in Brazilië | NederlandWereldwijd,24,lange-zin,advies,Ga daarom op zoek naar een fotograaf die bekend is met de eisen aan een pasfoto voor een Nederlands paspoort of ID-kaart...,Ga daarom op zoek naar een fotograaf die bekend is met de eisen aan een pasfoto voor een Nederlands paspoort of ID-kaart...,Zin van 22 woorden; boven de 20 wordt een zin lastig te volgen.,Knip de zin in tweeën.
0483_paspoort-id-kaart_nooddocument_brazilie.txt,https://www.nederlandwereldwijd.nl/paspoort-id-kaart/nooddocument/brazilie,Nooddocument aanvragen in Brazilië | NederlandWereldwijd,28,lange-zin,advies,Stuur uw documenten zo snel mogelijk naar de ambassade in Brasília of het consulaat-generaal in Rio de Janeiro of São Pa...,Stuur uw documenten zo snel mogelijk naar de ambassade in Brasília of het consulaat-generaal in Rio de Janeiro of São Pa...,Zin van 21 woorden; boven de 20 wordt een zin lastig te volgen.,Knip de zin in tweeën.
0483_paspoort-id-kaart_nooddocument_brazilie.txt,https://www.nederlandwereldwijd.nl/paspoort-id-kaart/nooddocument/brazilie,Nooddocument aanvragen in Brazilië | NederlandWereldwijd,37,lijdende-vorm,advies,worden aanvragen niet verwerkt,In het weekend zijn de ambassade en het consulaat-generaal gesloten en worden aanvragen niet verwerkt.,Lijdende vorm: de lezer ziet niet wie er iets doet.,"Schrijf actief, bijvoorbeeld 'wij sturen' of 'u ontvangt'."
0483_paspoort-id-kaart_nooddocument_brazilie.txt,https://www.nederlandwereldwijd.nl/paspoort-id-kaart/nooddocument/brazilie,Nooddocument aanvragen in Brazilië | NederlandWereldwijd,37,lange-zin,advies,Dan neemt de ambassade of het consulaat-generaal contact met u op om te bespreken waar en wanneer u het nooddocument kun...,Dan neemt de ambassade of het consulaat-generaal contact met u op om te bespreken waar en wanneer u het nooddocument kun...,Zin van 22 woorden; boven de 20 wordt een zin lastig te volgen.,Knip de zin in tweeën.
0483_paspoort-id-kaart_nooddocument_brazilie.txt,https://www.nederlandwereldwijd.nl/paspoort-id-kaart/nooddocument/brazilie,Nooddocument aanvragen in Brazilië | NederlandWereldwijd,60,lange-zin,advies,Als u weer thuis bent levert u uw laissez-passer in bij uw gemeente en vraagt u daar een nieuw paspoort of ID-kaart aan.,Als u weer thuis bent levert u uw laissez-passer in bij uw gemeente en vraagt u daar een nieuw paspoort of ID-kaart aan.,Zin van 23 woorden; boven de 20 wordt een zin lastig te volgen.,Knip de zin in tweeën.
0484_paspoort-id-kaart_nooddocument_britse-maagdeneilanden.txt,https://www.nederlandwereldwijd.nl/paspoort-id-kaart/nooddocument/britse-maagdeneilanden,Nooddocument aanvragen op de Britse Maagdeneilanden | NederlandWereldwijd,24,lange-zin,advies,Ga daarom op zoek naar een fotograaf die bekend is met de eisen aan een pasfoto voor een Nederlands paspoort of ID-kaart...,Ga daarom op zoek naar een fotograaf die bekend is met de eisen aan een pasfoto voor een Nederlands paspoort of ID-kaart...,Zin van 22 woorden; boven de 20 wordt een zin lastig te volgen.,Knip de zin in tweeën.
0484_paspoort-id-kaart_nooddocument_britse-maagdeneilanden.txt,https://www.nederlandwereldwijd.nl/paspoort-id-kaart/nooddocument/britse-maagdeneilanden,Nooddocument aanvragen op de Britse Maagdeneilanden | NederlandWereldwijd,34,lijdende-vorm,advies,worden aanvragen niet verwerkt,In het weekend is de ambassade gesloten en worden aanvragen niet verwerkt.,Lijdende vorm: de lezer ziet niet wie er iets doet.,"Schrijf actief, bijvoorbeeld 'wij sturen' of 'u ontvangt'."
0484_paspoort-id-kaart_nooddocument_britse-maagdeneilanden.txt,https://www.nederlandwereldwijd.nl/paspoort-id-kaart/nooddocument/britse-maagdeneilanden,Nooddocument aanvragen op de Britse Maagdeneilanden | NederlandWereldwijd,47,lange-zin,advies,In het overzicht van de consulaire tarieven in Trinidad en Tobago ziet u wat een nooddocument kost en hoe u kunt betalen...,In het overzicht van de consulaire tarieven in Trinidad en Tobago ziet u wat een nooddocument kost en hoe u kunt betalen...,Zin van 22 woorden; boven de 20 wordt een zin lastig te volgen.,Knip de zin in tweeën.
0484_paspoort-id-kaart_nooddocument_britse-maagdeneilanden.txt,https://www.nederlandwereldwijd.nl/paspoort-id-kaart/nooddocument/britse-maagdeneilanden,Nooddocument aanvragen op de Britse Maagdeneilanden | NederlandWereldwijd,57,lange-zin,advies,Als u weer thuis bent levert u uw laissez-passer in bij uw gemeente en vraagt u daar een nieuw paspoort of ID-kaart aan.,Als u weer thuis bent levert u uw laissez-passer in bij uw gemeente en vraagt u daar een nieuw paspoort of ID-kaart aan.,Zin van 23 woorden; boven de 20 wordt een zin lastig te volgen.,Knip de zin in tweeën.
0485_paspoort-id-kaart_nooddocument_brunei-darussalam.txt,https://www.nederlandwereldwijd.nl/paspoort-id-kaart/nooddocument/brunei-darussalam,Nooddocument aanvragen in Brunei Darussalam | NederlandWereldwijd,24,lange-zin,advies,Ga daarom op zoek naar een fotograaf die bekend is met de eisen aan een pasfoto voor een Nederlands paspoort of ID-kaart...,Ga daarom op zoek naar een fotograaf die bekend is met de eisen aan een pasfoto voor een Nederlands paspoort of ID-kaart...,Zin van 22 woorden; boven de 20 wordt een zin lastig te volgen.,Knip de zin in tweeën.
0485_paspoort-id-kaart_nooddocument_brunei-darussalam.txt,https://www.nederlandwereldwijd.nl/paspoort-id-kaart/nooddocument/brunei-darussalam,Nooddocument aanvragen in Brunei Darussalam | NederlandWereldwijd,34,lijdende-vorm,advies,worden aanvragen niet verwerkt,In het weekend is de ambassade gesloten en worden aanvragen niet verwerkt.,Lijdende vorm: de lezer ziet niet wie er iets doet.,"Schrijf actief, bijvoorbeeld 'wij sturen' of 'u ontvangt'."
0485_paspoort-id-kaart_nooddocument_brunei-darussalam.txt,https://www.nederlandwereldwijd.nl/paspoort-id-kaart/nooddocument/brunei-darussalam,Nooddocument aanvragen in Brunei Darussalam | NederlandWereldwijd,57,lange-zin,advies,Als u weer thuis bent levert u uw laissez-passer in bij uw gemeente en vraagt u daar een nieuw paspoort of ID-kaart aan.,Als u weer thuis bent levert u uw laissez-passer in bij uw gemeente en vraagt u daar een nieuw paspoort of ID-kaart aan.,Zin van 23 woorden; boven de 20 wordt een zin lastig te volgen.,Knip de zin in tweeën.
0486_paspoort-id-kaart_nooddocument_bulgarije.txt,https://www.nederlandwereldwijd.nl/paspoort-id-kaart/nooddocument/bulgarije,Nooddocument aanvragen in Bulgarije | NederlandWereldwijd,7,lange-zin,advies,Vraag aan de maatschappij waarmee u reist of u met een kopie van uw paspoort of ID-kaart en uw ticket kunt reizen.,Vraag aan de maatschappij waarmee u reist of u met een kopie van uw paspoort of ID-kaart en uw ticket kunt reizen.,Zin van 22 woorden; boven de 20 wordt een zin lastig te volgen.,Knip de zin in tweeën.
0486_paspoort-id-kaart_nooddocument_bulgarije.txt,https://www.nederlandwereldwijd.nl/paspoort-id-kaart/nooddocument/bulgarije,Nooddocument aanvragen in Bulgarije | NederlandWereldwijd,28,lange-zin,advies,Ga daarom op zoek naar een fotograaf die bekend is met de eisen aan een pasfoto voor een Nederlands paspoort of ID-kaart...,Ga daarom op zoek naar een fotograaf die bekend is met de eisen aan een pasfoto voor een Nederlands paspoort of ID-kaart...,Zin van 22 woorden; boven de 20 wordt een zin lastig te volgen.,Knip de zin in tweeën.
0486_paspoort-id-kaart_nooddocument_bulgarije.txt,https://www.nederlandwereldwijd.nl/paspoort-id-kaart/nooddocument/bulgarije,Nooddocument aanvragen in Bulgarije | NederlandWereldwijd,38,lijdende-vorm,advies,worden aanvragen niet verwerkt,In het weekend is de ambassade gesloten en worden aanvragen niet verwerkt.,Lijdende vorm: de lezer ziet niet wie er iets doet.,"Schrijf actief, bijvoorbeeld 'wij sturen' of 'u ontvangt'."
0486_paspoort-id-kaart_nooddocument_bulgarije.txt,https://www.nederlandwereldwijd.nl/paspoort-id-kaart/nooddocument/bulgarije,Nooddocument aanvragen in Bulgarije | NederlandWereldwijd,61,lange-zin,advies,Als u weer thuis bent levert u uw laissez-passer in bij uw gemeente en vraagt u daar een nieuw paspoort of ID-kaart aan.,Als u weer thuis bent levert u uw laissez-passer in bij uw gemeente en vraagt u daar een nieuw paspoort of ID-kaart aan.,Zin van 23 woorden; boven de 20 wordt een zin lastig te volgen.,Knip de zin in tweeën.
0487_paspoort-id-kaart_nooddocument_burkina-faso.txt,https://www.nederlandwereldwijd.nl/paspoort-id-kaart/nooddocument/burkina-faso,Nooddocument aanvragen in Burkina Faso | NederlandWereldwijd,24,lange-zin,advies,Ga daarom op zoek naar een fotograaf die bekend is met de eisen aan een pasfoto voor een Nederlands paspoort of ID-kaart...,Ga daarom op zoek naar een fotograaf die bekend is met de eisen aan een pasfoto voor een Nederlands paspoort of ID-kaart...,Zin van 22 woorden; boven de 20 wordt een zin lastig te volgen.,Knip de zin in tweeën.
0487_paspoort-id-kaart_nooddocument_burkina-faso.txt,https://www.nederlandwereldwijd.nl/paspoort-id-kaart/nooddocument/burkina-faso,Nooddocument aanvragen in Burkina Faso | NederlandWereldwijd,34,lijdende-vorm,advies,worden aanvragen niet verwerkt,In het weekend is de ambassade gesloten en worden aanvragen niet verwerkt.,Lijdende vorm: de lezer ziet niet wie er iets doet.,"Schrijf actief, bijvoorbeeld 'wij sturen' of 'u ontvangt'."
0487_paspoort-id-kaart_nooddocument_burkina-faso.txt,https://www.nederlandwereldwijd.nl/paspoort-id-kaart/nooddocument/burkina-faso,Nooddocument aanvragen in Burkina Faso | NederlandWereldwijd,47,lange-zin,advies,In het overzicht van de consulaire tarieven in Burkina Faso ziet u wat een nooddocument kost en hoe u kunt betalen.,In het overzicht van de consulaire tarieven in Burkina Faso ziet u wat een nooddocument kost en hoe u kunt betalen.,Zin van 21 woorden; boven de 20 wordt een zin lastig te volgen.,Knip de zin in tweeën.
0487_paspoort-id-kaart_nooddocument_burkina-faso.txt,https://www.nederlandwereldwijd.nl/paspoort-id-kaart/nooddocument/burkina-faso,Nooddocument aanvragen in Burkina Faso | NederlandWereldwijd,57,lange-zin,advies,Als u weer thuis bent levert u uw laissez-passer in bij uw gemeente en vraagt u daar een nieuw paspoort of ID-kaart aan.,Als u weer thuis bent levert u uw laissez-passer in bij uw gemeente en vraagt u daar een nieuw paspoort of ID-kaart aan.,Zin van 23 woorden; boven de 20 wordt een zin lastig te volgen.,Knip de zin in tweeën.
0488_paspoort-id-kaart_nooddocument_burundi.txt,https://www.nederlandwereldwijd.nl/paspoort-id-kaart/nooddocument/burundi,Nooddocument aanvragen in Burundi | NederlandWereldwijd,24,lange-zin,advies,Ga daarom op zoek naar een fotograaf die bekend is met de eisen aan een pasfoto voor een Nederlands paspoort of ID-kaart...,Ga daarom op zoek naar een fotograaf die bekend is met de eisen aan een pasfoto voor een Nederlands paspoort of ID-kaart...,Zin van 22 woorden; boven de 20 wordt een zin lastig te volgen.,Knip de zin in tweeën.
0488_paspoort-id-kaart_nooddocument_burundi.txt,https://www.nederlandwereldwijd.nl/paspoort-id-kaart/nooddocument/burundi,Nooddocument aanvragen in Burundi | NederlandWereldwijd,34,lijdende-vorm,advies,worden aanvragen niet verwerkt,In het weekend is de ambassade gesloten en worden aanvragen niet verwerkt.,Lijdende vorm: de lezer ziet niet wie er iets doet.,"Schrijf actief, bijvoorbeeld 'wij sturen' of 'u ontvangt'."
0488_paspoort-id-kaart_nooddocument_burundi.txt,https://www.nederlandwereldwijd.nl/paspoort-id-kaart/nooddocument/burundi,Nooddocument aanvragen in Burundi | NederlandWereldwijd,57,lange-zin,advies,Als u weer thuis bent levert u uw laissez-passer in bij uw gemeente en vraagt u daar een nieuw paspoort of ID-kaart aan.,Als u weer thuis bent levert u uw laissez-passer in bij uw gemeente en vraagt u daar een nieuw paspoort of ID-kaart aan.,Zin van 23 woorden; boven de 20 wordt een zin lastig te volgen.,Knip de zin in tweeën.
0489_paspoort-id-kaart_nooddocument_cambodja.txt,https://www.nederlandwereldwijd.nl/paspoort-id-kaart/nooddocument/cambodja,Nooddocument aanvragen in Cambodja | NederlandWereldwijd,24,lange-zin,advies,Ga daarom op zoek naar een fotograaf die gekend is met de eisen aan een pasfoto voor een Nederlands paspoort of ID-kaart...,Ga daarom op zoek naar een fotograaf die gekend is met de eisen aan een pasfoto voor een Nederlands paspoort of ID-kaart...,Zin van 22 woorden; boven de 20 wordt een zin lastig te volgen.,Knip de zin in tweeën.
0489_paspoort-id-kaart_nooddocument_cambodja.txt,https://www.nederlandwereldwijd.nl/paspoort-id-kaart/nooddocument/cambodja,Nooddocument aanvragen in Cambodja | NederlandWereldwijd,34,lijdende-vorm,advies,worden aanvragen niet verwerkt,In het weekend is de ambassade gesloten en worden aanvragen niet verwerkt.,Lijdende vorm: de lezer ziet niet wie er iets doet.,"Schrijf actief, bijvoorbeeld 'wij sturen' of 'u ontvangt'."
0489_paspoort-id-kaart_nooddocument_cambodja.txt,https://www.nederlandwereldwijd.nl/paspoort-id-kaart/nooddocument/cambodja,Nooddocument aanvragen in Cambodja | NederlandWereldwijd,57,lange-zin,advies,Als u weer thuis bent levert u uw laissez-passer in bij uw gemeente en vraagt u daar een nieuw paspoort of ID-kaart aan.,Als u weer thuis bent levert u uw laissez-passer in bij uw gemeente en vraagt u daar een nieuw paspoort of ID-kaart aan.,Zin van 23 woorden; boven de 20 wordt een zin lastig te volgen.,Knip de zin in tweeën.
0490_paspoort-id-kaart_nooddocument_canada.txt,https://www.nederlandwereldwijd.nl/paspoort-id-kaart/nooddocument/canada,Nooddocument aanvragen in Canada | NederlandWereldwijd,24,lange-zin,advies,Ga daarom op zoek naar een fotograaf die bekend is met de eisen aan een pasfoto voor een Nederlands paspoort of ID-kaart...,Ga daarom op zoek naar een fotograaf die bekend is met de eisen aan een pasfoto voor een Nederlands paspoort of ID-kaart...,Zin van 22 woorden; boven de 20 wordt een zin lastig te volgen.,Knip de zin in tweeën.
0490_paspoort-id-kaart_nooddocument_canada.txt,https://www.nederlandwereldwijd.nl/paspoort-id-kaart/nooddocument/canada,Nooddocument aanvragen in Canada | NederlandWereldwijd,37,lijdende-vorm,advies,worden aanvragen niet verwerkt,In het weekend zijn de ambassade en het consulaat-generaal gesloten en worden aanvragen niet verwerkt.,Lijdende vorm: de lezer ziet niet wie er iets doet.,"Schrijf actief, bijvoorbeeld 'wij sturen' of 'u ontvangt'."
0490_paspoort-id-kaart_nooddocument_canada.txt,https://www.nederlandwereldwijd.nl/paspoort-id-kaart/nooddocument/canada,Nooddocument aanvragen in Canada | NederlandWereldwijd,37,lange-zin,advies,Dan neemt de ambassade of het consulaat-generaal contact met u op om te bespreken waar en wanneer u het nooddocument kun...,Dan neemt de ambassade of het consulaat-generaal contact met u op om te bespreken waar en wanneer u het nooddocument kun...,Zin van 22 woorden; boven de 20 wordt een zin lastig te volgen.,Knip de zin in tweeën.
0490_paspoort-id-kaart_nooddocument_canada.txt,https://www.nederlandwereldwijd.nl/paspoort-id-kaart/nooddocument/canada,Nooddocument aanvragen in Canada | NederlandWereldwijd,60,lange-zin,advies,Als u weer thuis bent levert u uw laissez-passer in bij uw gemeente en vraagt u daar een nieuw paspoort of ID-kaart aan.,Als u weer thuis bent levert u uw laissez-passer in bij uw gemeente en vraagt u daar een nieuw paspoort of ID-kaart aan.,Zin van 23 woorden; boven de 20 wordt een zin lastig te volgen.,Knip de zin in tweeën.
0491_paspoort-id-kaart_nooddocument_centraal-afrikaanse-republiek.txt,https://www.nederlandwereldwijd.nl/paspoort-id-kaart/nooddocument/centraal-afrikaanse-republiek,Nooddocument aanvragen in de Centraal-Afrikaanse Republiek | NederlandWereldwijd,24,lange-zin,advies,Ga daarom op zoek naar een fotograaf die bekend is met de eisen aan een pasfoto voor een Nederlands paspoort of ID-kaart...,Ga daarom op zoek naar een fotograaf die bekend is met de eisen aan een pasfoto voor een Nederlands paspoort of ID-kaart...,Zin van 22 woorden; boven de 20 wordt een zin lastig te volgen.,Knip de zin in tweeën.
0491_paspoort-id-kaart_nooddocument_centraal-afrikaanse-republiek.txt,https://www.nederlandwereldwijd.nl/paspoort-id-kaart/nooddocument/centraal-afrikaanse-republiek,Nooddocument aanvragen in de Centraal-Afrikaanse Republiek | NederlandWereldwijd,34,lijdende-vorm,advies,worden aanvragen niet verwerkt,In het weekend is de ambassade gesloten en worden aanvragen niet verwerkt.,Lijdende vorm: de lezer ziet niet wie er iets doet.,"Schrijf actief, bijvoorbeeld 'wij sturen' of 'u ontvangt'."
0491_paspoort-id-kaart_nooddocument_centraal-afrikaanse-republiek.txt,https://www.nederlandwereldwijd.nl/paspoort-id-kaart/nooddocument/centraal-afrikaanse-republiek,Nooddocument aanvragen in de Centraal-Afrikaanse Republiek | NederlandWereldwijd,48,lange-zin,advies,In het overzicht van de consulaire tarieven in de Democratische Republiek Congo ziet u wat een nooddocument kost en hoe ...,In het overzicht van de consulaire tarieven in de Democratische Republiek Congo ziet u wat een nooddocument kost en hoe ...,Zin van 23 woorden; boven de 20 wordt een zin lastig te volgen.,Knip de zin in tweeën.
0491_paspoort-id-kaart_nooddocument_centraal-afrikaanse-republiek.txt,https://www.nederlandwereldwijd.nl/paspoort-id-kaart/nooddocument/centraal-afrikaanse-republiek,Nooddocument aanvragen in de Centraal-Afrikaanse Republiek | NederlandWereldwijd,58,lange-zin,advies,Als u weer thuis bent levert u uw laissez-passer in bij uw gemeente en vraagt u daar een nieuw paspoort of ID-kaart aan.,Als u weer thuis bent levert u uw laissez-passer in bij uw gemeente en vraagt u daar een nieuw paspoort of ID-kaart aan.,Zin van 23 woorden; boven de 20 wordt een zin lastig te volgen.,Knip de zin in tweeën.
0492_paspoort-id-kaart_nooddocument_chili.txt,https://www.nederlandwereldwijd.nl/paspoort-id-kaart/nooddocument/chili,Nooddocument aanvragen in Chili | NederlandWereldwijd,24,lange-zin,advies,Ga daarom op zoek naar een fotograaf die bekend is met de eisen aan een pasfoto voor een Nederlands paspoort of ID-kaart...,Ga daarom op zoek naar een fotograaf die bekend is met de eisen aan een pasfoto voor een Nederlands paspoort of ID-kaart...,Zin van 22 woorden; boven de 20 wordt een zin lastig te volgen.,Knip de zin in tweeën.
0492_paspoort-id-kaart_nooddocument_chili.txt,https://www.nederlandwereldwijd.nl/paspoort-id-kaart/nooddocument/chili,Nooddocument aanvragen in Chili | NederlandWereldwijd,34,lijdende-vorm,advies,worden aanvragen niet verwerkt,In het weekend is de ambassade gesloten en worden aanvragen niet verwerkt.,Lijdende vorm: de lezer ziet niet wie er iets doet.,"Schrijf actief, bijvoorbeeld 'wij sturen' of 'u ontvangt'."
0492_paspoort-id-kaart_nooddocument_chili.txt,https://www.nederlandwereldwijd.nl/paspoort-id-kaart/nooddocument/chili,Nooddocument aanvragen in Chili | NederlandWereldwijd,57,lange-zin,advies,Als u weer thuis bent levert u uw laissez-passer in bij uw gemeente en vraagt u daar een nieuw paspoort of ID-kaart aan.,Als u weer thuis bent levert u uw laissez-passer in bij uw gemeente en vraagt u daar een nieuw paspoort of ID-kaart aan.,Zin van 23 woorden; boven de 20 wordt een zin lastig te volgen.,Knip de zin in tweeën.
0493_paspoort-id-kaart_nooddocument_china.txt,https://www.nederlandwereldwijd.nl/paspoort-id-kaart/nooddocument/china,Nooddocument aanvragen in China | NederlandWereldwijd,24,lange-zin,advies,Ga daarom op zoek naar een fotograaf die bekend is met de eisen aan een pasfoto voor een Nederlands paspoort of ID-kaart...,Ga daarom op zoek naar een fotograaf die bekend is met de eisen aan een pasfoto voor een Nederlands paspoort of ID-kaart...,Zin van 22 woorden; boven de 20 wordt een zin lastig te volgen.,Knip de zin in tweeën.
0493_paspoort-id-kaart_nooddocument_china.txt,https://www.nederlandwereldwijd.nl/paspoort-id-kaart/nooddocument/china,Nooddocument aanvragen in China | NederlandWereldwijd,37,lijdende-vorm,advies,worden aanvragen niet verwerkt,In het weekend zijn de ambassade en het consulaat-generaal gesloten en worden aanvragen niet verwerkt.,Lijdende vorm: de lezer ziet niet wie er iets doet.,"Schrijf actief, bijvoorbeeld 'wij sturen' of 'u ontvangt'."
0493_paspoort-id-kaart_nooddocument_china.txt,https://www.nederlandwereldwijd.nl/paspoort-id-kaart/nooddocument/china,Nooddocument aanvragen in China | NederlandWereldwijd,37,lange-zin,advies,Dan neemt de ambassade of het consulaat-generaal contact met u op om te bespreken waar en wanneer u het nooddocument kun...,Dan neemt de ambassade of het consulaat-generaal contact met u op om te bespreken waar en wanneer u het nooddocument kun...,Zin van 22 woorden; boven de 20 wordt een zin lastig te volgen.,Knip de zin in tweeën.
0493_paspoort-id-kaart_nooddocument_china.txt,https://www.nederlandwereldwijd.nl/paspoort-id-kaart/nooddocument/china,Nooddocument aanvragen in China | NederlandWereldwijd,60,lange-zin,advies,Als u weer thuis bent levert u uw laissez-passer in bij uw gemeente en vraagt u daar een nieuw paspoort of ID-kaart aan.,Als u weer thuis bent levert u uw laissez-passer in bij uw gemeente en vraagt u daar een nieuw paspoort of ID-kaart aan.,Zin van 23 woorden; boven de 20 wordt een zin lastig te volgen.,Knip de zin in tweeën.
0494_paspoort-id-kaart_nooddocument_colombia.txt,https://www.nederlandwereldwijd.nl/paspoort-id-kaart/nooddocument/colombia,Nooddocument aanvragen in Colombia | NederlandWereldwijd,24,lange-zin,advies,Ga daarom op zoek naar een fotograaf die bekend is met de eisen aan een pasfoto voor een Nederlands paspoort of ID-kaart...,Ga daarom op zoek naar een fotograaf die bekend is met de eisen aan een pasfoto voor een Nederlands paspoort of ID-kaart...,Zin van 22 woorden; boven de 20 wordt een zin lastig te volgen.,Knip de zin in tweeën.
0494_paspoort-id-kaart_nooddocument_colombia.txt,https://www.nederlandwereldwijd.nl/paspoort-id-kaart/nooddocument/colombia,Nooddocument aanvragen in Colombia | NederlandWereldwijd,34,lijdende-vorm,advies,worden aanvragen niet verwerkt,In het weekend is de ambassade gesloten en worden aanvragen niet verwerkt.,Lijdende vorm: de lezer ziet niet wie er iets doet.,"Schrijf actief, bijvoorbeeld 'wij sturen' of 'u ontvangt'."
0494_paspoort-id-kaart_nooddocument_colombia.txt,https://www.nederlandwereldwijd.nl/paspoort-id-kaart/nooddocument/colombia,Nooddocument aanvragen in Colombia | NederlandWereldwijd,57,lange-zin,advies,Als u weer thuis bent levert u uw laissez-passer in bij uw gemeente en vraagt u daar een nieuw paspoort of ID-kaart aan.,Als u weer thuis bent levert u uw laissez-passer in bij uw gemeente en vraagt u daar een nieuw paspoort of ID-kaart aan.,Zin van 23 woorden; boven de 20 wordt een zin lastig te volgen.,Knip de zin in tweeën.
0495_paspoort-id-kaart_nooddocument_comoren.txt,https://www.nederlandwereldwijd.nl/paspoort-id-kaart/nooddocument/comoren,Nooddocument aanvragen in de Comoren | NederlandWereldwijd,24,lange-zin,advies,Ga daarom op zoek naar een fotograaf die bekend is met de eisen aan een pasfoto voor een Nederlands paspoort of ID-kaart...,Ga daarom op zoek naar een fotograaf die bekend is met de eisen aan een pasfoto voor een Nederlands paspoort of ID-kaart...,Zin van 22 woorden; boven de 20 wordt een zin lastig te volgen.,Knip de zin in tweeën.
0495_paspoort-id-kaart_nooddocument_comoren.txt,https://www.nederlandwereldwijd.nl/paspoort-id-kaart/nooddocument/comoren,Nooddocument aanvragen in de Comoren | NederlandWereldwijd,34,lijdende-vorm,advies,worden aanvragen niet verwerkt,In het weekend is de ambassade gesloten en worden aanvragen niet verwerkt.,Lijdende vorm: de lezer ziet niet wie er iets doet.,"Schrijf actief, bijvoorbeeld 'wij sturen' of 'u ontvangt'."
0495_paspoort-id-kaart_nooddocument_comoren.txt,https://www.nederlandwereldwijd.nl/paspoort-id-kaart/nooddocument/comoren,Nooddocument aanvragen in de Comoren | NederlandWereldwijd,57,lange-zin,advies,Als u weer thuis bent levert u uw laissez-passer in bij uw gemeente en vraagt u daar een nieuw paspoort of ID-kaart aan.,Als u weer thuis bent levert u uw laissez-passer in bij uw gemeente en vraagt u daar een nieuw paspoort of ID-kaart aan.,Zin van 23 woorden; boven de 20 wordt een zin lastig te volgen.,Knip de zin in tweeën.
0496_paspoort-id-kaart_nooddocument_congo-de-republiek.txt,https://www.nederlandwereldwijd.nl/paspoort-id-kaart/nooddocument/congo-de-republiek,Nooddocument aanvragen in de Republiek Congo | NederlandWereldwijd,24,lange-zin,advies,Ga daarom op zoek naar een fotograaf die bekend is met de eisen aan een pasfoto voor een Nederlands paspoort of ID-kaart...,Ga daarom op zoek naar een fotograaf die bekend is met de eisen aan een pasfoto voor een Nederlands paspoort of ID-kaart...,Zin van 22 woorden; boven de 20 wordt een zin lastig te volgen.,Knip de zin in tweeën.
0496_paspoort-id-kaart_nooddocument_congo-de-republiek.txt,https://www.nederlandwereldwijd.nl/paspoort-id-kaart/nooddocument/congo-de-republiek,Nooddocument aanvragen in de Republiek Congo | NederlandWereldwijd,34,lijdende-vorm,advies,worden aanvragen niet verwerkt,In het weekend is de ambassade gesloten en worden aanvragen niet verwerkt.,Lijdende vorm: de lezer ziet niet wie er iets doet.,"Schrijf actief, bijvoorbeeld 'wij sturen' of 'u ontvangt'."
0496_paspoort-id-kaart_nooddocument_congo-de-republiek.txt,https://www.nederlandwereldwijd.nl/paspoort-id-kaart/nooddocument/congo-de-republiek,Nooddocument aanvragen in de Republiek Congo | NederlandWereldwijd,47,lange-zin,advies,In het overzicht van de consulaire tarieven in de Republiek Congo ziet u wat een nooddocument kost en hoe u kunt betalen...,In het overzicht van de consulaire tarieven in de Republiek Congo ziet u wat een nooddocument kost en hoe u kunt betalen...,Zin van 22 woorden; boven de 20 wordt een zin lastig te volgen.,Knip de zin in tweeën.
0496_paspoort-id-kaart_nooddocument_congo-de-republiek.txt,https://www.nederlandwereldwijd.nl/paspoort-id-kaart/nooddocument/congo-de-republiek,Nooddocument aanvragen in de Republiek Congo | NederlandWereldwijd,57,lange-zin,advies,Als u weer thuis bent levert u uw laissez-passer in bij uw gemeente en vraagt u daar een nieuw paspoort of ID-kaart aan.,Als u weer thuis bent levert u uw laissez-passer in bij uw gemeente en vraagt u daar een nieuw paspoort of ID-kaart aan.,Zin van 23 woorden; boven de 20 wordt een zin lastig te volgen.,Knip de zin in tweeën.
0497_paspoort-id-kaart_nooddocument_congo-democratische-republiek.txt,https://www.nederlandwereldwijd.nl/paspoort-id-kaart/nooddocument/congo-democratische-republiek,Nooddocument aanvragen in de Democratische Republiek Congo | NederlandWereldwijd,24,lange-zin,advies,Ga daarom op zoek naar een fotograaf die bekend is met de eisen aan een pasfoto voor een Nederlands paspoort of ID-kaart...,Ga daarom op zoek naar een fotograaf die bekend is met de eisen aan een pasfoto voor een Nederlands paspoort of ID-kaart...,Zin van 22 woorden; boven de 20 wordt een zin lastig te volgen.,Knip de zin in tweeën.
0497_paspoort-id-kaart_nooddocument_congo-democratische-republiek.txt,https://www.nederlandwereldwijd.nl/paspoort-id-kaart/nooddocument/congo-democratische-republiek,Nooddocument aanvragen in de Democratische Republiek Congo | NederlandWereldwijd,34,lijdende-vorm,advies,worden aanvragen niet verwerkt,In het weekend is de ambassade gesloten en worden aanvragen niet verwerkt.,Lijdende vorm: de lezer ziet niet wie er iets doet.,"Schrijf actief, bijvoorbeeld 'wij sturen' of 'u ontvangt'."
0497_paspoort-id-kaart_nooddocument_congo-democratische-republiek.txt,https://www.nederlandwereldwijd.nl/paspoort-id-kaart/nooddocument/congo-democratische-republiek,Nooddocument aanvragen in de Democratische Republiek Congo | NederlandWereldwijd,47,lange-zin,advies,In het overzicht van de consulaire tarieven in de Democratische Republiek Congo ziet u wat een nooddocument kost en hoe ...,In het overzicht van de consulaire tarieven in de Democratische Republiek Congo ziet u wat een nooddocument kost en hoe ...,Zin van 23 woorden; boven de 20 wordt een zin lastig te volgen.,Knip de zin in tweeën.
0497_paspoort-id-kaart_nooddocument_congo-democratische-republiek.txt,https://www.nederlandwereldwijd.nl/paspoort-id-kaart/nooddocument/congo-democratische-republiek,Nooddocument aanvragen in de Democratische Republiek Congo | NederlandWereldwijd,57,lange-zin,advies,Als u weer thuis bent levert u uw laissez-passer in bij uw gemeente en vraagt u daar een nieuw paspoort of ID-kaart aan.,Als u weer thuis bent levert u uw laissez-passer in bij uw gemeente en vraagt u daar een nieuw paspoort of ID-kaart aan.,Zin van 23 woorden; boven de 20 wordt een zin lastig te volgen.,Knip de zin in tweeën.
0498_paspoort-id-kaart_nooddocument_cookeilanden.txt,https://www.nederlandwereldwijd.nl/paspoort-id-kaart/nooddocument/cookeilanden,Nooddocument aanvragen op de Cookeilanden | NederlandWereldwijd,24,lange-zin,advies,Ga daarom op zoek naar een fotograaf die bekend is met de eisen aan een pasfoto voor een Nederlands paspoort of ID-kaart...,Ga daarom op zoek naar een fotograaf die bekend is met de eisen aan een pasfoto voor een Nederlands paspoort of ID-kaart...,Zin van 22 woorden; boven de 20 wordt een zin lastig te volgen.,Knip de zin in tweeën.
0498_paspoort-id-kaart_nooddocument_cookeilanden.txt,https://www.nederlandwereldwijd.nl/paspoort-id-kaart/nooddocument/cookeilanden,Nooddocument aanvragen op de Cookeilanden | NederlandWereldwijd,34,lijdende-vorm,advies,worden aanvragen niet verwerkt,In het weekend is de ambassade gesloten en worden aanvragen niet verwerkt.,Lijdende vorm: de lezer ziet niet wie er iets doet.,"Schrijf actief, bijvoorbeeld 'wij sturen' of 'u ontvangt'."
0498_paspoort-id-kaart_nooddocument_cookeilanden.txt,https://www.nederlandwereldwijd.nl/paspoort-id-kaart/nooddocument/cookeilanden,Nooddocument aanvragen op de Cookeilanden | NederlandWereldwijd,57,lange-zin,advies,Als u weer thuis bent levert u uw laissez-passer in bij uw gemeente en vraagt u daar een nieuw paspoort of ID-kaart aan.,Als u weer thuis bent levert u uw laissez-passer in bij uw gemeente en vraagt u daar een nieuw paspoort of ID-kaart aan.,Zin van 23 woorden; boven de 20 wordt een zin lastig te volgen.,Knip de zin in tweeën.
0499_paspoort-id-kaart_nooddocument_costa-rica.txt,https://www.nederlandwereldwijd.nl/paspoort-id-kaart/nooddocument/costa-rica,Nooddocument aanvragen in Costa Rica | NederlandWereldwijd,24,lange-zin,advies,Ga daarom op zoek naar een fotograaf die bekend is met de eisen aan een pasfoto voor een Nederlands paspoort of ID-kaart...,Ga daarom op zoek naar een fotograaf die bekend is met de eisen aan een pasfoto voor een Nederlands paspoort of ID-kaart...,Zin van 22 woorden; boven de 20 wordt een zin lastig te volgen.,Knip de zin in tweeën.
0499_paspoort-id-kaart_nooddocument_costa-rica.txt,https://www.nederlandwereldwijd.nl/paspoort-id-kaart/nooddocument/costa-rica,Nooddocument aanvragen in Costa Rica | NederlandWereldwijd,34,lijdende-vorm,advies,worden aanvragen niet verwerkt,In het weekend is de ambassade gesloten en worden aanvragen niet verwerkt.,Lijdende vorm: de lezer ziet niet wie er iets doet.,"Schrijf actief, bijvoorbeeld 'wij sturen' of 'u ontvangt'."
0499_paspoort-id-kaart_nooddocument_costa-rica.txt,https://www.nederlandwereldwijd.nl/paspoort-id-kaart/nooddocument/costa-rica,Nooddocument aanvragen in Costa Rica | NederlandWereldwijd,47,lange-zin,advies,In het overzicht van de consulaire tarieven in Costa Rica ziet u wat een nooddocument kost en hoe u kunt betalen.,In het overzicht van de consulaire tarieven in Costa Rica ziet u wat een nooddocument kost en hoe u kunt betalen.,Zin van 21 woorden; boven de 20 wordt een zin lastig te volgen.,Knip de zin in tweeën.
0500_paspoort-id-kaart_nooddocument_cuba.txt,https://www.nederlandwereldwijd.nl/paspoort-id-kaart/nooddocument/cuba,Nooddocument aanvragen in Cuba | NederlandWereldwijd,37,lijdende-vorm,advies,worden aanvragen niet verwerkt,In het weekend is de ambassade gesloten en worden aanvragen niet verwerkt.,Lijdende vorm: de lezer ziet niet wie er iets doet.,"Schrijf actief, bijvoorbeeld 'wij sturen' of 'u ontvangt'."
0500_paspoort-id-kaart_nooddocument_cuba.txt,https://www.nederlandwereldwijd.nl/paspoort-id-kaart/nooddocument/cuba,Nooddocument aanvragen in Cuba | NederlandWereldwijd,61,lange-zin,advies,Als u weer thuis bent levert u uw laissez-passer in bij uw gemeente en vraagt u daar een nieuw paspoort of ID-kaart aan.,Als u weer thuis bent levert u uw laissez-passer in bij uw gemeente en vraagt u daar een nieuw paspoort of ID-kaart aan.,Zin van 23 woorden; boven de 20 wordt een zin lastig te volgen.,Knip de zin in tweeën.
0501_paspoort-id-kaart_nooddocument_cyprus.txt,https://www.nederlandwereldwijd.nl/paspoort-id-kaart/nooddocument/cyprus,Nooddocument aanvragen in Cyprus | NederlandWereldwijd,24,lange-zin,advies,Ga daarom op zoek naar een fotograaf die bekend is met de eisen aan een pasfoto voor een Nederlands paspoort of ID-kaart...,Ga daarom op zoek naar een fotograaf die bekend is met de eisen aan een pasfoto voor een Nederlands paspoort of ID-kaart...,Zin van 22 woorden; boven de 20 wordt een zin lastig te volgen.,Knip de zin in tweeën.
0501_paspoort-id-kaart_nooddocument_cyprus.txt,https://www.nederlandwereldwijd.nl/paspoort-id-kaart/nooddocument/cyprus,Nooddocument aanvragen in Cyprus | NederlandWereldwijd,34,lijdende-vorm,advies,worden aanvragen niet verwerkt,In het weekend is de ambassade gesloten en worden aanvragen niet verwerkt.,Lijdende vorm: de lezer ziet niet wie er iets doet.,"Schrijf actief, bijvoorbeeld 'wij sturen' of 'u ontvangt'."
0501_paspoort-id-kaart_nooddocument_cyprus.txt,https://www.nederlandwereldwijd.nl/paspoort-id-kaart/nooddocument/cyprus,Nooddocument aanvragen in Cyprus | NederlandWereldwijd,57,lange-zin,advies,Als u weer thuis bent levert u uw laissez-passer in bij uw gemeente en vraagt u daar een nieuw paspoort of ID-kaart aan.,Als u weer thuis bent levert u uw laissez-passer in bij uw gemeente en vraagt u daar een nieuw paspoort of ID-kaart aan.,Zin van 23 woorden; boven de 20 wordt een zin lastig te volgen.,Knip de zin in tweeën.
0502_paspoort-id-kaart_nooddocument_denemarken.txt,https://www.nederlandwereldwijd.nl/paspoort-id-kaart/nooddocument/denemarken,Nooddocument aanvragen in Denemarken | NederlandWereldwijd,7,lange-zin,advies,Vraag aan de maatschappij waarmee u reist of u met een kopie van uw paspoort of ID-kaart en uw ticket kunt reizen.,Vraag aan de maatschappij waarmee u reist of u met een kopie van uw paspoort of ID-kaart en uw ticket kunt reizen.,Zin van 22 woorden; boven de 20 wordt een zin lastig te volgen.,Knip de zin in tweeën.
0502_paspoort-id-kaart_nooddocument_denemarken.txt,https://www.nederlandwereldwijd.nl/paspoort-id-kaart/nooddocument/denemarken,Nooddocument aanvragen in Denemarken | NederlandWereldwijd,28,lange-zin,advies,Ga daarom op zoek naar een fotograaf die bekend is met de eisen aan een pasfoto voor een Nederlands paspoort of ID-kaart...,Ga daarom op zoek naar een fotograaf die bekend is met de eisen aan een pasfoto voor een Nederlands paspoort of ID-kaart...,Zin van 22 woorden; boven de 20 wordt een zin lastig te volgen.,Knip de zin in tweeën.
0502_paspoort-id-kaart_nooddocument_denemarken.txt,https://www.nederlandwereldwijd.nl/paspoort-id-kaart/nooddocument/denemarken,Nooddocument aanvragen in Denemarken | NederlandWereldwijd,38,lijdende-vorm,advies,worden aanvragen niet verwerkt,In het weekend is de ambassade gesloten en worden aanvragen niet verwerkt.,Lijdende vorm: de lezer ziet niet wie er iets doet.,"Schrijf actief, bijvoorbeeld 'wij sturen' of 'u ontvangt'."
0502_paspoort-id-kaart_nooddocument_denemarken.txt,https://www.nederlandwereldwijd.nl/paspoort-id-kaart/nooddocument/denemarken,Nooddocument aanvragen in Denemarken | NederlandWereldwijd,61,lange-zin,advies,Als u weer thuis bent levert u uw laissez-passer in bij uw gemeente en vraagt u daar een nieuw paspoort of ID-kaart aan.,Als u weer thuis bent levert u uw laissez-passer in bij uw gemeente en vraagt u daar een nieuw paspoort of ID-kaart aan.,Zin van 23 woorden; boven de 20 wordt een zin lastig te volgen.,Knip de zin in tweeën.
0503_paspoort-id-kaart_nooddocument_djibouti.txt,https://www.nederlandwereldwijd.nl/paspoort-id-kaart/nooddocument/djibouti,Nooddocument aanvragen in Djibouti | NederlandWereldwijd,24,lange-zin,advies,Ga daarom op zoek naar een fotograaf die bekend is met de eisen aan een pasfoto voor een Nederlands paspoort of ID-kaart...,Ga daarom op zoek naar een fotograaf die bekend is met de eisen aan een pasfoto voor een Nederlands paspoort of ID-kaart...,Zin van 22 woorden; boven de 20 wordt een zin lastig te volgen.,Knip de zin in tweeën.
0503_paspoort-id-kaart_nooddocument_djibouti.txt,https://www.nederlandwereldwijd.nl/paspoort-id-kaart/nooddocument/djibouti,Nooddocument aanvragen in Djibouti | NederlandWereldwijd,34,lijdende-vorm,advies,worden aanvragen niet verwerkt,In het weekend is de ambassade gesloten en worden aanvragen niet verwerkt.,Lijdende vorm: de lezer ziet niet wie er iets doet.,"Schrijf actief, bijvoorbeeld 'wij sturen' of 'u ontvangt'."
0503_paspoort-id-kaart_nooddocument_djibouti.txt,https://www.nederlandwereldwijd.nl/paspoort-id-kaart/nooddocument/djibouti,Nooddocument aanvragen in Djibouti | NederlandWereldwijd,57,lange-zin,advies,Als u weer thuis bent levert u uw laissez-passer in bij uw gemeente en vraagt u daar een nieuw paspoort of ID-kaart aan.,Als u weer thuis bent levert u uw laissez-passer in bij uw gemeente en vraagt u daar een nieuw paspoort of ID-kaart aan.,Zin van 23 woorden; boven de 20 wordt een zin lastig te volgen.,Knip de zin in tweeën.
0504_paspoort-id-kaart_nooddocument_dominica.txt,https://www.nederlandwereldwijd.nl/paspoort-id-kaart/nooddocument/dominica,Nooddocument aanvragen in Dominica | NederlandWereldwijd,24,lange-zin,advies,Ga daarom op zoek naar een fotograaf die bekend is met de eisen aan een pasfoto voor een Nederlands paspoort of ID-kaart...,Ga daarom op zoek naar een fotograaf die bekend is met de eisen aan een pasfoto voor een Nederlands paspoort of ID-kaart...,Zin van 22 woorden; boven de 20 wordt een zin lastig te volgen.,Knip de zin in tweeën.
0504_paspoort-id-kaart_nooddocument_dominica.txt,https://www.nederlandwereldwijd.nl/paspoort-id-kaart/nooddocument/dominica,Nooddocument aanvragen in Dominica | NederlandWereldwijd,34,lijdende-vorm,advies,worden aanvragen niet verwerkt,In het weekend is de ambassade gesloten en worden aanvragen niet verwerkt.,Lijdende vorm: de lezer ziet niet wie er iets doet.,"Schrijf actief, bijvoorbeeld 'wij sturen' of 'u ontvangt'."
0504_paspoort-id-kaart_nooddocument_dominica.txt,https://www.nederlandwereldwijd.nl/paspoort-id-kaart/nooddocument/dominica,Nooddocument aanvragen in Dominica | NederlandWereldwijd,47,lange-zin,advies,In het overzicht van de consulaire tarieven in Trinidad en Tobago ziet u wat een nooddocument kost en hoe u kunt betalen...,In het overzicht van de consulaire tarieven in Trinidad en Tobago ziet u wat een nooddocument kost en hoe u kunt betalen...,Zin van 22 woorden; boven de 20 wordt een zin lastig te volgen.,Knip de zin in tweeën.
0504_paspoort-id-kaart_nooddocument_dominica.txt,https://www.nederlandwereldwijd.nl/paspoort-id-kaart/nooddocument/dominica,Nooddocument aanvragen in Dominica | NederlandWereldwijd,57,lange-zin,advies,Als u weer thuis bent levert u uw laissez-passer in bij uw gemeente en vraagt u daar een nieuw paspoort of ID-kaart aan.,Als u weer thuis bent levert u uw laissez-passer in bij uw gemeente en vraagt u daar een nieuw paspoort of ID-kaart aan.,Zin van 23 woorden; boven de 20 wordt een zin lastig te volgen.,Knip de zin in tweeën.
0505_paspoort-id-kaart_nooddocument_dominicaanse-republiek.txt,https://www.nederlandwereldwijd.nl/paspoort-id-kaart/nooddocument/dominicaanse-republiek,Nooddocument aanvragen in de Dominicaanse Republiek | NederlandWereldwijd,24,lange-zin,advies,Ga daarom op zoek naar een fotograaf die bekend is met de eisen aan een pasfoto voor een Nederlands paspoort of ID-kaart...,Ga daarom op zoek naar een fotograaf die bekend is met de eisen aan een pasfoto voor een Nederlands paspoort of ID-kaart...,Zin van 22 woorden; boven de 20 wordt een zin lastig te volgen.,Knip de zin in tweeën.
0505_paspoort-id-kaart_nooddocument_dominicaanse-republiek.txt,https://www.nederlandwereldwijd.nl/paspoort-id-kaart/nooddocument/dominicaanse-republiek,Nooddocument aanvragen in de Dominicaanse Republiek | NederlandWereldwijd,34,lijdende-vorm,advies,worden aanvragen niet verwerkt,In het weekend is de ambassade gesloten en worden aanvragen niet verwerkt.,Lijdende vorm: de lezer ziet niet wie er iets doet.,"Schrijf actief, bijvoorbeeld 'wij sturen' of 'u ontvangt'."
0505_paspoort-id-kaart_nooddocument_dominicaanse-republiek.txt,https://www.nederlandwereldwijd.nl/paspoort-id-kaart/nooddocument/dominicaanse-republiek,Nooddocument aanvragen in de Dominicaanse Republiek | NederlandWereldwijd,47,lange-zin,advies,In het overzicht van de consulaire tarieven in de Dominicaanse Republiek ziet u wat een nooddocument kost en hoe u kunt ...,In het overzicht van de consulaire tarieven in de Dominicaanse Republiek ziet u wat een nooddocument kost en hoe u kunt ...,Zin van 22 woorden; boven de 20 wordt een zin lastig te volgen.,Knip de zin in tweeën.
0505_paspoort-id-kaart_nooddocument_dominicaanse-republiek.txt,https://www.nederlandwereldwijd.nl/paspoort-id-kaart/nooddocument/dominicaanse-republiek,Nooddocument aanvragen in de Dominicaanse Republiek | NederlandWereldwijd,57,lange-zin,advies,Als u weer thuis bent levert u uw laissez-passer in bij uw gemeente en vraagt u daar een nieuw paspoort of ID-kaart aan.,Als u weer thuis bent levert u uw laissez-passer in bij uw gemeente en vraagt u daar een nieuw paspoort of ID-kaart aan.,Zin van 23 woorden; boven de 20 wordt een zin lastig te volgen.,Knip de zin in tweeën.
0506_paspoort-id-kaart_nooddocument_duitsland.txt,https://www.nederlandwereldwijd.nl/paspoort-id-kaart/nooddocument/duitsland,Nooddocument aanvragen in Duitsland | NederlandWereldwijd,7,lange-zin,advies,Vraag aan de maatschappij waarmee u reist of u met een kopie van uw paspoort of ID-kaart en uw ticket kunt reizen.,Vraag aan de maatschappij waarmee u reist of u met een kopie van uw paspoort of ID-kaart en uw ticket kunt reizen.,Zin van 22 woorden; boven de 20 wordt een zin lastig te volgen.,Knip de zin in tweeën.
0506_paspoort-id-kaart_nooddocument_duitsland.txt,https://www.nederlandwereldwijd.nl/paspoort-id-kaart/nooddocument/duitsland,Nooddocument aanvragen in Duitsland | NederlandWereldwijd,28,lange-zin,advies,Ga daarom op zoek naar een fotograaf die bekend is met de eisen aan een pasfoto voor een Nederlands paspoort of ID-kaart...,Ga daarom op zoek naar een fotograaf die bekend is met de eisen aan een pasfoto voor een Nederlands paspoort of ID-kaart...,Zin van 22 woorden; boven de 20 wordt een zin lastig te volgen.,Knip de zin in tweeën.
0506_paspoort-id-kaart_nooddocument_duitsland.txt,https://www.nederlandwereldwijd.nl/paspoort-id-kaart/nooddocument/duitsland,Nooddocument aanvragen in Duitsland | NederlandWereldwijd,38,lijdende-vorm,advies,worden aanvragen niet verwerkt,In het weekend is de ambassade gesloten en worden aanvragen niet verwerkt.,Lijdende vorm: de lezer ziet niet wie er iets doet.,"Schrijf actief, bijvoorbeeld 'wij sturen' of 'u ontvangt'."
0506_paspoort-id-kaart_nooddocument_duitsland.txt,https://www.nederlandwereldwijd.nl/paspoort-id-kaart/nooddocument/duitsland,Nooddocument aanvragen in Duitsland | NederlandWereldwijd,61,lange-zin,advies,Als u weer thuis bent levert u uw laissez-passer in bij uw gemeente en vraagt u daar een nieuw paspoort of ID-kaart aan.,Als u weer thuis bent levert u uw laissez-passer in bij uw gemeente en vraagt u daar een nieuw paspoort of ID-kaart aan.,Zin van 23 woorden; boven de 20 wordt een zin lastig te volgen.,Knip de zin in tweeën.
0507_paspoort-id-kaart_nooddocument_ecuador.txt,https://www.nederlandwereldwijd.nl/paspoort-id-kaart/nooddocument/ecuador,Nooddocument aanvragen in Ecuador | NederlandWereldwijd,24,lange-zin,advies,Ga daarom op zoek naar een fotograaf die bekend is met de eisen aan een pasfoto voor een Nederlands paspoort of ID-kaart...,Ga daarom op zoek naar een fotograaf die bekend is met de eisen aan een pasfoto voor een Nederlands paspoort of ID-kaart...,Zin van 22 woorden; boven de 20 wordt een zin lastig te volgen.,Knip de zin in tweeën.
0507_paspoort-id-kaart_nooddocument_ecuador.txt,https://www.nederlandwereldwijd.nl/paspoort-id-kaart/nooddocument/ecuador,Nooddocument aanvragen in Ecuador | NederlandWereldwijd,34,lijdende-vorm,advies,worden aanvragen niet verwerkt,In het weekend is de ambassade gesloten en worden aanvragen niet verwerkt.,Lijdende vorm: de lezer ziet niet wie er iets doet.,"Schrijf actief, bijvoorbeeld 'wij sturen' of 'u ontvangt'."
0507_paspoort-id-kaart_nooddocument_ecuador.txt,https://www.nederlandwereldwijd.nl/paspoort-id-kaart/nooddocument/ecuador,Nooddocument aanvragen in Ecuador | NederlandWereldwijd,57,lange-zin,advies,Als u weer thuis bent levert u uw laissez-passer in bij uw gemeente en vraagt u daar een nieuw paspoort of ID-kaart aan.,Als u weer thuis bent levert u uw laissez-passer in bij uw gemeente en vraagt u daar een nieuw paspoort of ID-kaart aan.,Zin van 23 woorden; boven de 20 wordt een zin lastig te volgen.,Knip de zin in tweeën.
0508_paspoort-id-kaart_nooddocument_egypte.txt,https://www.nederlandwereldwijd.nl/paspoort-id-kaart/nooddocument/egypte,Nooddocument aanvragen in Egypte | NederlandWereldwijd,24,lange-zin,advies,Ga daarom op zoek naar een fotograaf die bekend is met de eisen aan een pasfoto voor een Nederlands paspoort of ID-kaart...,Ga daarom op zoek naar een fotograaf die bekend is met de eisen aan een pasfoto voor een Nederlands paspoort of ID-kaart...,Zin van 22 woorden; boven de 20 wordt een zin lastig te volgen.,Knip de zin in tweeën.
0508_paspoort-id-kaart_nooddocument_egypte.txt,https://www.nederlandwereldwijd.nl/paspoort-id-kaart/nooddocument/egypte,Nooddocument aanvragen in Egypte | NederlandWereldwijd,34,lijdende-vorm,advies,worden aanvragen niet verwerkt,In het weekend is de ambassade gesloten en worden aanvragen niet verwerkt.,Lijdende vorm: de lezer ziet niet wie er iets doet.,"Schrijf actief, bijvoorbeeld 'wij sturen' of 'u ontvangt'."
0508_paspoort-id-kaart_nooddocument_egypte.txt,https://www.nederlandwereldwijd.nl/paspoort-id-kaart/nooddocument/egypte,Nooddocument aanvragen in Egypte | NederlandWereldwijd,57,lange-zin,advies,Als u weer thuis bent levert u uw laissez-passer in bij uw gemeente en vraagt u daar een nieuw paspoort of ID-kaart aan.,Als u weer thuis bent levert u uw laissez-passer in bij uw gemeente en vraagt u daar een nieuw paspoort of ID-kaart aan.,Zin van 23 woorden; boven de 20 wordt een zin lastig te volgen.,Knip de zin in tweeën.
0509_paspoort-id-kaart_nooddocument_el-salvador.txt,https://www.nederlandwereldwijd.nl/paspoort-id-kaart/nooddocument/el-salvador,Nooddocument aanvragen in El Salvador | NederlandWereldwijd,24,lange-zin,advies,Ga daarom op zoek naar een fotograaf die bekend is met de eisen aan een pasfoto voor een Nederlands paspoort of ID-kaart...,Ga daarom op zoek naar een fotograaf die bekend is met de eisen aan een pasfoto voor een Nederlands paspoort of ID-kaart...,Zin van 22 woorden; boven de 20 wordt een zin lastig te volgen.,Knip de zin in tweeën.
0509_paspoort-id-kaart_nooddocument_el-salvador.txt,https://www.nederlandwereldwijd.nl/paspoort-id-kaart/nooddocument/el-salvador,Nooddocument aanvragen in El Salvador | NederlandWereldwijd,34,lijdende-vorm,advies,worden aanvragen niet verwerkt,In het weekend is de ambassade gesloten en worden aanvragen niet verwerkt.,Lijdende vorm: de lezer ziet niet wie er iets doet.,"Schrijf actief, bijvoorbeeld 'wij sturen' of 'u ontvangt'."
0509_paspoort-id-kaart_nooddocument_el-salvador.txt,https://www.nederlandwereldwijd.nl/paspoort-id-kaart/nooddocument/el-salvador,Nooddocument aanvragen in El Salvador | NederlandWereldwijd,47,lange-zin,advies,In het overzicht van de consulaire tarieven in Costa Rica ziet u wat een nooddocument kost en hoe u kunt betalen.,In het overzicht van de consulaire tarieven in Costa Rica ziet u wat een nooddocument kost en hoe u kunt betalen.,Zin van 21 woorden; boven de 20 wordt een zin lastig te volgen.,Knip de zin in tweeën.
0509_paspoort-id-kaart_nooddocument_el-salvador.txt,https://www.nederlandwereldwijd.nl/paspoort-id-kaart/nooddocument/el-salvador,Nooddocument aanvragen in El Salvador | NederlandWereldwijd,57,lange-zin,advies,Als u weer thuis bent levert u uw laissez-passer in bij uw gemeente en vraagt u daar een nieuw paspoort of ID-kaart aan.,Als u weer thuis bent levert u uw laissez-passer in bij uw gemeente en vraagt u daar een nieuw paspoort of ID-kaart aan.,Zin van 23 woorden; boven de 20 wordt een zin lastig te volgen.,Knip de zin in tweeën.
0510_paspoort-id-kaart_nooddocument_equatoriaal-guinea.txt,https://www.nederlandwereldwijd.nl/paspoort-id-kaart/nooddocument/equatoriaal-guinea,Nooddocument aanvragen in Equatoriaal-Guinea | NederlandWereldwijd,24,lange-zin,advies,Ga daarom op zoek naar een fotograaf die bekend is met de eisen aan een pasfoto voor een Nederlands paspoort of ID-kaart...,Ga daarom op zoek naar een fotograaf die bekend is met de eisen aan een pasfoto voor een Nederlands paspoort of ID-kaart...,Zin van 22 woorden; boven de 20 wordt een zin lastig te volgen.,Knip de zin in tweeën.
0510_paspoort-id-kaart_nooddocument_equatoriaal-guinea.txt,https://www.nederlandwereldwijd.nl/paspoort-id-kaart/nooddocument/equatoriaal-guinea,Nooddocument aanvragen in Equatoriaal-Guinea | NederlandWereldwijd,34,lijdende-vorm,advies,worden aanvragen niet verwerkt,In het weekend is de ambassade gesloten en worden aanvragen niet verwerkt.,Lijdende vorm: de lezer ziet niet wie er iets doet.,"Schrijf actief, bijvoorbeeld 'wij sturen' of 'u ontvangt'."
0510_paspoort-id-kaart_nooddocument_equatoriaal-guinea.txt,https://www.nederlandwereldwijd.nl/paspoort-id-kaart/nooddocument/equatoriaal-guinea,Nooddocument aanvragen in Equatoriaal-Guinea | NederlandWereldwijd,57,lange-zin,advies,Als u weer thuis bent levert u uw laissez-passer in bij uw gemeente en vraagt u daar een nieuw paspoort of ID-kaart aan.,Als u weer thuis bent levert u uw laissez-passer in bij uw gemeente en vraagt u daar een nieuw paspoort of ID-kaart aan.,Zin van 23 woorden; boven de 20 wordt een zin lastig te volgen.,Knip de zin in tweeën.
0511_paspoort-id-kaart_nooddocument_eritrea.txt,https://www.nederlandwereldwijd.nl/paspoort-id-kaart/nooddocument/eritrea,Nooddocument aanvragen in Eritrea | NederlandWereldwijd,25,lange-zin,advies,Ga daarom op zoek naar een fotograaf die bekend is met de eisen aan een pasfoto voor een Nederlands paspoort of ID-kaart...,Ga daarom op zoek naar een fotograaf die bekend is met de eisen aan een pasfoto voor een Nederlands paspoort of ID-kaart...,Zin van 22 woorden; boven de 20 wordt een zin lastig te volgen.,Knip de zin in tweeën.
0511_paspoort-id-kaart_nooddocument_eritrea.txt,https://www.nederlandwereldwijd.nl/paspoort-id-kaart/nooddocument/eritrea,Nooddocument aanvragen in Eritrea | NederlandWereldwijd,34,lijdende-vorm,advies,worden aanvragen niet verwerkt,In het weekend is de ambassade gesloten en worden aanvragen niet verwerkt.,Lijdende vorm: de lezer ziet niet wie er iets doet.,"Schrijf actief, bijvoorbeeld 'wij sturen' of 'u ontvangt'."
0511_paspoort-id-kaart_nooddocument_eritrea.txt,https://www.nederlandwereldwijd.nl/paspoort-id-kaart/nooddocument/eritrea,Nooddocument aanvragen in Eritrea | NederlandWereldwijd,55,lange-zin,advies,Als u weer thuis bent levert u uw laissez-passer in bij uw gemeente en vraagt u daar een nieuw paspoort of ID-kaart aan.,Als u weer thuis bent levert u uw laissez-passer in bij uw gemeente en vraagt u daar een nieuw paspoort of ID-kaart aan.,Zin van 23 woorden; boven de 20 wordt een zin lastig te volgen.,Knip de zin in tweeën.
0512_paspoort-id-kaart_nooddocument_estland.txt,https://www.nederlandwereldwijd.nl/paspoort-id-kaart/nooddocument/estland,Nooddocument aanvragen in Estland | NederlandWereldwijd,7,lange-zin,advies,Vraag aan de maatschappij waarmee u reist of u met een kopie van uw paspoort of ID-kaart en uw ticket kunt reizen.,Vraag aan de maatschappij waarmee u reist of u met een kopie van uw paspoort of ID-kaart en uw ticket kunt reizen.,Zin van 22 woorden; boven de 20 wordt een zin lastig te volgen.,Knip de zin in tweeën.
0512_paspoort-id-kaart_nooddocument_estland.txt,https://www.nederlandwereldwijd.nl/paspoort-id-kaart/nooddocument/estland,Nooddocument aanvragen in Estland | NederlandWereldwijd,28,lange-zin,advies,Ga daarom op zoek naar een fotograaf die bekend is met de eisen aan een pasfoto voor een Nederlands paspoort of ID-kaart...,Ga daarom op zoek naar een fotograaf die bekend is met de eisen aan een pasfoto voor een Nederlands paspoort of ID-kaart...,Zin van 22 woorden; boven de 20 wordt een zin lastig te volgen.,Knip de zin in tweeën.
0512_paspoort-id-kaart_nooddocument_estland.txt,https://www.nederlandwereldwijd.nl/paspoort-id-kaart/nooddocument/estland,Nooddocument aanvragen in Estland | NederlandWereldwijd,38,lijdende-vorm,advies,worden aanvragen niet verwerkt,In het weekend is de ambassade gesloten en worden aanvragen niet verwerkt.,Lijdende vorm: de lezer ziet niet wie er iets doet.,"Schrijf actief, bijvoorbeeld 'wij sturen' of 'u ontvangt'."
0512_paspoort-id-kaart_nooddocument_estland.txt,https://www.nederlandwereldwijd.nl/paspoort-id-kaart/nooddocument/estland,Nooddocument aanvragen in Estland | NederlandWereldwijd,63,lange-zin,advies,Als u weer thuis bent levert u uw laissez-passer in bij uw gemeente en vraagt u daar een nieuw paspoort of ID-kaart aan.,Als u weer thuis bent levert u uw laissez-passer in bij uw gemeente en vraagt u daar een nieuw paspoort of ID-kaart aan.,Zin van 23 woorden; boven de 20 wordt een zin lastig te volgen.,Knip de zin in tweeën.
0513_paspoort-id-kaart_nooddocument_eswatini.txt,https://www.nederlandwereldwijd.nl/paspoort-id-kaart/nooddocument/eswatini,Nooddocument aanvragen in Eswatini | NederlandWereldwijd,24,lange-zin,advies,Ga daarom op zoek naar een fotograaf die bekend is met de eisen aan een pasfoto voor een Nederlands paspoort of ID-kaart...,Ga daarom op zoek naar een fotograaf die bekend is met de eisen aan een pasfoto voor een Nederlands paspoort of ID-kaart...,Zin van 22 woorden; boven de 20 wordt een zin lastig te volgen.,Knip de zin in tweeën.
0513_paspoort-id-kaart_nooddocument_eswatini.txt,https://www.nederlandwereldwijd.nl/paspoort-id-kaart/nooddocument/eswatini,Nooddocument aanvragen in Eswatini | NederlandWereldwijd,34,lijdende-vorm,advies,worden aanvragen niet verwerkt,In het weekend is de ambassade gesloten en worden aanvragen niet verwerkt.,Lijdende vorm: de lezer ziet niet wie er iets doet.,"Schrijf actief, bijvoorbeeld 'wij sturen' of 'u ontvangt'."
0513_paspoort-id-kaart_nooddocument_eswatini.txt,https://www.nederlandwereldwijd.nl/paspoort-id-kaart/nooddocument/eswatini,Nooddocument aanvragen in Eswatini | NederlandWereldwijd,57,lange-zin,advies,Als u weer thuis bent levert u uw laissez-passer in bij uw gemeente en vraagt u daar een nieuw paspoort of ID-kaart aan.,Als u weer thuis bent levert u uw laissez-passer in bij uw gemeente en vraagt u daar een nieuw paspoort of ID-kaart aan.,Zin van 23 woorden; boven de 20 wordt een zin lastig te volgen.,Knip de zin in tweeën.
0514_paspoort-id-kaart_nooddocument_ethiopie.txt,https://www.nederlandwereldwijd.nl/paspoort-id-kaart/nooddocument/ethiopie,Nooddocument aanvragen in Ethiopië | NederlandWereldwijd,24,lange-zin,advies,Ga daarom op zoek naar een fotograaf die bekend is met de eisen aan een pasfoto voor een Nederlands paspoort of ID-kaart...,Ga daarom op zoek naar een fotograaf die bekend is met de eisen aan een pasfoto voor een Nederlands paspoort of ID-kaart...,Zin van 22 woorden; boven de 20 wordt een zin lastig te volgen.,Knip de zin in tweeën.
0514_paspoort-id-kaart_nooddocument_ethiopie.txt,https://www.nederlandwereldwijd.nl/paspoort-id-kaart/nooddocument/ethiopie,Nooddocument aanvragen in Ethiopië | NederlandWereldwijd,34,lijdende-vorm,advies,worden aanvragen niet verwerkt,In het weekend is de ambassade gesloten en worden aanvragen niet verwerkt.,Lijdende vorm: de lezer ziet niet wie er iets doet.,"Schrijf actief, bijvoorbeeld 'wij sturen' of 'u ontvangt'."
0514_paspoort-id-kaart_nooddocument_ethiopie.txt,https://www.nederlandwereldwijd.nl/paspoort-id-kaart/nooddocument/ethiopie,Nooddocument aanvragen in Ethiopië | NederlandWereldwijd,57,lange-zin,advies,Als u weer thuis bent levert u uw laissez-passer in bij uw gemeente en vraagt u daar een nieuw paspoort of ID-kaart aan.,Als u weer thuis bent levert u uw laissez-passer in bij uw gemeente en vraagt u daar een nieuw paspoort of ID-kaart aan.,Zin van 23 woorden; boven de 20 wordt een zin lastig te volgen.,Knip de zin in tweeën.
0515_paspoort-id-kaart_nooddocument_fiji.txt,https://www.nederlandwereldwijd.nl/paspoort-id-kaart/nooddocument/fiji,Nooddocument aanvragen op Fiji | NederlandWereldwijd,24,lange-zin,advies,Ga daarom op zoek naar een fotograaf die bekend is met de eisen aan een pasfoto voor een Nederlands paspoort of ID-kaart...,Ga daarom op zoek naar een fotograaf die bekend is met de eisen aan een pasfoto voor een Nederlands paspoort of ID-kaart...,Zin van 22 woorden; boven de 20 wordt een zin lastig te volgen.,Knip de zin in tweeën.
0515_paspoort-id-kaart_nooddocument_fiji.txt,https://www.nederlandwereldwijd.nl/paspoort-id-kaart/nooddocument/fiji,Nooddocument aanvragen op Fiji | NederlandWereldwijd,34,lijdende-vorm,advies,worden aanvragen niet verwerkt,In het weekend is de ambassade gesloten en worden aanvragen niet verwerkt.,Lijdende vorm: de lezer ziet niet wie er iets doet.,"Schrijf actief, bijvoorbeeld 'wij sturen' of 'u ontvangt'."
0515_paspoort-id-kaart_nooddocument_fiji.txt,https://www.nederlandwereldwijd.nl/paspoort-id-kaart/nooddocument/fiji,Nooddocument aanvragen op Fiji | NederlandWereldwijd,57,lange-zin,advies,Als u weer thuis bent levert u uw laissez-passer in bij uw gemeente en vraagt u daar een nieuw paspoort of ID-kaart aan.,Als u weer thuis bent levert u uw laissez-passer in bij uw gemeente en vraagt u daar een nieuw paspoort of ID-kaart aan.,Zin van 23 woorden; boven de 20 wordt een zin lastig te volgen.,Knip de zin in tweeën.
0516_paspoort-id-kaart_nooddocument_filipijnen.txt,https://www.nederlandwereldwijd.nl/paspoort-id-kaart/nooddocument/filipijnen,Nooddocument aanvragen in de Filipijnen | NederlandWereldwijd,24,lange-zin,advies,Ga daarom op zoek naar een fotograaf die bekend is met de eisen aan een pasfoto voor een Nederlands paspoort of ID-kaart...,Ga daarom op zoek naar een fotograaf die bekend is met de eisen aan een pasfoto voor een Nederlands paspoort of ID-kaart...,Zin van 22 woorden; boven de 20 wordt een zin lastig te volgen.,Knip de zin in tweeën.
0516_paspoort-id-kaart_nooddocument_filipijnen.txt,https://www.nederlandwereldwijd.nl/paspoort-id-kaart/nooddocument/filipijnen,Nooddocument aanvragen in de Filipijnen | NederlandWereldwijd,34,lijdende-vorm,advies,worden aanvragen niet verwerkt,In het weekend is de ambassade gesloten en worden aanvragen niet verwerkt.,Lijdende vorm: de lezer ziet niet wie er iets doet.,"Schrijf actief, bijvoorbeeld 'wij sturen' of 'u ontvangt'."
0516_paspoort-id-kaart_nooddocument_filipijnen.txt,https://www.nederlandwereldwijd.nl/paspoort-id-kaart/nooddocument/filipijnen,Nooddocument aanvragen in de Filipijnen | NederlandWereldwijd,47,lange-zin,advies,In het overzicht van de consulaire tarieven in de Filipijnen ziet u wat een nooddocument kost en hoe u kunt betalen.,In het overzicht van de consulaire tarieven in de Filipijnen ziet u wat een nooddocument kost en hoe u kunt betalen.,Zin van 21 woorden; boven de 20 wordt een zin lastig te volgen.,Knip de zin in tweeën.
0516_paspoort-id-kaart_nooddocument_filipijnen.txt,https://www.nederlandwereldwijd.nl/paspoort-id-kaart/nooddocument/filipijnen,Nooddocument aanvragen in de Filipijnen | NederlandWereldwijd,57,lange-zin,advies,Als u weer thuis bent levert u uw laissez-passer in bij uw gemeente en vraagt u daar een nieuw paspoort of ID-kaart aan.,Als u weer thuis bent levert u uw laissez-passer in bij uw gemeente en vraagt u daar een nieuw paspoort of ID-kaart aan.,Zin van 23 woorden; boven de 20 wordt een zin lastig te volgen.,Knip de zin in tweeën.
0517_paspoort-id-kaart_nooddocument_finland.txt,https://www.nederlandwereldwijd.nl/paspoort-id-kaart/nooddocument/finland,Nooddocument aanvragen in Finland | NederlandWereldwijd,7,lange-zin,advies,Vraag aan de maatschappij waarmee u reist of u met een kopie van uw paspoort of ID-kaart en uw ticket kunt reizen.,Vraag aan de maatschappij waarmee u reist of u met een kopie van uw paspoort of ID-kaart en uw ticket kunt reizen.,Zin van 22 woorden; boven de 20 wordt een zin lastig te volgen.,Knip de zin in tweeën.
0517_paspoort-id-kaart_nooddocument_finland.txt,https://www.nederlandwereldwijd.nl/paspoort-id-kaart/nooddocument/finland,Nooddocument aanvragen in Finland | NederlandWereldwijd,28,lange-zin,advies,Ga daarom op zoek naar een fotograaf die bekend is met de eisen aan een pasfoto voor een Nederlands paspoort of ID-kaart...,Ga daarom op zoek naar een fotograaf die bekend is met de eisen aan een pasfoto voor een Nederlands paspoort of ID-kaart...,Zin van 22 woorden; boven de 20 wordt een zin lastig te volgen.,Knip de zin in tweeën.
0517_paspoort-id-kaart_nooddocument_finland.txt,https://www.nederlandwereldwijd.nl/paspoort-id-kaart/nooddocument/finland,Nooddocument aanvragen in Finland | NederlandWereldwijd,38,lijdende-vorm,advies,worden aanvragen niet verwerkt,In het weekend is de ambassade gesloten en worden aanvragen niet verwerkt.,Lijdende vorm: de lezer ziet niet wie er iets doet.,"Schrijf actief, bijvoorbeeld 'wij sturen' of 'u ontvangt'."
0517_paspoort-id-kaart_nooddocument_finland.txt,https://www.nederlandwereldwijd.nl/paspoort-id-kaart/nooddocument/finland,Nooddocument aanvragen in Finland | NederlandWereldwijd,61,lange-zin,advies,Als u weer thuis bent levert u uw laissez-passer in bij uw gemeente en vraagt u daar een nieuw paspoort of ID-kaart aan.,Als u weer thuis bent levert u uw laissez-passer in bij uw gemeente en vraagt u daar een nieuw paspoort of ID-kaart aan.,Zin van 23 woorden; boven de 20 wordt een zin lastig te volgen.,Knip de zin in tweeën.
0518_paspoort-id-kaart_nooddocument_frankrijk.txt,https://www.nederlandwereldwijd.nl/paspoort-id-kaart/nooddocument/frankrijk,Nooddocument aanvragen in Frankrijk | NederlandWereldwijd,7,lange-zin,advies,Vraag aan de maatschappij waarmee u reist of u met een kopie van uw paspoort of ID-kaart en uw ticket kunt reizen.,Vraag aan de maatschappij waarmee u reist of u met een kopie van uw paspoort of ID-kaart en uw ticket kunt reizen.,Zin van 22 woorden; boven de 20 wordt een zin lastig te volgen.,Knip de zin in tweeën.
0518_paspoort-id-kaart_nooddocument_frankrijk.txt,https://www.nederlandwereldwijd.nl/paspoort-id-kaart/nooddocument/frankrijk,Nooddocument aanvragen in Frankrijk | NederlandWereldwijd,28,lange-zin,advies,Ga daarom op zoek naar een fotograaf die bekend is met de eisen aan een pasfoto voor een Nederlands paspoort of ID-kaart...,Ga daarom op zoek naar een fotograaf die bekend is met de eisen aan een pasfoto voor een Nederlands paspoort of ID-kaart...,Zin van 22 woorden; boven de 20 wordt een zin lastig te volgen.,Knip de zin in tweeën.
0518_paspoort-id-kaart_nooddocument_frankrijk.txt,https://www.nederlandwereldwijd.nl/paspoort-id-kaart/nooddocument/frankrijk,Nooddocument aanvragen in Frankrijk | NederlandWereldwijd,38,lijdende-vorm,advies,worden aanvragen niet verwerkt,In het weekend is de ambassade gesloten en worden aanvragen niet verwerkt.,Lijdende vorm: de lezer ziet niet wie er iets doet.,"Schrijf actief, bijvoorbeeld 'wij sturen' of 'u ontvangt'."
0518_paspoort-id-kaart_nooddocument_frankrijk.txt,https://www.nederlandwereldwijd.nl/paspoort-id-kaart/nooddocument/frankrijk,Nooddocument aanvragen in Frankrijk | NederlandWereldwijd,61,lange-zin,advies,Als u weer thuis bent levert u uw laissez-passer in bij uw gemeente en vraagt u daar een nieuw paspoort of ID-kaart aan.,Als u weer thuis bent levert u uw laissez-passer in bij uw gemeente en vraagt u daar een nieuw paspoort of ID-kaart aan.,Zin van 23 woorden; boven de 20 wordt een zin lastig te volgen.,Knip de zin in tweeën.
0519_paspoort-id-kaart_nooddocument_frans-guyana.txt,https://www.nederlandwereldwijd.nl/paspoort-id-kaart/nooddocument/frans-guyana,Nooddocument aanvragen in Frans-Guyana | NederlandWereldwijd,24,lange-zin,advies,Ga daarom op zoek naar een fotograaf die bekend is met de eisen aan een pasfoto voor een Nederlands paspoort of ID-kaart...,Ga daarom op zoek naar een fotograaf die bekend is met de eisen aan een pasfoto voor een Nederlands paspoort of ID-kaart...,Zin van 22 woorden; boven de 20 wordt een zin lastig te volgen.,Knip de zin in tweeën.
0519_paspoort-id-kaart_nooddocument_frans-guyana.txt,https://www.nederlandwereldwijd.nl/paspoort-id-kaart/nooddocument/frans-guyana,Nooddocument aanvragen in Frans-Guyana | NederlandWereldwijd,34,lijdende-vorm,advies,worden aanvragen niet verwerkt,In het weekend is de ambassade gesloten en worden aanvragen niet verwerkt.,Lijdende vorm: de lezer ziet niet wie er iets doet.,"Schrijf actief, bijvoorbeeld 'wij sturen' of 'u ontvangt'."
0519_paspoort-id-kaart_nooddocument_frans-guyana.txt,https://www.nederlandwereldwijd.nl/paspoort-id-kaart/nooddocument/frans-guyana,Nooddocument aanvragen in Frans-Guyana | NederlandWereldwijd,57,lange-zin,advies,Als u weer thuis bent levert u uw laissez-passer in bij uw gemeente en vraagt u daar een nieuw paspoort of ID-kaart aan.,Als u weer thuis bent levert u uw laissez-passer in bij uw gemeente en vraagt u daar een nieuw paspoort of ID-kaart aan.,Zin van 23 woorden; boven de 20 wordt een zin lastig te volgen.,Knip de zin in tweeën.
0520_paspoort-id-kaart_nooddocument_frans-polynesie.txt,https://www.nederlandwereldwijd.nl/paspoort-id-kaart/nooddocument/frans-polynesie,Nooddocument aanvragen in Frans-Polynesië | NederlandWereldwijd,24,lange-zin,advies,Ga daarom op zoek naar een fotograaf die bekend is met de eisen aan een pasfoto voor een Nederlands paspoort of ID-kaart...,Ga daarom op zoek naar een fotograaf die bekend is met de eisen aan een pasfoto voor een Nederlands paspoort of ID-kaart...,Zin van 22 woorden; boven de 20 wordt een zin lastig te volgen.,Knip de zin in tweeën.
0520_paspoort-id-kaart_nooddocument_frans-polynesie.txt,https://www.nederlandwereldwijd.nl/paspoort-id-kaart/nooddocument/frans-polynesie,Nooddocument aanvragen in Frans-Polynesië | NederlandWereldwijd,34,lijdende-vorm,advies,worden aanvragen niet verwerkt,In het weekend is de ambassade gesloten en worden aanvragen niet verwerkt.,Lijdende vorm: de lezer ziet niet wie er iets doet.,"Schrijf actief, bijvoorbeeld 'wij sturen' of 'u ontvangt'."
0520_paspoort-id-kaart_nooddocument_frans-polynesie.txt,https://www.nederlandwereldwijd.nl/paspoort-id-kaart/nooddocument/frans-polynesie,Nooddocument aanvragen in Frans-Polynesië | NederlandWereldwijd,57,lange-zin,advies,Als u weer thuis bent levert u uw laissez-passer in bij uw gemeente en vraagt u daar een nieuw paspoort of ID-kaart aan.,Als u weer thuis bent levert u uw laissez-passer in bij uw gemeente en vraagt u daar een nieuw paspoort of ID-kaart aan.,Zin van 23 woorden; boven de 20 wordt een zin lastig te volgen.,Knip de zin in tweeën.
0521_paspoort-id-kaart_nooddocument_gabon.txt,https://www.nederlandwereldwijd.nl/paspoort-id-kaart/nooddocument/gabon,Nooddocument aanvragen in Gabon | NederlandWereldwijd,24,lange-zin,advies,Ga daarom op zoek naar een fotograaf die bekend is met de eisen aan een pasfoto voor een Nederlands paspoort of ID-kaart...,Ga daarom op zoek naar een fotograaf die bekend is met de eisen aan een pasfoto voor een Nederlands paspoort of ID-kaart...,Zin van 22 woorden; boven de 20 wordt een zin lastig te volgen.,Knip de zin in tweeën.
0521_paspoort-id-kaart_nooddocument_gabon.txt,https://www.nederlandwereldwijd.nl/paspoort-id-kaart/nooddocument/gabon,Nooddocument aanvragen in Gabon | NederlandWereldwijd,34,lijdende-vorm,advies,worden aanvragen niet verwerkt,In het weekend is de ambassade gesloten en worden aanvragen niet verwerkt.,Lijdende vorm: de lezer ziet niet wie er iets doet.,"Schrijf actief, bijvoorbeeld 'wij sturen' of 'u ontvangt'."
0521_paspoort-id-kaart_nooddocument_gabon.txt,https://www.nederlandwereldwijd.nl/paspoort-id-kaart/nooddocument/gabon,Nooddocument aanvragen in Gabon | NederlandWereldwijd,57,lange-zin,advies,Als u weer thuis bent levert u uw laissez-passer in bij uw gemeente en vraagt u daar een nieuw paspoort of ID-kaart aan.,Als u weer thuis bent levert u uw laissez-passer in bij uw gemeente en vraagt u daar een nieuw paspoort of ID-kaart aan.,Zin van 23 woorden; boven de 20 wordt een zin lastig te volgen.,Knip de zin in tweeën.
0522_paspoort-id-kaart_nooddocument_gambia.txt,https://www.nederlandwereldwijd.nl/paspoort-id-kaart/nooddocument/gambia,Nooddocument aanvragen in Gambia | NederlandWereldwijd,24,lange-zin,advies,Ga daarom op zoek naar een fotograaf die bekend is met de eisen aan een pasfoto voor een Nederlands paspoort of ID-kaart...,Ga daarom op zoek naar een fotograaf die bekend is met de eisen aan een pasfoto voor een Nederlands paspoort of ID-kaart...,Zin van 22 woorden; boven de 20 wordt een zin lastig te volgen.,Knip de zin in tweeën.
0522_paspoort-id-kaart_nooddocument_gambia.txt,https://www.nederlandwereldwijd.nl/paspoort-id-kaart/nooddocument/gambia,Nooddocument aanvragen in Gambia | NederlandWereldwijd,34,lijdende-vorm,advies,worden aanvragen niet verwerkt,In het weekend is de ambassade gesloten en worden aanvragen niet verwerkt.,Lijdende vorm: de lezer ziet niet wie er iets doet.,"Schrijf actief, bijvoorbeeld 'wij sturen' of 'u ontvangt'."
0522_paspoort-id-kaart_nooddocument_gambia.txt,https://www.nederlandwereldwijd.nl/paspoort-id-kaart/nooddocument/gambia,Nooddocument aanvragen in Gambia | NederlandWereldwijd,57,lange-zin,advies,Als u weer thuis bent levert u uw laissez-passer in bij uw gemeente en vraagt u daar een nieuw paspoort of ID-kaart aan.,Als u weer thuis bent levert u uw laissez-passer in bij uw gemeente en vraagt u daar een nieuw paspoort of ID-kaart aan.,Zin van 23 woorden; boven de 20 wordt een zin lastig te volgen.,Knip de zin in tweeën.
0523_paspoort-id-kaart_nooddocument_georgie.txt,https://www.nederlandwereldwijd.nl/paspoort-id-kaart/nooddocument/georgie,Nooddocument aanvragen in Georgië | NederlandWereldwijd,22,lange-zin,advies,het paspoortaanvraagformulier paspoortaanvraagformulier (ondertekend door uw ouders of voogden) of het bewijs van toeste...,het paspoortaanvraagformulier paspoortaanvraagformulier (ondertekend door uw ouders of voogden) of het bewijs van toeste...,Zin van 23 woorden; boven de 20 wordt een zin lastig te volgen.,Knip de zin in tweeën.
0523_paspoort-id-kaart_nooddocument_georgie.txt,https://www.nederlandwereldwijd.nl/paspoort-id-kaart/nooddocument/georgie,Nooddocument aanvragen in Georgië | NederlandWereldwijd,24,lange-zin,advies,Ga daarom op zoek naar een fotograaf die bekend is met de eisen aan een pasfoto voor een Nederlands paspoort of ID-kaart...,Ga daarom op zoek naar een fotograaf die bekend is met de eisen aan een pasfoto voor een Nederlands paspoort of ID-kaart...,Zin van 22 woorden; boven de 20 wordt een zin lastig te volgen.,Knip de zin in tweeën.
0523_paspoort-id-kaart_nooddocument_georgie.txt,https://www.nederlandwereldwijd.nl/paspoort-id-kaart/nooddocument/georgie,Nooddocument aanvragen in Georgië | NederlandWereldwijd,34,lijdende-vorm,advies,worden aanvragen niet verwerkt,In het weekend is de ambassade gesloten en worden aanvragen niet verwerkt.,Lijdende vorm: de lezer ziet niet wie er iets doet.,"Schrijf actief, bijvoorbeeld 'wij sturen' of 'u ontvangt'."
0523_paspoort-id-kaart_nooddocument_georgie.txt,https://www.nederlandwereldwijd.nl/paspoort-id-kaart/nooddocument/georgie,Nooddocument aanvragen in Georgië | NederlandWereldwijd,57,lange-zin,advies,Als u weer thuis bent levert u uw laissez-passer in bij uw gemeente en vraagt u daar een nieuw paspoort of ID-kaart aan.,Als u weer thuis bent levert u uw laissez-passer in bij uw gemeente en vraagt u daar een nieuw paspoort of ID-kaart aan.,Zin van 23 woorden; boven de 20 wordt een zin lastig te volgen.,Knip de zin in tweeën.
0524_paspoort-id-kaart_nooddocument_ghana.txt,https://www.nederlandwereldwijd.nl/paspoort-id-kaart/nooddocument/ghana,Nooddocument aanvragen in Ghana | NederlandWereldwijd,24,lange-zin,advies,Ga daarom op zoek naar een fotograaf die bekend is met de eisen aan een pasfoto voor een Nederlands paspoort of ID-kaart...,Ga daarom op zoek naar een fotograaf die bekend is met de eisen aan een pasfoto voor een Nederlands paspoort of ID-kaart...,Zin van 22 woorden; boven de 20 wordt een zin lastig te volgen.,Knip de zin in tweeën.
0524_paspoort-id-kaart_nooddocument_ghana.txt,https://www.nederlandwereldwijd.nl/paspoort-id-kaart/nooddocument/ghana,Nooddocument aanvragen in Ghana | NederlandWereldwijd,34,lijdende-vorm,advies,worden aanvragen niet verwerkt,In het weekend is de ambassade gesloten en worden aanvragen niet verwerkt.,Lijdende vorm: de lezer ziet niet wie er iets doet.,"Schrijf actief, bijvoorbeeld 'wij sturen' of 'u ontvangt'."
0524_paspoort-id-kaart_nooddocument_ghana.txt,https://www.nederlandwereldwijd.nl/paspoort-id-kaart/nooddocument/ghana,Nooddocument aanvragen in Ghana | NederlandWereldwijd,57,lange-zin,advies,Als u weer thuis bent levert u uw laissez-passer in bij uw gemeente en vraagt u daar een nieuw paspoort of ID-kaart aan.,Als u weer thuis bent levert u uw laissez-passer in bij uw gemeente en vraagt u daar een nieuw paspoort of ID-kaart aan.,Zin van 23 woorden; boven de 20 wordt een zin lastig te volgen.,Knip de zin in tweeën.
0525_paspoort-id-kaart_nooddocument_grenada.txt,https://www.nederlandwereldwijd.nl/paspoort-id-kaart/nooddocument/grenada,Nooddocument aanvragen in Grenada | NederlandWereldwijd,24,lange-zin,advies,Ga daarom op zoek naar een fotograaf die bekend is met de eisen aan een pasfoto voor een Nederlands paspoort of ID-kaart...,Ga daarom op zoek naar een fotograaf die bekend is met de eisen aan een pasfoto voor een Nederlands paspoort of ID-kaart...,Zin van 22 woorden; boven de 20 wordt een zin lastig te volgen.,Knip de zin in tweeën.
0525_paspoort-id-kaart_nooddocument_grenada.txt,https://www.nederlandwereldwijd.nl/paspoort-id-kaart/nooddocument/grenada,Nooddocument aanvragen in Grenada | NederlandWereldwijd,33,lijdende-vorm,advies,worden aanvragen niet verwerkt,In het weekend is de ambassade gesloten en worden aanvragen niet verwerkt.,Lijdende vorm: de lezer ziet niet wie er iets doet.,"Schrijf actief, bijvoorbeeld 'wij sturen' of 'u ontvangt'."
0525_paspoort-id-kaart_nooddocument_grenada.txt,https://www.nederlandwereldwijd.nl/paspoort-id-kaart/nooddocument/grenada,Nooddocument aanvragen in Grenada | NederlandWereldwijd,46,lange-zin,advies,In het overzicht van de consulaire tarieven in Trinidad en Tobago ziet u wat een nooddocument kost en hoe u kunt betalen...,In het overzicht van de consulaire tarieven in Trinidad en Tobago ziet u wat een nooddocument kost en hoe u kunt betalen...,Zin van 22 woorden; boven de 20 wordt een zin lastig te volgen.,Knip de zin in tweeën.
0525_paspoort-id-kaart_nooddocument_grenada.txt,https://www.nederlandwereldwijd.nl/paspoort-id-kaart/nooddocument/grenada,Nooddocument aanvragen in Grenada | NederlandWereldwijd,56,lange-zin,advies,Als u weer thuis bent levert u uw laissez-passer in bij uw gemeente en vraagt u daar een nieuw paspoort of ID-kaart aan.,Als u weer thuis bent levert u uw laissez-passer in bij uw gemeente en vraagt u daar een nieuw paspoort of ID-kaart aan.,Zin van 23 woorden; boven de 20 wordt een zin lastig te volgen.,Knip de zin in tweeën.
0526_paspoort-id-kaart_nooddocument_griekenland.txt,https://www.nederlandwereldwijd.nl/paspoort-id-kaart/nooddocument/griekenland,Nooddocument aanvragen in Griekenland | NederlandWereldwijd,7,lange-zin,advies,Vraag aan de maatschappij waarmee u reist of u met een kopie van uw paspoort of ID-kaart en uw ticket kunt reizen.,Vraag aan de maatschappij waarmee u reist of u met een kopie van uw paspoort of ID-kaart en uw ticket kunt reizen.,Zin van 22 woorden; boven de 20 wordt een zin lastig te volgen.,Knip de zin in tweeën.
0526_paspoort-id-kaart_nooddocument_griekenland.txt,https://www.nederlandwereldwijd.nl/paspoort-id-kaart/nooddocument/griekenland,Nooddocument aanvragen in Griekenland | NederlandWereldwijd,28,lange-zin,advies,Ga daarom op zoek naar een fotograaf die bekend is met de eisen aan een pasfoto voor een Nederlands paspoort of ID-kaart...,Ga daarom op zoek naar een fotograaf die bekend is met de eisen aan een pasfoto voor een Nederlands paspoort of ID-kaart...,Zin van 22 woorden; boven de 20 wordt een zin lastig te volgen.,Knip de zin in tweeën.
0526_paspoort-id-kaart_nooddocument_griekenland.txt,https://www.nederlandwereldwijd.nl/paspoort-id-kaart/nooddocument/griekenland,Nooddocument aanvragen in Griekenland | NederlandWereldwijd,38,lijdende-vorm,advies,worden aanvragen niet verwerkt,In het weekend is de ambassade gesloten en worden aanvragen niet verwerkt.,Lijdende vorm: de lezer ziet niet wie er iets doet.,"Schrijf actief, bijvoorbeeld 'wij sturen' of 'u ontvangt'."
0526_paspoort-id-kaart_nooddocument_griekenland.txt,https://www.nederlandwereldwijd.nl/paspoort-id-kaart/nooddocument/griekenland,Nooddocument aanvragen in Griekenland | NederlandWereldwijd,61,lange-zin,advies,Als u weer thuis bent levert u uw laissez-passer in bij uw gemeente en vraagt u daar een nieuw paspoort of ID-kaart aan.,Als u weer thuis bent levert u uw laissez-passer in bij uw gemeente en vraagt u daar een nieuw paspoort of ID-kaart aan.,Zin van 23 woorden; boven de 20 wordt een zin lastig te volgen.,Knip de zin in tweeën.
0527_paspoort-id-kaart_nooddocument_groenland.txt,https://www.nederlandwereldwijd.nl/paspoort-id-kaart/nooddocument/groenland,Nooddocument aanvragen in Groenland | NederlandWereldwijd,24,lange-zin,advies,Ga daarom op zoek naar een fotograaf die bekend is met de eisen aan een pasfoto voor een Nederlands paspoort of ID-kaart...,Ga daarom op zoek naar een fotograaf die bekend is met de eisen aan een pasfoto voor een Nederlands paspoort of ID-kaart...,Zin van 22 woorden; boven de 20 wordt een zin lastig te volgen.,Knip de zin in tweeën.
0527_paspoort-id-kaart_nooddocument_groenland.txt,https://www.nederlandwereldwijd.nl/paspoort-id-kaart/nooddocument/groenland,Nooddocument aanvragen in Groenland | NederlandWereldwijd,34,lijdende-vorm,advies,worden aanvragen niet verwerkt,In het weekend is de ambassade gesloten en worden aanvragen niet verwerkt.,Lijdende vorm: de lezer ziet niet wie er iets doet.,"Schrijf actief, bijvoorbeeld 'wij sturen' of 'u ontvangt'."
0527_paspoort-id-kaart_nooddocument_groenland.txt,https://www.nederlandwereldwijd.nl/paspoort-id-kaart/nooddocument/groenland,Nooddocument aanvragen in Groenland | NederlandWereldwijd,57,lange-zin,advies,Als u weer thuis bent levert u uw laissez-passer in bij uw gemeente en vraagt u daar een nieuw paspoort of ID-kaart aan.,Als u weer thuis bent levert u uw laissez-passer in bij uw gemeente en vraagt u daar een nieuw paspoort of ID-kaart aan.,Zin van 23 woorden; boven de 20 wordt een zin lastig te volgen.,Knip de zin in tweeën.
0528_paspoort-id-kaart_nooddocument_guadeloupe.txt,https://www.nederlandwereldwijd.nl/paspoort-id-kaart/nooddocument/guadeloupe,Nooddocument aanvragen in Guadeloupe | NederlandWereldwijd,24,lange-zin,advies,Ga daarom op zoek naar een fotograaf die bekend is met de eisen aan een pasfoto voor een Nederlands paspoort of ID-kaart...,Ga daarom op zoek naar een fotograaf die bekend is met de eisen aan een pasfoto voor een Nederlands paspoort of ID-kaart...,Zin van 22 woorden; boven de 20 wordt een zin lastig te volgen.,Knip de zin in tweeën.
0528_paspoort-id-kaart_nooddocument_guadeloupe.txt,https://www.nederlandwereldwijd.nl/paspoort-id-kaart/nooddocument/guadeloupe,Nooddocument aanvragen in Guadeloupe | NederlandWereldwijd,34,lijdende-vorm,advies,worden aanvragen niet verwerkt,In het weekend is de ambassade gesloten en worden aanvragen niet verwerkt.,Lijdende vorm: de lezer ziet niet wie er iets doet.,"Schrijf actief, bijvoorbeeld 'wij sturen' of 'u ontvangt'."
0528_paspoort-id-kaart_nooddocument_guadeloupe.txt,https://www.nederlandwereldwijd.nl/paspoort-id-kaart/nooddocument/guadeloupe,Nooddocument aanvragen in Guadeloupe | NederlandWereldwijd,47,lange-zin,advies,In het overzicht van de consulaire tarieven in Trinidad en Tobago ziet u wat een nooddocument kost en hoe u kunt betalen...,In het overzicht van de consulaire tarieven in Trinidad en Tobago ziet u wat een nooddocument kost en hoe u kunt betalen...,Zin van 22 woorden; boven de 20 wordt een zin lastig te volgen.,Knip de zin in tweeën.
0528_paspoort-id-kaart_nooddocument_guadeloupe.txt,https://www.nederlandwereldwijd.nl/paspoort-id-kaart/nooddocument/guadeloupe,Nooddocument aanvragen in Guadeloupe | NederlandWereldwijd,57,lange-zin,advies,Als u weer thuis bent levert u uw laissez-passer in bij uw gemeente en vraagt u daar een nieuw paspoort of ID-kaart aan.,Als u weer thuis bent levert u uw laissez-passer in bij uw gemeente en vraagt u daar een nieuw paspoort of ID-kaart aan.,Zin van 23 woorden; boven de 20 wordt een zin lastig te volgen.,Knip de zin in tweeën.
0529_paspoort-id-kaart_nooddocument_guatemala.txt,https://www.nederlandwereldwijd.nl/paspoort-id-kaart/nooddocument/guatemala,Nooddocument aanvragen in Guatemala | NederlandWereldwijd,24,lange-zin,advies,Ga daarom op zoek naar een fotograaf die bekend is met de eisen aan een pasfoto voor een Nederlands paspoort of ID-kaart...,Ga daarom op zoek naar een fotograaf die bekend is met de eisen aan een pasfoto voor een Nederlands paspoort of ID-kaart...,Zin van 22 woorden; boven de 20 wordt een zin lastig te volgen.,Knip de zin in tweeën.
0529_paspoort-id-kaart_nooddocument_guatemala.txt,https://www.nederlandwereldwijd.nl/paspoort-id-kaart/nooddocument/guatemala,Nooddocument aanvragen in Guatemala | NederlandWereldwijd,34,lijdende-vorm,advies,worden aanvragen niet verwerkt,In het weekend is de ambassade gesloten en worden aanvragen niet verwerkt.,Lijdende vorm: de lezer ziet niet wie er iets doet.,"Schrijf actief, bijvoorbeeld 'wij sturen' of 'u ontvangt'."
0529_paspoort-id-kaart_nooddocument_guatemala.txt,https://www.nederlandwereldwijd.nl/paspoort-id-kaart/nooddocument/guatemala,Nooddocument aanvragen in Guatemala | NederlandWereldwijd,47,lange-zin,advies,In het overzicht van de consulaire tarieven in Costa Rica ziet u wat een nooddocument kost en hoe u kunt betalen.,In het overzicht van de consulaire tarieven in Costa Rica ziet u wat een nooddocument kost en hoe u kunt betalen.,Zin van 21 woorden; boven de 20 wordt een zin lastig te volgen.,Knip de zin in tweeën.
0529_paspoort-id-kaart_nooddocument_guatemala.txt,https://www.nederlandwereldwijd.nl/paspoort-id-kaart/nooddocument/guatemala,Nooddocument aanvragen in Guatemala | NederlandWereldwijd,57,lange-zin,advies,Als u weer thuis bent levert u uw laissez-passer in bij uw gemeente en vraagt u daar een nieuw paspoort of ID-kaart aan.,Als u weer thuis bent levert u uw laissez-passer in bij uw gemeente en vraagt u daar een nieuw paspoort of ID-kaart aan.,Zin van 23 woorden; boven de 20 wordt een zin lastig te volgen.,Knip de zin in tweeën.
0530_paspoort-id-kaart_nooddocument_guinee.txt,https://www.nederlandwereldwijd.nl/paspoort-id-kaart/nooddocument/guinee,Nooddocument aanvragen in Guinee | NederlandWereldwijd,24,lange-zin,advies,Ga daarom op zoek naar een fotograaf die bekend is met de eisen aan een pasfoto voor een Nederlands paspoort of ID-kaart...,Ga daarom op zoek naar een fotograaf die bekend is met de eisen aan een pasfoto voor een Nederlands paspoort of ID-kaart...,Zin van 22 woorden; boven de 20 wordt een zin lastig te volgen.,Knip de zin in tweeën.
0530_paspoort-id-kaart_nooddocument_guinee.txt,https://www.nederlandwereldwijd.nl/paspoort-id-kaart/nooddocument/guinee,Nooddocument aanvragen in Guinee | NederlandWereldwijd,34,lijdende-vorm,advies,worden aanvragen niet verwerkt,In het weekend is de ambassade gesloten en worden aanvragen niet verwerkt.,Lijdende vorm: de lezer ziet niet wie er iets doet.,"Schrijf actief, bijvoorbeeld 'wij sturen' of 'u ontvangt'."
0530_paspoort-id-kaart_nooddocument_guinee.txt,https://www.nederlandwereldwijd.nl/paspoort-id-kaart/nooddocument/guinee,Nooddocument aanvragen in Guinee | NederlandWereldwijd,57,lange-zin,advies,Als u weer thuis bent levert u uw laissez-passer in bij uw gemeente en vraagt u daar een nieuw paspoort of ID-kaart aan.,Als u weer thuis bent levert u uw laissez-passer in bij uw gemeente en vraagt u daar een nieuw paspoort of ID-kaart aan.,Zin van 23 woorden; boven de 20 wordt een zin lastig te volgen.,Knip de zin in tweeën.
0531_paspoort-id-kaart_nooddocument_guinee-bissau.txt,https://www.nederlandwereldwijd.nl/paspoort-id-kaart/nooddocument/guinee-bissau,Nooddocument aanvragen in Guinee-Bissau | NederlandWereldwijd,24,lange-zin,advies,Ga daarom op zoek naar een fotograaf die bekend is met de eisen aan een pasfoto voor een Nederlands paspoort of ID-kaart...,Ga daarom op zoek naar een fotograaf die bekend is met de eisen aan een pasfoto voor een Nederlands paspoort of ID-kaart...,Zin van 22 woorden; boven de 20 wordt een zin lastig te volgen.,Knip de zin in tweeën.
0531_paspoort-id-kaart_nooddocument_guinee-bissau.txt,https://www.nederlandwereldwijd.nl/paspoort-id-kaart/nooddocument/guinee-bissau,Nooddocument aanvragen in Guinee-Bissau | NederlandWereldwijd,34,lijdende-vorm,advies,worden aanvragen niet verwerkt,In het weekend is de ambassade gesloten en worden aanvragen niet verwerkt.,Lijdende vorm: de lezer ziet niet wie er iets doet.,"Schrijf actief, bijvoorbeeld 'wij sturen' of 'u ontvangt'."
0531_paspoort-id-kaart_nooddocument_guinee-bissau.txt,https://www.nederlandwereldwijd.nl/paspoort-id-kaart/nooddocument/guinee-bissau,Nooddocument aanvragen in Guinee-Bissau | NederlandWereldwijd,57,lange-zin,advies,Als u weer thuis bent levert u uw laissez-passer in bij uw gemeente en vraagt u daar een nieuw paspoort of ID-kaart aan.,Als u weer thuis bent levert u uw laissez-passer in bij uw gemeente en vraagt u daar een nieuw paspoort of ID-kaart aan.,Zin van 23 woorden; boven de 20 wordt een zin lastig te volgen.,Knip de zin in tweeën.
0532_paspoort-id-kaart_nooddocument_guyana.txt,https://www.nederlandwereldwijd.nl/paspoort-id-kaart/nooddocument/guyana,Nooddocument aanvragen in Guyana | NederlandWereldwijd,24,lange-zin,advies,Ga daarom op zoek naar een fotograaf die bekend is met de eisen aan een pasfoto voor een Nederlands paspoort of ID-kaart...,Ga daarom op zoek naar een fotograaf die bekend is met de eisen aan een pasfoto voor een Nederlands paspoort of ID-kaart...,Zin van 22 woorden; boven de 20 wordt een zin lastig te volgen.,Knip de zin in tweeën.
0532_paspoort-id-kaart_nooddocument_guyana.txt,https://www.nederlandwereldwijd.nl/paspoort-id-kaart/nooddocument/guyana,Nooddocument aanvragen in Guyana | NederlandWereldwijd,34,lijdende-vorm,advies,worden aanvragen niet verwerkt,In het weekend is de ambassade gesloten en worden aanvragen niet verwerkt.,Lijdende vorm: de lezer ziet niet wie er iets doet.,"Schrijf actief, bijvoorbeeld 'wij sturen' of 'u ontvangt'."
0532_paspoort-id-kaart_nooddocument_guyana.txt,https://www.nederlandwereldwijd.nl/paspoort-id-kaart/nooddocument/guyana,Nooddocument aanvragen in Guyana | NederlandWereldwijd,57,lange-zin,advies,Als u weer thuis bent levert u uw laissez-passer in bij uw gemeente en vraagt u daar een nieuw paspoort of ID-kaart aan.,Als u weer thuis bent levert u uw laissez-passer in bij uw gemeente en vraagt u daar een nieuw paspoort of ID-kaart aan.,Zin van 23 woorden; boven de 20 wordt een zin lastig te volgen.,Knip de zin in tweeën.
0533_paspoort-id-kaart_nooddocument_haiti.txt,https://www.nederlandwereldwijd.nl/paspoort-id-kaart/nooddocument/haiti,Nooddocument aanvragen in Haïti | NederlandWereldwijd,24,lange-zin,advies,Ga daarom op zoek naar een fotograaf die bekend is met de eisen aan een pasfoto voor een Nederlands paspoort of ID-kaart...,Ga daarom op zoek naar een fotograaf die bekend is met de eisen aan een pasfoto voor een Nederlands paspoort of ID-kaart...,Zin van 22 woorden; boven de 20 wordt een zin lastig te volgen.,Knip de zin in tweeën.
0533_paspoort-id-kaart_nooddocument_haiti.txt,https://www.nederlandwereldwijd.nl/paspoort-id-kaart/nooddocument/haiti,Nooddocument aanvragen in Haïti | NederlandWereldwijd,34,lijdende-vorm,advies,worden aanvragen niet verwerkt,In het weekend is de ambassade gesloten en worden aanvragen niet verwerkt.,Lijdende vorm: de lezer ziet niet wie er iets doet.,"Schrijf actief, bijvoorbeeld 'wij sturen' of 'u ontvangt'."
0533_paspoort-id-kaart_nooddocument_haiti.txt,https://www.nederlandwereldwijd.nl/paspoort-id-kaart/nooddocument/haiti,Nooddocument aanvragen in Haïti | NederlandWereldwijd,47,lange-zin,advies,In het overzicht van de consulaire tarieven in de Dominicaanse Republiek ziet u wat een nooddocument kost en hoe u kunt ...,In het overzicht van de consulaire tarieven in de Dominicaanse Republiek ziet u wat een nooddocument kost en hoe u kunt ...,Zin van 22 woorden; boven de 20 wordt een zin lastig te volgen.,Knip de zin in tweeën.
0533_paspoort-id-kaart_nooddocument_haiti.txt,https://www.nederlandwereldwijd.nl/paspoort-id-kaart/nooddocument/haiti,Nooddocument aanvragen in Haïti | NederlandWereldwijd,57,lange-zin,advies,Als u weer thuis bent levert u uw laissez-passer in bij uw gemeente en vraagt u daar een nieuw paspoort of ID-kaart aan.,Als u weer thuis bent levert u uw laissez-passer in bij uw gemeente en vraagt u daar een nieuw paspoort of ID-kaart aan.,Zin van 23 woorden; boven de 20 wordt een zin lastig te volgen.,Knip de zin in tweeën.
0534_paspoort-id-kaart_nooddocument_heilige-stoel.txt,https://www.nederlandwereldwijd.nl/paspoort-id-kaart/nooddocument/heilige-stoel,Nooddocument aanvragen Heilige Stoel / Vaticaanstad | NederlandWereldwijd,7,lange-zin,advies,Vraag aan de maatschappij waarmee u reist of u met een kopie van uw paspoort of ID-kaart en uw ticket kunt reizen.,Vraag aan de maatschappij waarmee u reist of u met een kopie van uw paspoort of ID-kaart en uw ticket kunt reizen.,Zin van 22 woorden; boven de 20 wordt een zin lastig te volgen.,Knip de zin in tweeën.
0534_paspoort-id-kaart_nooddocument_heilige-stoel.txt,https://www.nederlandwereldwijd.nl/paspoort-id-kaart/nooddocument/heilige-stoel,Nooddocument aanvragen Heilige Stoel / Vaticaanstad | NederlandWereldwijd,28,lange-zin,advies,Ga daarom op zoek naar een fotograaf die bekend is met de eisen aan een pasfoto voor een Nederlands paspoort of ID-kaart...,Ga daarom op zoek naar een fotograaf die bekend is met de eisen aan een pasfoto voor een Nederlands paspoort of ID-kaart...,Zin van 22 woorden; boven de 20 wordt een zin lastig te volgen.,Knip de zin in tweeën.
0534_paspoort-id-kaart_nooddocument_heilige-stoel.txt,https://www.nederlandwereldwijd.nl/paspoort-id-kaart/nooddocument/heilige-stoel,Nooddocument aanvragen Heilige Stoel / Vaticaanstad | NederlandWereldwijd,38,lijdende-vorm,advies,worden aanvragen niet verwerkt,In het weekend is de ambassade gesloten en worden aanvragen niet verwerkt.,Lijdende vorm: de lezer ziet niet wie er iets doet.,"Schrijf actief, bijvoorbeeld 'wij sturen' of 'u ontvangt'."
0534_paspoort-id-kaart_nooddocument_heilige-stoel.txt,https://www.nederlandwereldwijd.nl/paspoort-id-kaart/nooddocument/heilige-stoel,Nooddocument aanvragen Heilige Stoel / Vaticaanstad | NederlandWereldwijd,61,lange-zin,advies,Als u weer thuis bent levert u uw laissez-passer in bij uw gemeente en vraagt u daar een nieuw paspoort of ID-kaart aan.,Als u weer thuis bent levert u uw laissez-passer in bij uw gemeente en vraagt u daar een nieuw paspoort of ID-kaart aan.,Zin van 23 woorden; boven de 20 wordt een zin lastig te volgen.,Knip de zin in tweeën.
0535_paspoort-id-kaart_nooddocument_honduras.txt,https://www.nederlandwereldwijd.nl/paspoort-id-kaart/nooddocument/honduras,Nooddocument aanvragen in Honduras | NederlandWereldwijd,24,lange-zin,advies,Ga daarom op zoek naar een fotograaf die bekend is met de eisen aan een pasfoto voor een Nederlands paspoort of ID-kaart...,Ga daarom op zoek naar een fotograaf die bekend is met de eisen aan een pasfoto voor een Nederlands paspoort of ID-kaart...,Zin van 22 woorden; boven de 20 wordt een zin lastig te volgen.,Knip de zin in tweeën.
0535_paspoort-id-kaart_nooddocument_honduras.txt,https://www.nederlandwereldwijd.nl/paspoort-id-kaart/nooddocument/honduras,Nooddocument aanvragen in Honduras | NederlandWereldwijd,34,lijdende-vorm,advies,worden aanvragen niet verwerkt,In het weekend is de ambassade gesloten en worden aanvragen niet verwerkt.,Lijdende vorm: de lezer ziet niet wie er iets doet.,"Schrijf actief, bijvoorbeeld 'wij sturen' of 'u ontvangt'."
0535_paspoort-id-kaart_nooddocument_honduras.txt,https://www.nederlandwereldwijd.nl/paspoort-id-kaart/nooddocument/honduras,Nooddocument aanvragen in Honduras | NederlandWereldwijd,57,lange-zin,advies,Als u weer thuis bent levert u uw laissez-passer in bij uw gemeente en vraagt u daar een nieuw paspoort of ID-kaart aan.,Als u weer thuis bent levert u uw laissez-passer in bij uw gemeente en vraagt u daar een nieuw paspoort of ID-kaart aan.,Zin van 23 woorden; boven de 20 wordt een zin lastig te volgen.,Knip de zin in tweeën.
0536_paspoort-id-kaart_nooddocument_hongarije.txt,https://www.nederlandwereldwijd.nl/paspoort-id-kaart/nooddocument/hongarije,Nooddocument aanvragen in Hongarije | NederlandWereldwijd,7,lange-zin,advies,Vraag aan de maatschappij waarmee u reist of u met een kopie van uw paspoort of ID-kaart en uw ticket kunt reizen.,Vraag aan de maatschappij waarmee u reist of u met een kopie van uw paspoort of ID-kaart en uw ticket kunt reizen.,Zin van 22 woorden; boven de 20 wordt een zin lastig te volgen.,Knip de zin in tweeën.
0536_paspoort-id-kaart_nooddocument_hongarije.txt,https://www.nederlandwereldwijd.nl/paspoort-id-kaart/nooddocument/hongarije,Nooddocument aanvragen in Hongarije | NederlandWereldwijd,28,lange-zin,advies,Ga daarom op zoek naar een fotograaf die bekend is met de eisen aan een pasfoto voor een Nederlands paspoort of ID-kaart...,Ga daarom op zoek naar een fotograaf die bekend is met de eisen aan een pasfoto voor een Nederlands paspoort of ID-kaart...,Zin van 22 woorden; boven de 20 wordt een zin lastig te volgen.,Knip de zin in tweeën.
0536_paspoort-id-kaart_nooddocument_hongarije.txt,https://www.nederlandwereldwijd.nl/paspoort-id-kaart/nooddocument/hongarije,Nooddocument aanvragen in Hongarije | NederlandWereldwijd,38,lijdende-vorm,advies,worden aanvragen niet verwerkt,In het weekend is de ambassade gesloten en worden aanvragen niet verwerkt.,Lijdende vorm: de lezer ziet niet wie er iets doet.,"Schrijf actief, bijvoorbeeld 'wij sturen' of 'u ontvangt'."
0536_paspoort-id-kaart_nooddocument_hongarije.txt,https://www.nederlandwereldwijd.nl/paspoort-id-kaart/nooddocument/hongarije,Nooddocument aanvragen in Hongarije | NederlandWereldwijd,61,lange-zin,advies,Als u weer thuis bent levert u uw laissez-passer in bij uw gemeente en vraagt u daar een nieuw paspoort of ID-kaart aan.,Als u weer thuis bent levert u uw laissez-passer in bij uw gemeente en vraagt u daar een nieuw paspoort of ID-kaart aan.,Zin van 23 woorden; boven de 20 wordt een zin lastig te volgen.,Knip de zin in tweeën.
0537_paspoort-id-kaart_nooddocument_hongkong.txt,https://www.nederlandwereldwijd.nl/paspoort-id-kaart/nooddocument/hongkong,Nooddocument aanvragen in Hongkong SAR | NederlandWereldwijd,24,lange-zin,advies,Ga daarom op zoek naar een fotograaf die bekend is met de eisen aan een pasfoto voor een Nederlands paspoort of ID-kaart...,Ga daarom op zoek naar een fotograaf die bekend is met de eisen aan een pasfoto voor een Nederlands paspoort of ID-kaart...,Zin van 22 woorden; boven de 20 wordt een zin lastig te volgen.,Knip de zin in tweeën.
0537_paspoort-id-kaart_nooddocument_hongkong.txt,https://www.nederlandwereldwijd.nl/paspoort-id-kaart/nooddocument/hongkong,Nooddocument aanvragen in Hongkong SAR | NederlandWereldwijd,34,lijdende-vorm,advies,worden aanvragen niet verwerkt,In het weekend is het consulaat-generaal gesloten en worden aanvragen niet verwerkt.,Lijdende vorm: de lezer ziet niet wie er iets doet.,"Schrijf actief, bijvoorbeeld 'wij sturen' of 'u ontvangt'."
0537_paspoort-id-kaart_nooddocument_hongkong.txt,https://www.nederlandwereldwijd.nl/paspoort-id-kaart/nooddocument/hongkong,Nooddocument aanvragen in Hongkong SAR | NederlandWereldwijd,47,lange-zin,advies,In het overzicht van de consulaire tarieven in Hongkong SAR ziet u wat een nooddocument kost en hoe u kunt betalen.,In het overzicht van de consulaire tarieven in Hongkong SAR ziet u wat een nooddocument kost en hoe u kunt betalen.,Zin van 21 woorden; boven de 20 wordt een zin lastig te volgen.,Knip de zin in tweeën.
0537_paspoort-id-kaart_nooddocument_hongkong.txt,https://www.nederlandwereldwijd.nl/paspoort-id-kaart/nooddocument/hongkong,Nooddocument aanvragen in Hongkong SAR | NederlandWereldwijd,57,lange-zin,advies,Als u weer thuis bent levert u uw laissez-passer in bij uw gemeente en vraagt u daar een nieuw paspoort of ID-kaart aan.,Als u weer thuis bent levert u uw laissez-passer in bij uw gemeente en vraagt u daar een nieuw paspoort of ID-kaart aan.,Zin van 23 woorden; boven de 20 wordt een zin lastig te volgen.,Knip de zin in tweeën.
0538_paspoort-id-kaart_nooddocument_ierland.txt,https://www.nederlandwereldwijd.nl/paspoort-id-kaart/nooddocument/ierland,Nooddocument aanvragen in Ierland | NederlandWereldwijd,24,lange-zin,advies,Ga daarom op zoek naar een fotograaf die bekend is met de eisen aan een pasfoto voor een Nederlands paspoort of ID-kaart...,Ga daarom op zoek naar een fotograaf die bekend is met de eisen aan een pasfoto voor een Nederlands paspoort of ID-kaart...,Zin van 22 woorden; boven de 20 wordt een zin lastig te volgen.,Knip de zin in tweeën.
0538_paspoort-id-kaart_nooddocument_ierland.txt,https://www.nederlandwereldwijd.nl/paspoort-id-kaart/nooddocument/ierland,Nooddocument aanvragen in Ierland | NederlandWereldwijd,34,lijdende-vorm,advies,worden aanvragen niet verwerkt,In het weekend is de ambassade gesloten en worden aanvragen niet verwerkt.,Lijdende vorm: de lezer ziet niet wie er iets doet.,"Schrijf actief, bijvoorbeeld 'wij sturen' of 'u ontvangt'."
0538_paspoort-id-kaart_nooddocument_ierland.txt,https://www.nederlandwereldwijd.nl/paspoort-id-kaart/nooddocument/ierland,Nooddocument aanvragen in Ierland | NederlandWereldwijd,57,lange-zin,advies,Als u weer thuis bent levert u uw laissez-passer in bij uw gemeente en vraagt u daar een nieuw paspoort of ID-kaart aan.,Als u weer thuis bent levert u uw laissez-passer in bij uw gemeente en vraagt u daar een nieuw paspoort of ID-kaart aan.,Zin van 23 woorden; boven de 20 wordt een zin lastig te volgen.,Knip de zin in tweeën.
0539_paspoort-id-kaart_nooddocument_ijsland.txt,https://www.nederlandwereldwijd.nl/paspoort-id-kaart/nooddocument/ijsland,Nooddocument aanvragen in IJsland | NederlandWereldwijd,7,lange-zin,advies,Vraag aan de maatschappij waarmee u reist of u met een kopie van uw paspoort of ID-kaart en uw ticket kunt reizen.,Vraag aan de maatschappij waarmee u reist of u met een kopie van uw paspoort of ID-kaart en uw ticket kunt reizen.,Zin van 22 woorden; boven de 20 wordt een zin lastig te volgen.,Knip de zin in tweeën.
0539_paspoort-id-kaart_nooddocument_ijsland.txt,https://www.nederlandwereldwijd.nl/paspoort-id-kaart/nooddocument/ijsland,Nooddocument aanvragen in IJsland | NederlandWereldwijd,28,lange-zin,advies,Ga daarom op zoek naar een fotograaf die bekend is met de eisen aan een pasfoto voor een Nederlands paspoort of ID-kaart...,Ga daarom op zoek naar een fotograaf die bekend is met de eisen aan een pasfoto voor een Nederlands paspoort of ID-kaart...,Zin van 22 woorden; boven de 20 wordt een zin lastig te volgen.,Knip de zin in tweeën.
0539_paspoort-id-kaart_nooddocument_ijsland.txt,https://www.nederlandwereldwijd.nl/paspoort-id-kaart/nooddocument/ijsland,Nooddocument aanvragen in IJsland | NederlandWereldwijd,38,lijdende-vorm,advies,worden aanvragen niet verwerkt,In het weekend is de ambassade gesloten en worden aanvragen niet verwerkt.,Lijdende vorm: de lezer ziet niet wie er iets doet.,"Schrijf actief, bijvoorbeeld 'wij sturen' of 'u ontvangt'."
0539_paspoort-id-kaart_nooddocument_ijsland.txt,https://www.nederlandwereldwijd.nl/paspoort-id-kaart/nooddocument/ijsland,Nooddocument aanvragen in IJsland | NederlandWereldwijd,61,lange-zin,advies,Als u weer thuis bent levert u uw laissez-passer in bij uw gemeente en vraagt u daar een nieuw paspoort of ID-kaart aan.,Als u weer thuis bent levert u uw laissez-passer in bij uw gemeente en vraagt u daar een nieuw paspoort of ID-kaart aan.,Zin van 23 woorden; boven de 20 wordt een zin lastig te volgen.,Knip de zin in tweeën.
0540_paspoort-id-kaart_nooddocument_india.txt,https://www.nederlandwereldwijd.nl/paspoort-id-kaart/nooddocument/india,Nooddocument aanvragen in India | NederlandWereldwijd,24,lange-zin,advies,Ga daarom op zoek naar een fotograaf die bekend is met de eisen aan een pasfoto voor een Nederlands paspoort of ID-kaart...,Ga daarom op zoek naar een fotograaf die bekend is met de eisen aan een pasfoto voor een Nederlands paspoort of ID-kaart...,Zin van 22 woorden; boven de 20 wordt een zin lastig te volgen.,Knip de zin in tweeën.
0540_paspoort-id-kaart_nooddocument_india.txt,https://www.nederlandwereldwijd.nl/paspoort-id-kaart/nooddocument/india,Nooddocument aanvragen in India | NederlandWereldwijd,37,lijdende-vorm,advies,worden aanvragen niet verwerkt,In het weekend zijn de ambassade en het consulaat-generala gesloten en worden aanvragen niet verwerkt.,Lijdende vorm: de lezer ziet niet wie er iets doet.,"Schrijf actief, bijvoorbeeld 'wij sturen' of 'u ontvangt'."
0540_paspoort-id-kaart_nooddocument_india.txt,https://www.nederlandwereldwijd.nl/paspoort-id-kaart/nooddocument/india,Nooddocument aanvragen in India | NederlandWereldwijd,37,lange-zin,advies,Dan neemt de ambassade of het consulaat-generaal contact met u op om te bespreken waar en wanneer u het nooddocument kun...,Dan neemt de ambassade of het consulaat-generaal contact met u op om te bespreken waar en wanneer u het nooddocument kun...,Zin van 22 woorden; boven de 20 wordt een zin lastig te volgen.,Knip de zin in tweeën.
0540_paspoort-id-kaart_nooddocument_india.txt,https://www.nederlandwereldwijd.nl/paspoort-id-kaart/nooddocument/india,Nooddocument aanvragen in India | NederlandWereldwijd,60,lange-zin,advies,Als u weer thuis bent levert u uw laissez-passer in bij uw gemeente en vraagt u daar een nieuw paspoort of ID-kaart aan.,Als u weer thuis bent levert u uw laissez-passer in bij uw gemeente en vraagt u daar een nieuw paspoort of ID-kaart aan.,Zin van 23 woorden; boven de 20 wordt een zin lastig te volgen.,Knip de zin in tweeën.
0541_paspoort-id-kaart_nooddocument_indonesie.txt,https://www.nederlandwereldwijd.nl/paspoort-id-kaart/nooddocument/indonesie,Nooddocument aanvragen in Indonesië | NederlandWereldwijd,24,lange-zin,advies,Ga daarom op zoek naar een fotograaf die bekend is met de eisen aan een pasfoto voor een Nederlands paspoort of ID-kaart...,Ga daarom op zoek naar een fotograaf die bekend is met de eisen aan een pasfoto voor een Nederlands paspoort of ID-kaart...,Zin van 22 woorden; boven de 20 wordt een zin lastig te volgen.,Knip de zin in tweeën.
0541_paspoort-id-kaart_nooddocument_indonesie.txt,https://www.nederlandwereldwijd.nl/paspoort-id-kaart/nooddocument/indonesie,Nooddocument aanvragen in Indonesië | NederlandWereldwijd,34,lijdende-vorm,advies,worden aanvragen niet verwerkt,In het weekend is de ambassade gesloten en worden aanvragen niet verwerkt.,Lijdende vorm: de lezer ziet niet wie er iets doet.,"Schrijf actief, bijvoorbeeld 'wij sturen' of 'u ontvangt'."
0541_paspoort-id-kaart_nooddocument_indonesie.txt,https://www.nederlandwereldwijd.nl/paspoort-id-kaart/nooddocument/indonesie,Nooddocument aanvragen in Indonesië | NederlandWereldwijd,57,lange-zin,advies,Als u weer thuis bent levert u uw laissez-passer in bij uw gemeente en vraagt u daar een nieuw paspoort of ID-kaart aan.,Als u weer thuis bent levert u uw laissez-passer in bij uw gemeente en vraagt u daar een nieuw paspoort of ID-kaart aan.,Zin van 23 woorden; boven de 20 wordt een zin lastig te volgen.,Knip de zin in tweeën.
0542_paspoort-id-kaart_nooddocument_irak.txt,https://www.nederlandwereldwijd.nl/paspoort-id-kaart/nooddocument/irak,Nooddocument aanvragen in Irak | NederlandWereldwijd,24,lange-zin,advies,Ga daarom op zoek naar een fotograaf die bekend is met de eisen aan een pasfoto voor een Nederlands paspoort of ID-kaart...,Ga daarom op zoek naar een fotograaf die bekend is met de eisen aan een pasfoto voor een Nederlands paspoort of ID-kaart...,Zin van 22 woorden; boven de 20 wordt een zin lastig te volgen.,Knip de zin in tweeën.
0542_paspoort-id-kaart_nooddocument_irak.txt,https://www.nederlandwereldwijd.nl/paspoort-id-kaart/nooddocument/irak,Nooddocument aanvragen in Irak | NederlandWereldwijd,36,lijdende-vorm,advies,worden aanvragen niet verwerkt,In het weekend zijn de ambassade en het consulaat-generaal gesloten en worden aanvragen niet verwerkt.,Lijdende vorm: de lezer ziet niet wie er iets doet.,"Schrijf actief, bijvoorbeeld 'wij sturen' of 'u ontvangt'."
0542_paspoort-id-kaart_nooddocument_irak.txt,https://www.nederlandwereldwijd.nl/paspoort-id-kaart/nooddocument/irak,Nooddocument aanvragen in Irak | NederlandWereldwijd,36,lange-zin,advies,Dan neemt de ambassade of het consulaat-generaal contact met u op om te bespreken waar en wanneer u het nooddocument kun...,Dan neemt de ambassade of het consulaat-generaal contact met u op om te bespreken waar en wanneer u het nooddocument kun...,Zin van 22 woorden; boven de 20 wordt een zin lastig te volgen.,Knip de zin in tweeën.
0542_paspoort-id-kaart_nooddocument_irak.txt,https://www.nederlandwereldwijd.nl/paspoort-id-kaart/nooddocument/irak,Nooddocument aanvragen in Irak | NederlandWereldwijd,59,lange-zin,advies,Als u weer thuis bent levert u uw laissez-passer in bij uw gemeente en vraagt u daar een nieuw paspoort of ID-kaart aan.,Als u weer thuis bent levert u uw laissez-passer in bij uw gemeente en vraagt u daar een nieuw paspoort of ID-kaart aan.,Zin van 23 woorden; boven de 20 wordt een zin lastig te volgen.,Knip de zin in tweeën.
0544_paspoort-id-kaart_nooddocument_israel.txt,https://www.nederlandwereldwijd.nl/paspoort-id-kaart/nooddocument/israel,Nooddocument aanvragen in Israël | NederlandWereldwijd,24,lange-zin,advies,Ga daarom op zoek naar een fotograaf die bekend is met de eisen aan een pasfoto voor een Nederlands paspoort of ID-kaart...,Ga daarom op zoek naar een fotograaf die bekend is met de eisen aan een pasfoto voor een Nederlands paspoort of ID-kaart...,Zin van 22 woorden; boven de 20 wordt een zin lastig te volgen.,Knip de zin in tweeën.
0544_paspoort-id-kaart_nooddocument_israel.txt,https://www.nederlandwereldwijd.nl/paspoort-id-kaart/nooddocument/israel,Nooddocument aanvragen in Israël | NederlandWereldwijd,34,lijdende-vorm,advies,worden aanvragen niet verwerkt,In het weekend is de ambassade gesloten en worden aanvragen niet verwerkt.,Lijdende vorm: de lezer ziet niet wie er iets doet.,"Schrijf actief, bijvoorbeeld 'wij sturen' of 'u ontvangt'."
0544_paspoort-id-kaart_nooddocument_israel.txt,https://www.nederlandwereldwijd.nl/paspoort-id-kaart/nooddocument/israel,Nooddocument aanvragen in Israël | NederlandWereldwijd,57,lange-zin,advies,Als u weer thuis bent levert u uw laissez-passer in bij uw gemeente en vraagt u daar een nieuw paspoort of ID-kaart aan.,Als u weer thuis bent levert u uw laissez-passer in bij uw gemeente en vraagt u daar een nieuw paspoort of ID-kaart aan.,Zin van 23 woorden; boven de 20 wordt een zin lastig te volgen.,Knip de zin in tweeën.
0545_paspoort-id-kaart_nooddocument_italie.txt,https://www.nederlandwereldwijd.nl/paspoort-id-kaart/nooddocument/italie,Nooddocument aanvragen in Italië | NederlandWereldwijd,7,lange-zin,advies,Vraag aan de maatschappij waarmee u reist of u met een kopie van uw paspoort of ID-kaart en uw ticket kunt reizen.,Vraag aan de maatschappij waarmee u reist of u met een kopie van uw paspoort of ID-kaart en uw ticket kunt reizen.,Zin van 22 woorden; boven de 20 wordt een zin lastig te volgen.,Knip de zin in tweeën.
0545_paspoort-id-kaart_nooddocument_italie.txt,https://www.nederlandwereldwijd.nl/paspoort-id-kaart/nooddocument/italie,Nooddocument aanvragen in Italië | NederlandWereldwijd,28,lange-zin,advies,Ga daarom op zoek naar een fotograaf die bekend is met de eisen aan een pasfoto voor een Nederlands paspoort of ID-kaart...,Ga daarom op zoek naar een fotograaf die bekend is met de eisen aan een pasfoto voor een Nederlands paspoort of ID-kaart...,Zin van 22 woorden; boven de 20 wordt een zin lastig te volgen.,Knip de zin in tweeën.
0545_paspoort-id-kaart_nooddocument_italie.txt,https://www.nederlandwereldwijd.nl/paspoort-id-kaart/nooddocument/italie,Nooddocument aanvragen in Italië | NederlandWereldwijd,38,lijdende-vorm,advies,worden aanvragen niet verwerkt,In het weekend is de ambassade gesloten en worden aanvragen niet verwerkt.,Lijdende vorm: de lezer ziet niet wie er iets doet.,"Schrijf actief, bijvoorbeeld 'wij sturen' of 'u ontvangt'."
0545_paspoort-id-kaart_nooddocument_italie.txt,https://www.nederlandwereldwijd.nl/paspoort-id-kaart/nooddocument/italie,Nooddocument aanvragen in Italië | NederlandWereldwijd,61,lange-zin,advies,Als u weer thuis bent levert u uw laissez-passer in bij uw gemeente en vraagt u daar een nieuw paspoort of ID-kaart aan.,Als u weer thuis bent levert u uw laissez-passer in bij uw gemeente en vraagt u daar een nieuw paspoort of ID-kaart aan.,Zin van 23 woorden; boven de 20 wordt een zin lastig te volgen.,Knip de zin in tweeën.
0546_paspoort-id-kaart_nooddocument_ivoorkust.txt,https://www.nederlandwereldwijd.nl/paspoort-id-kaart/nooddocument/ivoorkust,Nooddocument aanvragen in Ivoorkust | NederlandWereldwijd,24,lange-zin,advies,Ga daarom op zoek naar een fotograaf die bekend is met de eisen aan een pasfoto voor een Nederlands paspoort of ID-kaart...,Ga daarom op zoek naar een fotograaf die bekend is met de eisen aan een pasfoto voor een Nederlands paspoort of ID-kaart...,Zin van 22 woorden; boven de 20 wordt een zin lastig te volgen.,Knip de zin in tweeën.
0546_paspoort-id-kaart_nooddocument_ivoorkust.txt,https://www.nederlandwereldwijd.nl/paspoort-id-kaart/nooddocument/ivoorkust,Nooddocument aanvragen in Ivoorkust | NederlandWereldwijd,34,lijdende-vorm,advies,worden aanvragen niet verwerkt,In het weekend is de ambassade gesloten en worden aanvragen niet verwerkt.,Lijdende vorm: de lezer ziet niet wie er iets doet.,"Schrijf actief, bijvoorbeeld 'wij sturen' of 'u ontvangt'."
0546_paspoort-id-kaart_nooddocument_ivoorkust.txt,https://www.nederlandwereldwijd.nl/paspoort-id-kaart/nooddocument/ivoorkust,Nooddocument aanvragen in Ivoorkust | NederlandWereldwijd,47,lange-zin,advies,In het overzicht van de consulaire tarieven in de Ivoorkust ziet u wat een nooddocument kost en hoe u kunt betalen.,In het overzicht van de consulaire tarieven in de Ivoorkust ziet u wat een nooddocument kost en hoe u kunt betalen.,Zin van 21 woorden; boven de 20 wordt een zin lastig te volgen.,Knip de zin in tweeën.
0546_paspoort-id-kaart_nooddocument_ivoorkust.txt,https://www.nederlandwereldwijd.nl/paspoort-id-kaart/nooddocument/ivoorkust,Nooddocument aanvragen in Ivoorkust | NederlandWereldwijd,57,lange-zin,advies,Als u weer thuis bent levert u uw laissez-passer in bij uw gemeente en vraagt u daar een nieuw paspoort of ID-kaart aan.,Als u weer thuis bent levert u uw laissez-passer in bij uw gemeente en vraagt u daar een nieuw paspoort of ID-kaart aan.,Zin van 23 woorden; boven de 20 wordt een zin lastig te volgen.,Knip de zin in tweeën.
0547_paspoort-id-kaart_nooddocument_jamaica.txt,https://www.nederlandwereldwijd.nl/paspoort-id-kaart/nooddocument/jamaica,Nooddocument aanvragen in Jamaica | NederlandWereldwijd,24,lange-zin,advies,Ga daarom op zoek naar een fotograaf die bekend is met de eisen aan een pasfoto voor een Nederlands paspoort of ID-kaart...,Ga daarom op zoek naar een fotograaf die bekend is met de eisen aan een pasfoto voor een Nederlands paspoort of ID-kaart...,Zin van 22 woorden; boven de 20 wordt een zin lastig te volgen.,Knip de zin in tweeën.
0547_paspoort-id-kaart_nooddocument_jamaica.txt,https://www.nederlandwereldwijd.nl/paspoort-id-kaart/nooddocument/jamaica,Nooddocument aanvragen in Jamaica | NederlandWereldwijd,34,lijdende-vorm,advies,worden aanvragen niet verwerkt,In het weekend is de ambassade gesloten en worden aanvragen niet verwerkt.,Lijdende vorm: de lezer ziet niet wie er iets doet.,"Schrijf actief, bijvoorbeeld 'wij sturen' of 'u ontvangt'."
0547_paspoort-id-kaart_nooddocument_jamaica.txt,https://www.nederlandwereldwijd.nl/paspoort-id-kaart/nooddocument/jamaica,Nooddocument aanvragen in Jamaica | NederlandWereldwijd,57,lange-zin,advies,Als u weer thuis bent levert u uw laissez-passer in bij uw gemeente en vraagt u daar een nieuw paspoort of ID-kaart aan.,Als u weer thuis bent levert u uw laissez-passer in bij uw gemeente en vraagt u daar een nieuw paspoort of ID-kaart aan.,Zin van 23 woorden; boven de 20 wordt een zin lastig te volgen.,Knip de zin in tweeën.
0548_paspoort-id-kaart_nooddocument_japan.txt,https://www.nederlandwereldwijd.nl/paspoort-id-kaart/nooddocument/japan,Nooddocument aanvragen in Japan | NederlandWereldwijd,24,lange-zin,advies,Ga daarom op zoek naar een fotograaf die bekend is met de eisen aan een pasfoto voor een Nederlands paspoort of ID-kaart...,Ga daarom op zoek naar een fotograaf die bekend is met de eisen aan een pasfoto voor een Nederlands paspoort of ID-kaart...,Zin van 22 woorden; boven de 20 wordt een zin lastig te volgen.,Knip de zin in tweeën.
0548_paspoort-id-kaart_nooddocument_japan.txt,https://www.nederlandwereldwijd.nl/paspoort-id-kaart/nooddocument/japan,Nooddocument aanvragen in Japan | NederlandWereldwijd,34,lijdende-vorm,advies,worden aanvragen niet verwerkt,In het weekend is de ambassade gesloten en worden aanvragen niet verwerkt.,Lijdende vorm: de lezer ziet niet wie er iets doet.,"Schrijf actief, bijvoorbeeld 'wij sturen' of 'u ontvangt'."
0548_paspoort-id-kaart_nooddocument_japan.txt,https://www.nederlandwereldwijd.nl/paspoort-id-kaart/nooddocument/japan,Nooddocument aanvragen in Japan | NederlandWereldwijd,57,lange-zin,advies,Als u weer thuis bent levert u uw laissez-passer in bij uw gemeente en vraagt u daar een nieuw paspoort of ID-kaart aan.,Als u weer thuis bent levert u uw laissez-passer in bij uw gemeente en vraagt u daar een nieuw paspoort of ID-kaart aan.,Zin van 23 woorden; boven de 20 wordt een zin lastig te volgen.,Knip de zin in tweeën.
0550_paspoort-id-kaart_nooddocument_jordanie.txt,https://www.nederlandwereldwijd.nl/paspoort-id-kaart/nooddocument/jordanie,Nooddocument aanvragen in Jordanië | NederlandWereldwijd,24,lange-zin,advies,Ga daarom op zoek naar een fotograaf die bekend is met de eisen aan een pasfoto voor een Nederlands paspoort of ID-kaart...,Ga daarom op zoek naar een fotograaf die bekend is met de eisen aan een pasfoto voor een Nederlands paspoort of ID-kaart...,Zin van 22 woorden; boven de 20 wordt een zin lastig te volgen.,Knip de zin in tweeën.
0550_paspoort-id-kaart_nooddocument_jordanie.txt,https://www.nederlandwereldwijd.nl/paspoort-id-kaart/nooddocument/jordanie,Nooddocument aanvragen in Jordanië | NederlandWereldwijd,34,lijdende-vorm,advies,worden aanvragen niet verwerkt,In het weekend is de ambassade gesloten en worden aanvragen niet verwerkt.,Lijdende vorm: de lezer ziet niet wie er iets doet.,"Schrijf actief, bijvoorbeeld 'wij sturen' of 'u ontvangt'."
0550_paspoort-id-kaart_nooddocument_jordanie.txt,https://www.nederlandwereldwijd.nl/paspoort-id-kaart/nooddocument/jordanie,Nooddocument aanvragen in Jordanië | NederlandWereldwijd,57,lange-zin,advies,Als u weer thuis bent levert u uw laissez-passer in bij uw gemeente en vraagt u daar een nieuw paspoort of ID-kaart aan.,Als u weer thuis bent levert u uw laissez-passer in bij uw gemeente en vraagt u daar een nieuw paspoort of ID-kaart aan.,Zin van 23 woorden; boven de 20 wordt een zin lastig te volgen.,Knip de zin in tweeën.
0551_paspoort-id-kaart_nooddocument_kaaimaneilanden.txt,https://www.nederlandwereldwijd.nl/paspoort-id-kaart/nooddocument/kaaimaneilanden,Nooddocument aanvragen op de Kaaimaneilanden | NederlandWereldwijd,24,lange-zin,advies,Ga daarom op zoek naar een fotograaf die bekend is met de eisen aan een pasfoto voor een Nederlands paspoort of ID-kaart...,Ga daarom op zoek naar een fotograaf die bekend is met de eisen aan een pasfoto voor een Nederlands paspoort of ID-kaart...,Zin van 22 woorden; boven de 20 wordt een zin lastig te volgen.,Knip de zin in tweeën.
0551_paspoort-id-kaart_nooddocument_kaaimaneilanden.txt,https://www.nederlandwereldwijd.nl/paspoort-id-kaart/nooddocument/kaaimaneilanden,Nooddocument aanvragen op de Kaaimaneilanden | NederlandWereldwijd,34,lijdende-vorm,advies,worden aanvragen niet verwerkt,In het weekend is het consulaat-generaal gesloten en worden aanvragen niet verwerkt.,Lijdende vorm: de lezer ziet niet wie er iets doet.,"Schrijf actief, bijvoorbeeld 'wij sturen' of 'u ontvangt'."
0551_paspoort-id-kaart_nooddocument_kaaimaneilanden.txt,https://www.nederlandwereldwijd.nl/paspoort-id-kaart/nooddocument/kaaimaneilanden,Nooddocument aanvragen op de Kaaimaneilanden | NederlandWereldwijd,47,lange-zin,advies,In het overzicht van de consulaire tarieven in de Verenigde Staten van Amerika ziet u wat een nooddocument kost en hoe u...,In het overzicht van de consulaire tarieven in de Verenigde Staten van Amerika ziet u wat een nooddocument kost en hoe u...,Zin van 24 woorden; boven de 20 wordt een zin lastig te volgen.,Knip de zin in tweeën.
0551_paspoort-id-kaart_nooddocument_kaaimaneilanden.txt,https://www.nederlandwereldwijd.nl/paspoort-id-kaart/nooddocument/kaaimaneilanden,Nooddocument aanvragen op de Kaaimaneilanden | NederlandWereldwijd,57,lange-zin,advies,Als u weer thuis bent levert u uw laissez-passer in bij uw gemeente en vraagt u daar een nieuw paspoort of ID-kaart aan.,Als u weer thuis bent levert u uw laissez-passer in bij uw gemeente en vraagt u daar een nieuw paspoort of ID-kaart aan.,Zin van 23 woorden; boven de 20 wordt een zin lastig te volgen.,Knip de zin in tweeën.
0552_paspoort-id-kaart_nooddocument_kaapverdie.txt,https://www.nederlandwereldwijd.nl/paspoort-id-kaart/nooddocument/kaapverdie,Nooddocument aanvragen in Kaapverdië | NederlandWereldwijd,24,lange-zin,advies,Ga daarom op zoek naar een fotograaf die bekend is met de eisen aan een pasfoto voor een Nederlands paspoort of ID-kaart...,Ga daarom op zoek naar een fotograaf die bekend is met de eisen aan een pasfoto voor een Nederlands paspoort of ID-kaart...,Zin van 22 woorden; boven de 20 wordt een zin lastig te volgen.,Knip de zin in tweeën.
0552_paspoort-id-kaart_nooddocument_kaapverdie.txt,https://www.nederlandwereldwijd.nl/paspoort-id-kaart/nooddocument/kaapverdie,Nooddocument aanvragen in Kaapverdië | NederlandWereldwijd,34,lijdende-vorm,advies,worden aanvragen niet verwerkt,In het weekend is de ambassade gesloten en worden aanvragen niet verwerkt.,Lijdende vorm: de lezer ziet niet wie er iets doet.,"Schrijf actief, bijvoorbeeld 'wij sturen' of 'u ontvangt'."
0552_paspoort-id-kaart_nooddocument_kaapverdie.txt,https://www.nederlandwereldwijd.nl/paspoort-id-kaart/nooddocument/kaapverdie,Nooddocument aanvragen in Kaapverdië | NederlandWereldwijd,57,lange-zin,advies,Als u weer thuis bent levert u uw laissez-passer in bij uw gemeente en vraagt u daar een nieuw paspoort of ID-kaart aan.,Als u weer thuis bent levert u uw laissez-passer in bij uw gemeente en vraagt u daar een nieuw paspoort of ID-kaart aan.,Zin van 23 woorden; boven de 20 wordt een zin lastig te volgen.,Knip de zin in tweeën.
0553_paspoort-id-kaart_nooddocument_kameroen.txt,https://www.nederlandwereldwijd.nl/paspoort-id-kaart/nooddocument/kameroen,Nooddocument aanvragen in Kameroen | NederlandWereldwijd,24,lange-zin,advies,Ga daarom op zoek naar een fotograaf die bekend is met de eisen aan een pasfoto voor een Nederlands paspoort of ID-kaart...,Ga daarom op zoek naar een fotograaf die bekend is met de eisen aan een pasfoto voor een Nederlands paspoort of ID-kaart...,Zin van 22 woorden; boven de 20 wordt een zin lastig te volgen.,Knip de zin in tweeën.
0553_paspoort-id-kaart_nooddocument_kameroen.txt,https://www.nederlandwereldwijd.nl/paspoort-id-kaart/nooddocument/kameroen,Nooddocument aanvragen in Kameroen | NederlandWereldwijd,34,lijdende-vorm,advies,worden aanvragen niet verwerkt,In het weekend is de ambassade gesloten en worden aanvragen niet verwerkt.,Lijdende vorm: de lezer ziet niet wie er iets doet.,"Schrijf actief, bijvoorbeeld 'wij sturen' of 'u ontvangt'."
0553_paspoort-id-kaart_nooddocument_kameroen.txt,https://www.nederlandwereldwijd.nl/paspoort-id-kaart/nooddocument/kameroen,Nooddocument aanvragen in Kameroen | NederlandWereldwijd,57,lange-zin,advies,Als u weer thuis bent levert u uw laissez-passer in bij uw gemeente en vraagt u daar een nieuw paspoort of ID-kaart aan.,Als u weer thuis bent levert u uw laissez-passer in bij uw gemeente en vraagt u daar een nieuw paspoort of ID-kaart aan.,Zin van 23 woorden; boven de 20 wordt een zin lastig te volgen.,Knip de zin in tweeën.
0554_paspoort-id-kaart_nooddocument_kazachstan.txt,https://www.nederlandwereldwijd.nl/paspoort-id-kaart/nooddocument/kazachstan,Nooddocument aanvragen in Kazachstan | NederlandWereldwijd,24,lange-zin,advies,Ga daarom op zoek naar een fotograaf die bekend is met de eisen aan een pasfoto voor een Nederlands paspoort of ID-kaart...,Ga daarom op zoek naar een fotograaf die bekend is met de eisen aan een pasfoto voor een Nederlands paspoort of ID-kaart...,Zin van 22 woorden; boven de 20 wordt een zin lastig te volgen.,Knip de zin in tweeën.
0554_paspoort-id-kaart_nooddocument_kazachstan.txt,https://www.nederlandwereldwijd.nl/paspoort-id-kaart/nooddocument/kazachstan,Nooddocument aanvragen in Kazachstan | NederlandWereldwijd,34,lijdende-vorm,advies,worden aanvragen niet verwerkt,In het weekend is de ambassade gesloten en worden aanvragen niet verwerkt.,Lijdende vorm: de lezer ziet niet wie er iets doet.,"Schrijf actief, bijvoorbeeld 'wij sturen' of 'u ontvangt'."
0554_paspoort-id-kaart_nooddocument_kazachstan.txt,https://www.nederlandwereldwijd.nl/paspoort-id-kaart/nooddocument/kazachstan,Nooddocument aanvragen in Kazachstan | NederlandWereldwijd,57,lange-zin,advies,Als u weer thuis bent levert u uw laissez-passer in bij uw gemeente en vraagt u daar een nieuw paspoort of ID-kaart aan.,Als u weer thuis bent levert u uw laissez-passer in bij uw gemeente en vraagt u daar een nieuw paspoort of ID-kaart aan.,Zin van 23 woorden; boven de 20 wordt een zin lastig te volgen.,Knip de zin in tweeën.
0555_paspoort-id-kaart_nooddocument_kenia.txt,https://www.nederlandwereldwijd.nl/paspoort-id-kaart/nooddocument/kenia,Nooddocument aanvragen in Kenia | NederlandWereldwijd,24,lange-zin,advies,Ga daarom op zoek naar een fotograaf die bekend is met de eisen aan een pasfoto voor een Nederlands paspoort of ID-kaart...,Ga daarom op zoek naar een fotograaf die bekend is met de eisen aan een pasfoto voor een Nederlands paspoort of ID-kaart...,Zin van 22 woorden; boven de 20 wordt een zin lastig te volgen.,Knip de zin in tweeën.
0555_paspoort-id-kaart_nooddocument_kenia.txt,https://www.nederlandwereldwijd.nl/paspoort-id-kaart/nooddocument/kenia,Nooddocument aanvragen in Kenia | NederlandWereldwijd,34,lijdende-vorm,advies,worden aanvragen niet verwerkt,In het weekend is de ambassade gesloten en worden aanvragen niet verwerkt.,Lijdende vorm: de lezer ziet niet wie er iets doet.,"Schrijf actief, bijvoorbeeld 'wij sturen' of 'u ontvangt'."
0555_paspoort-id-kaart_nooddocument_kenia.txt,https://www.nederlandwereldwijd.nl/paspoort-id-kaart/nooddocument/kenia,Nooddocument aanvragen in Kenia | NederlandWereldwijd,57,lange-zin,advies,Als u weer thuis bent levert u uw laissez-passer in bij uw gemeente en vraagt u daar een nieuw paspoort of ID-kaart aan.,Als u weer thuis bent levert u uw laissez-passer in bij uw gemeente en vraagt u daar een nieuw paspoort of ID-kaart aan.,Zin van 23 woorden; boven de 20 wordt een zin lastig te volgen.,Knip de zin in tweeën.
0556_paspoort-id-kaart_nooddocument_kirgizie.txt,https://www.nederlandwereldwijd.nl/paspoort-id-kaart/nooddocument/kirgizie,Nooddocument aanvragen in Kirgizië | NederlandWereldwijd,24,lange-zin,advies,Ga daarom op zoek naar een fotograaf die bekend is met de eisen aan een pasfoto voor een Nederlands paspoort of ID-kaart...,Ga daarom op zoek naar een fotograaf die bekend is met de eisen aan een pasfoto voor een Nederlands paspoort of ID-kaart...,Zin van 22 woorden; boven de 20 wordt een zin lastig te volgen.,Knip de zin in tweeën.
0556_paspoort-id-kaart_nooddocument_kirgizie.txt,https://www.nederlandwereldwijd.nl/paspoort-id-kaart/nooddocument/kirgizie,Nooddocument aanvragen in Kirgizië | NederlandWereldwijd,34,lijdende-vorm,advies,worden aanvragen niet verwerkt,In het weekend is de ambassade gesloten en worden aanvragen niet verwerkt.,Lijdende vorm: de lezer ziet niet wie er iets doet.,"Schrijf actief, bijvoorbeeld 'wij sturen' of 'u ontvangt'."
0556_paspoort-id-kaart_nooddocument_kirgizie.txt,https://www.nederlandwereldwijd.nl/paspoort-id-kaart/nooddocument/kirgizie,Nooddocument aanvragen in Kirgizië | NederlandWereldwijd,57,lange-zin,advies,Als u weer thuis bent levert u uw laissez-passer in bij uw gemeente en vraagt u daar een nieuw paspoort of ID-kaart aan.,Als u weer thuis bent levert u uw laissez-passer in bij uw gemeente en vraagt u daar een nieuw paspoort of ID-kaart aan.,Zin van 23 woorden; boven de 20 wordt een zin lastig te volgen.,Knip de zin in tweeën.
0557_paspoort-id-kaart_nooddocument_kiribati.txt,https://www.nederlandwereldwijd.nl/paspoort-id-kaart/nooddocument/kiribati,Nooddocument aanvragen in Kiribati | NederlandWereldwijd,25,lange-zin,advies,Ga daarom op zoek naar een fotograaf die bekend is met de eisen aan een pasfoto voor een Nederland paspoort of ID-kaart.,Ga daarom op zoek naar een fotograaf die bekend is met de eisen aan een pasfoto voor een Nederland paspoort of ID-kaart.,Zin van 22 woorden; boven de 20 wordt een zin lastig te volgen.,Knip de zin in tweeën.
0557_paspoort-id-kaart_nooddocument_kiribati.txt,https://www.nederlandwereldwijd.nl/paspoort-id-kaart/nooddocument/kiribati,Nooddocument aanvragen in Kiribati | NederlandWereldwijd,35,lijdende-vorm,advies,worden aanvragen niet verwerkt,In het weekend is de ambassade gesloten en worden aanvragen niet verwerkt.,Lijdende vorm: de lezer ziet niet wie er iets doet.,"Schrijf actief, bijvoorbeeld 'wij sturen' of 'u ontvangt'."
0557_paspoort-id-kaart_nooddocument_kiribati.txt,https://www.nederlandwereldwijd.nl/paspoort-id-kaart/nooddocument/kiribati,Nooddocument aanvragen in Kiribati | NederlandWereldwijd,58,lange-zin,advies,Als u weer thuis bent levert u uw laissez-passer in bij uw gemeente en vraagt u daar een nieuw paspoort of ID-kaart aan.,Als u weer thuis bent levert u uw laissez-passer in bij uw gemeente en vraagt u daar een nieuw paspoort of ID-kaart aan.,Zin van 23 woorden; boven de 20 wordt een zin lastig te volgen.,Knip de zin in tweeën.
0558_paspoort-id-kaart_nooddocument_koeweit.txt,https://www.nederlandwereldwijd.nl/paspoort-id-kaart/nooddocument/koeweit,Nooddocument aanvragen in Koeweit | NederlandWereldwijd,24,lange-zin,advies,Ga daarom op zoek naar een fotograaf die bekend is met de eisen aan een pasfoto voor een Nederlands paspoort of ID-kaart...,Ga daarom op zoek naar een fotograaf die bekend is met de eisen aan een pasfoto voor een Nederlands paspoort of ID-kaart...,Zin van 22 woorden; boven de 20 wordt een zin lastig te volgen.,Knip de zin in tweeën.
0558_paspoort-id-kaart_nooddocument_koeweit.txt,https://www.nederlandwereldwijd.nl/paspoort-id-kaart/nooddocument/koeweit,Nooddocument aanvragen in Koeweit | NederlandWereldwijd,34,lijdende-vorm,advies,worden aanvragen niet verwerkt,In het weekend is de ambassade gesloten en worden aanvragen niet verwerkt.,Lijdende vorm: de lezer ziet niet wie er iets doet.,"Schrijf actief, bijvoorbeeld 'wij sturen' of 'u ontvangt'."
0558_paspoort-id-kaart_nooddocument_koeweit.txt,https://www.nederlandwereldwijd.nl/paspoort-id-kaart/nooddocument/koeweit,Nooddocument aanvragen in Koeweit | NederlandWereldwijd,57,lange-zin,advies,Als u weer thuis bent levert u uw laissez-passer in bij uw gemeente en vraagt u daar een nieuw paspoort of ID-kaart aan.,Als u weer thuis bent levert u uw laissez-passer in bij uw gemeente en vraagt u daar een nieuw paspoort of ID-kaart aan.,Zin van 23 woorden; boven de 20 wordt een zin lastig te volgen.,Knip de zin in tweeën.
0559_paspoort-id-kaart_nooddocument_kosovo.txt,https://www.nederlandwereldwijd.nl/paspoort-id-kaart/nooddocument/kosovo,Nooddocument aanvragen in Kosovo | NederlandWereldwijd,24,lange-zin,advies,Ga daarom op zoek naar een fotograaf die bekend is met de eisen aan een pasfoto voor een Nederlands paspoort of ID-kaart...,Ga daarom op zoek naar een fotograaf die bekend is met de eisen aan een pasfoto voor een Nederlands paspoort of ID-kaart...,Zin van 22 woorden; boven de 20 wordt een zin lastig te volgen.,Knip de zin in tweeën.
0559_paspoort-id-kaart_nooddocument_kosovo.txt,https://www.nederlandwereldwijd.nl/paspoort-id-kaart/nooddocument/kosovo,Nooddocument aanvragen in Kosovo | NederlandWereldwijd,34,lijdende-vorm,advies,worden aanvragen niet verwerkt,In het weekend is de ambassade gesloten en worden aanvragen niet verwerkt.,Lijdende vorm: de lezer ziet niet wie er iets doet.,"Schrijf actief, bijvoorbeeld 'wij sturen' of 'u ontvangt'."
0559_paspoort-id-kaart_nooddocument_kosovo.txt,https://www.nederlandwereldwijd.nl/paspoort-id-kaart/nooddocument/kosovo,Nooddocument aanvragen in Kosovo | NederlandWereldwijd,57,lange-zin,advies,Als u weer thuis bent levert u uw laissez-passer in bij uw gemeente en vraagt u daar een nieuw paspoort of ID-kaart aan.,Als u weer thuis bent levert u uw laissez-passer in bij uw gemeente en vraagt u daar een nieuw paspoort of ID-kaart aan.,Zin van 23 woorden; boven de 20 wordt een zin lastig te volgen.,Knip de zin in tweeën.
0560_paspoort-id-kaart_nooddocument_kroatie.txt,https://www.nederlandwereldwijd.nl/paspoort-id-kaart/nooddocument/kroatie,Nooddocument aanvragen in Kroatië | NederlandWereldwijd,7,lange-zin,advies,Vraag aan de maatschappij waarmee u reist of u met een kopie van uw paspoort of ID-kaart en uw ticket kunt reizen.,Vraag aan de maatschappij waarmee u reist of u met een kopie van uw paspoort of ID-kaart en uw ticket kunt reizen.,Zin van 22 woorden; boven de 20 wordt een zin lastig te volgen.,Knip de zin in tweeën.
0560_paspoort-id-kaart_nooddocument_kroatie.txt,https://www.nederlandwereldwijd.nl/paspoort-id-kaart/nooddocument/kroatie,Nooddocument aanvragen in Kroatië | NederlandWereldwijd,28,lange-zin,advies,Ga daarom op zoek naar een fotograaf die bekend is met de eisen aan een pasfoto voor een Nederlands paspoort of ID-kaart...,Ga daarom op zoek naar een fotograaf die bekend is met de eisen aan een pasfoto voor een Nederlands paspoort of ID-kaart...,Zin van 22 woorden; boven de 20 wordt een zin lastig te volgen.,Knip de zin in tweeën.
0560_paspoort-id-kaart_nooddocument_kroatie.txt,https://www.nederlandwereldwijd.nl/paspoort-id-kaart/nooddocument/kroatie,Nooddocument aanvragen in Kroatië | NederlandWereldwijd,38,lijdende-vorm,advies,worden aanvragen niet verwerkt,In het weekend is de ambassade gesloten en worden aanvragen niet verwerkt.,Lijdende vorm: de lezer ziet niet wie er iets doet.,"Schrijf actief, bijvoorbeeld 'wij sturen' of 'u ontvangt'."
0560_paspoort-id-kaart_nooddocument_kroatie.txt,https://www.nederlandwereldwijd.nl/paspoort-id-kaart/nooddocument/kroatie,Nooddocument aanvragen in Kroatië | NederlandWereldwijd,61,lange-zin,advies,Als u weer thuis bent levert u uw laissez-passer in bij uw gemeente en vraagt u daar een nieuw paspoort of ID-kaart aan.,Als u weer thuis bent levert u uw laissez-passer in bij uw gemeente en vraagt u daar een nieuw paspoort of ID-kaart aan.,Zin van 23 woorden; boven de 20 wordt een zin lastig te volgen.,Knip de zin in tweeën.
0561_paspoort-id-kaart_nooddocument_laos.txt,https://www.nederlandwereldwijd.nl/paspoort-id-kaart/nooddocument/laos,Nooddocument aanvragen in Laos | NederlandWereldwijd,24,lange-zin,advies,Ga daarom op zoek naar een fotograaf die bekend is met de eisen aan een pasfoto voor een Nederlands paspoort of ID-kaart...,Ga daarom op zoek naar een fotograaf die bekend is met de eisen aan een pasfoto voor een Nederlands paspoort of ID-kaart...,Zin van 22 woorden; boven de 20 wordt een zin lastig te volgen.,Knip de zin in tweeën.
0561_paspoort-id-kaart_nooddocument_laos.txt,https://www.nederlandwereldwijd.nl/paspoort-id-kaart/nooddocument/laos,Nooddocument aanvragen in Laos | NederlandWereldwijd,34,lijdende-vorm,advies,worden aanvragen niet verwerkt,In het weekend is de ambassade gesloten en worden aanvragen niet verwerkt.,Lijdende vorm: de lezer ziet niet wie er iets doet.,"Schrijf actief, bijvoorbeeld 'wij sturen' of 'u ontvangt'."
0561_paspoort-id-kaart_nooddocument_laos.txt,https://www.nederlandwereldwijd.nl/paspoort-id-kaart/nooddocument/laos,Nooddocument aanvragen in Laos | NederlandWereldwijd,47,lange-zin,advies,In het overzicht van de consulaire tarieven in Laos of de consulaire tarieven in Thailand ziet u wat een nooddocument ko...,In het overzicht van de consulaire tarieven in Laos of de consulaire tarieven in Thailand ziet u wat een nooddocument ko...,Zin van 26 woorden; boven de 20 wordt een zin lastig te volgen.,Knip de zin in tweeën.
0561_paspoort-id-kaart_nooddocument_laos.txt,https://www.nederlandwereldwijd.nl/paspoort-id-kaart/nooddocument/laos,Nooddocument aanvragen in Laos | NederlandWereldwijd,57,lange-zin,advies,Als u weer thuis bent levert u uw laissez-passer in bij uw gemeente en vraagt u daar een nieuw paspoort of ID-kaart aan.,Als u weer thuis bent levert u uw laissez-passer in bij uw gemeente en vraagt u daar een nieuw paspoort of ID-kaart aan.,Zin van 23 woorden; boven de 20 wordt een zin lastig te volgen.,Knip de zin in tweeën.
0562_paspoort-id-kaart_nooddocument_lesotho.txt,https://www.nederlandwereldwijd.nl/paspoort-id-kaart/nooddocument/lesotho,Nooddocument aanvragen in Lesotho | NederlandWereldwijd,24,lange-zin,advies,Ga daarom op zoek naar een fotograaf die bekend is met de eisen aan een pasfoto voor een Nederlands paspoort of ID-kaart...,Ga daarom op zoek naar een fotograaf die bekend is met de eisen aan een pasfoto voor een Nederlands paspoort of ID-kaart...,Zin van 22 woorden; boven de 20 wordt een zin lastig te volgen.,Knip de zin in tweeën.
0562_paspoort-id-kaart_nooddocument_lesotho.txt,https://www.nederlandwereldwijd.nl/paspoort-id-kaart/nooddocument/lesotho,Nooddocument aanvragen in Lesotho | NederlandWereldwijd,34,lijdende-vorm,advies,worden aanvragen niet verwerkt,In het weekend is de ambassade gesloten en worden aanvragen niet verwerkt.,Lijdende vorm: de lezer ziet niet wie er iets doet.,"Schrijf actief, bijvoorbeeld 'wij sturen' of 'u ontvangt'."
0562_paspoort-id-kaart_nooddocument_lesotho.txt,https://www.nederlandwereldwijd.nl/paspoort-id-kaart/nooddocument/lesotho,Nooddocument aanvragen in Lesotho | NederlandWereldwijd,57,lange-zin,advies,Als u weer thuis bent levert u uw laissez-passer in bij uw gemeente en vraagt u daar een nieuw paspoort of ID-kaart aan.,Als u weer thuis bent levert u uw laissez-passer in bij uw gemeente en vraagt u daar een nieuw paspoort of ID-kaart aan.,Zin van 23 woorden; boven de 20 wordt een zin lastig te volgen.,Knip de zin in tweeën.
0563_paspoort-id-kaart_nooddocument_letland.txt,https://www.nederlandwereldwijd.nl/paspoort-id-kaart/nooddocument/letland,Nooddocument aanvragen in Letland | NederlandWereldwijd,7,lange-zin,advies,Vraag aan de maatschappij waarmee u reist of u met een kopie van uw paspoort of ID-kaart en uw ticket kunt reizen.,Vraag aan de maatschappij waarmee u reist of u met een kopie van uw paspoort of ID-kaart en uw ticket kunt reizen.,Zin van 22 woorden; boven de 20 wordt een zin lastig te volgen.,Knip de zin in tweeën.
0563_paspoort-id-kaart_nooddocument_letland.txt,https://www.nederlandwereldwijd.nl/paspoort-id-kaart/nooddocument/letland,Nooddocument aanvragen in Letland | NederlandWereldwijd,28,lange-zin,advies,Ga daarom op zoek naar een fotograaf die bekend is met de eisen aan een pasfoto voor een Nederlands paspoort of ID-kaart...,Ga daarom op zoek naar een fotograaf die bekend is met de eisen aan een pasfoto voor een Nederlands paspoort of ID-kaart...,Zin van 22 woorden; boven de 20 wordt een zin lastig te volgen.,Knip de zin in tweeën.
0563_paspoort-id-kaart_nooddocument_letland.txt,https://www.nederlandwereldwijd.nl/paspoort-id-kaart/nooddocument/letland,Nooddocument aanvragen in Letland | NederlandWereldwijd,38,lijdende-vorm,advies,worden aanvragen niet verwerkt,In het weekend is de ambassade gesloten en worden aanvragen niet verwerkt.,Lijdende vorm: de lezer ziet niet wie er iets doet.,"Schrijf actief, bijvoorbeeld 'wij sturen' of 'u ontvangt'."
0563_paspoort-id-kaart_nooddocument_letland.txt,https://www.nederlandwereldwijd.nl/paspoort-id-kaart/nooddocument/letland,Nooddocument aanvragen in Letland | NederlandWereldwijd,61,lange-zin,advies,Als u weer thuis bent levert u uw laissez-passer in bij uw gemeente en vraagt u daar een nieuw paspoort of ID-kaart aan.,Als u weer thuis bent levert u uw laissez-passer in bij uw gemeente en vraagt u daar een nieuw paspoort of ID-kaart aan.,Zin van 23 woorden; boven de 20 wordt een zin lastig te volgen.,Knip de zin in tweeën.
0564_paspoort-id-kaart_nooddocument_libanon.txt,https://www.nederlandwereldwijd.nl/paspoort-id-kaart/nooddocument/libanon,Nooddocument aanvragen in Libanon | NederlandWereldwijd,24,lange-zin,advies,Ga daarom op zoek naar een fotograaf die bekend is met de eisen aan een pasfoto voor een Nederlands paspoort of ID-kaart...,Ga daarom op zoek naar een fotograaf die bekend is met de eisen aan een pasfoto voor een Nederlands paspoort of ID-kaart...,Zin van 22 woorden; boven de 20 wordt een zin lastig te volgen.,Knip de zin in tweeën.
0564_paspoort-id-kaart_nooddocument_libanon.txt,https://www.nederlandwereldwijd.nl/paspoort-id-kaart/nooddocument/libanon,Nooddocument aanvragen in Libanon | NederlandWereldwijd,34,lijdende-vorm,advies,worden aanvragen niet verwerkt,In het weekend is de ambassade gesloten en worden aanvragen niet verwerkt.,Lijdende vorm: de lezer ziet niet wie er iets doet.,"Schrijf actief, bijvoorbeeld 'wij sturen' of 'u ontvangt'."
0564_paspoort-id-kaart_nooddocument_libanon.txt,https://www.nederlandwereldwijd.nl/paspoort-id-kaart/nooddocument/libanon,Nooddocument aanvragen in Libanon | NederlandWereldwijd,57,lange-zin,advies,Als u weer thuis bent levert u uw laissez-passer in bij uw gemeente en vraagt u daar een nieuw paspoort of ID-kaart aan.,Als u weer thuis bent levert u uw laissez-passer in bij uw gemeente en vraagt u daar een nieuw paspoort of ID-kaart aan.,Zin van 23 woorden; boven de 20 wordt een zin lastig te volgen.,Knip de zin in tweeën.
0564_paspoort-id-kaart_nooddocument_libanon.txt,https://www.nederlandwereldwijd.nl/paspoort-id-kaart/nooddocument/libanon,Nooddocument aanvragen in Libanon | NederlandWereldwijd,61,lange-zin,advies,"Als u Libanon met een visum bezoekt en uitreist met een nooddocument, dan moet u voor vertrek uw visum door de Libanese ...","Als u Libanon met een visum bezoekt en uitreist met een nooddocument, dan moet u voor vertrek uw visum door de Libanese ...",Zin van 30 woorden; boven de 20 wordt een zin lastig te volgen.,Knip de zin in tweeën.
0565_paspoort-id-kaart_nooddocument_liberia.txt,https://www.nederlandwereldwijd.nl/paspoort-id-kaart/nooddocument/liberia,Nooddocument aanvragen in Liberia | NederlandWereldwijd,24,lange-zin,advies,Ga daarom op zoek naar een fotograaf die bekend is met de eisen aan een pasfoto voor een Nederlands paspoort of ID-kaart...,Ga daarom op zoek naar een fotograaf die bekend is met de eisen aan een pasfoto voor een Nederlands paspoort of ID-kaart...,Zin van 22 woorden; boven de 20 wordt een zin lastig te volgen.,Knip de zin in tweeën.
0565_paspoort-id-kaart_nooddocument_liberia.txt,https://www.nederlandwereldwijd.nl/paspoort-id-kaart/nooddocument/liberia,Nooddocument aanvragen in Liberia | NederlandWereldwijd,34,lijdende-vorm,advies,worden aanvragen niet verwerkt,In het weekend is de ambassade gesloten en worden aanvragen niet verwerkt.,Lijdende vorm: de lezer ziet niet wie er iets doet.,"Schrijf actief, bijvoorbeeld 'wij sturen' of 'u ontvangt'."
0565_paspoort-id-kaart_nooddocument_liberia.txt,https://www.nederlandwereldwijd.nl/paspoort-id-kaart/nooddocument/liberia,Nooddocument aanvragen in Liberia | NederlandWereldwijd,57,lange-zin,advies,Als u weer thuis bent levert u uw laissez-passer in bij uw gemeente en vraagt u daar een nieuw paspoort of ID-kaart aan.,Als u weer thuis bent levert u uw laissez-passer in bij uw gemeente en vraagt u daar een nieuw paspoort of ID-kaart aan.,Zin van 23 woorden; boven de 20 wordt een zin lastig te volgen.,Knip de zin in tweeën.
0566_paspoort-id-kaart_nooddocument_libie.txt,https://www.nederlandwereldwijd.nl/paspoort-id-kaart/nooddocument/libie,Nooddocument aanvragen in Libië | NederlandWereldwijd,24,lange-zin,advies,Ga daarom op zoek naar een fotograaf die bekend is met de eisen aan een pasfoto voor een Nederlands paspoort of ID-kaart...,Ga daarom op zoek naar een fotograaf die bekend is met de eisen aan een pasfoto voor een Nederlands paspoort of ID-kaart...,Zin van 22 woorden; boven de 20 wordt een zin lastig te volgen.,Knip de zin in tweeën.
0566_paspoort-id-kaart_nooddocument_libie.txt,https://www.nederlandwereldwijd.nl/paspoort-id-kaart/nooddocument/libie,Nooddocument aanvragen in Libië | NederlandWereldwijd,34,lijdende-vorm,advies,worden aanvragen niet verwerkt,In het weekend is de ambassade gesloten en worden aanvragen niet verwerkt.,Lijdende vorm: de lezer ziet niet wie er iets doet.,"Schrijf actief, bijvoorbeeld 'wij sturen' of 'u ontvangt'."
0566_paspoort-id-kaart_nooddocument_libie.txt,https://www.nederlandwereldwijd.nl/paspoort-id-kaart/nooddocument/libie,Nooddocument aanvragen in Libië | NederlandWereldwijd,57,lange-zin,advies,Als u weer thuis bent levert u uw laissez-passer in bij uw gemeente en vraagt u daar een nieuw paspoort of ID-kaart aan.,Als u weer thuis bent levert u uw laissez-passer in bij uw gemeente en vraagt u daar een nieuw paspoort of ID-kaart aan.,Zin van 23 woorden; boven de 20 wordt een zin lastig te volgen.,Knip de zin in tweeën.
0567_paspoort-id-kaart_nooddocument_liechtenstein.txt,https://www.nederlandwereldwijd.nl/paspoort-id-kaart/nooddocument/liechtenstein,Nooddocument aanvragen in Liechtenstein | NederlandWereldwijd,7,lange-zin,advies,Vraag aan de maatschappij waarmee u reist of u met een kopie van uw paspoort of ID-kaart en uw ticket kunt reizen.,Vraag aan de maatschappij waarmee u reist of u met een kopie van uw paspoort of ID-kaart en uw ticket kunt reizen.,Zin van 22 woorden; boven de 20 wordt een zin lastig te volgen.,Knip de zin in tweeën.
0567_paspoort-id-kaart_nooddocument_liechtenstein.txt,https://www.nederlandwereldwijd.nl/paspoort-id-kaart/nooddocument/liechtenstein,Nooddocument aanvragen in Liechtenstein | NederlandWereldwijd,28,lange-zin,advies,Ga daarom op zoek naar een fotograaf die bekend is met de eisen aan een pasfoto voor een Nederlands paspoost of ID-kaart...,Ga daarom op zoek naar een fotograaf die bekend is met de eisen aan een pasfoto voor een Nederlands paspoost of ID-kaart...,Zin van 22 woorden; boven de 20 wordt een zin lastig te volgen.,Knip de zin in tweeën.
0567_paspoort-id-kaart_nooddocument_liechtenstein.txt,https://www.nederlandwereldwijd.nl/paspoort-id-kaart/nooddocument/liechtenstein,Nooddocument aanvragen in Liechtenstein | NederlandWereldwijd,37,lijdende-vorm,advies,worden aanvragen niet verwerkt,In het weekend is de ambassade gesloten en worden aanvragen niet verwerkt.,Lijdende vorm: de lezer ziet niet wie er iets doet.,"Schrijf actief, bijvoorbeeld 'wij sturen' of 'u ontvangt'."
0567_paspoort-id-kaart_nooddocument_liechtenstein.txt,https://www.nederlandwereldwijd.nl/paspoort-id-kaart/nooddocument/liechtenstein,Nooddocument aanvragen in Liechtenstein | NederlandWereldwijd,58,lange-zin,advies,Als u weer thuis bent levert u uw laissez-passer in bij uw gemeente en vraagt u daar een nieuw paspoort of ID-kaart aan.,Als u weer thuis bent levert u uw laissez-passer in bij uw gemeente en vraagt u daar een nieuw paspoort of ID-kaart aan.,Zin van 23 woorden; boven de 20 wordt een zin lastig te volgen.,Knip de zin in tweeën.
0568_paspoort-id-kaart_nooddocument_litouwen.txt,https://www.nederlandwereldwijd.nl/paspoort-id-kaart/nooddocument/litouwen,Nooddocument aanvragen in Litouwen | NederlandWereldwijd,7,lange-zin,advies,Vraag aan de maatschappij waarmee u reist of u met een kopie van uw paspoort of ID-kaart en uw ticket kunt reizen.,Vraag aan de maatschappij waarmee u reist of u met een kopie van uw paspoort of ID-kaart en uw ticket kunt reizen.,Zin van 22 woorden; boven de 20 wordt een zin lastig te volgen.,Knip de zin in tweeën.
0568_paspoort-id-kaart_nooddocument_litouwen.txt,https://www.nederlandwereldwijd.nl/paspoort-id-kaart/nooddocument/litouwen,Nooddocument aanvragen in Litouwen | NederlandWereldwijd,30,lange-zin,advies,Ga daarom op zoek naar een fotograaf die bekend is met de eisen aan een pasfoto voor een Nederlands paspoort f ID-kaart.,Ga daarom op zoek naar een fotograaf die bekend is met de eisen aan een pasfoto voor een Nederlands paspoort f ID-kaart.,Zin van 22 woorden; boven de 20 wordt een zin lastig te volgen.,Knip de zin in tweeën.
0568_paspoort-id-kaart_nooddocument_litouwen.txt,https://www.nederlandwereldwijd.nl/paspoort-id-kaart/nooddocument/litouwen,Nooddocument aanvragen in Litouwen | NederlandWereldwijd,40,lijdende-vorm,advies,worden aanvragen niet verwerkt,In het weekend is de ambassade gesloten en worden aanvragen niet verwerkt.,Lijdende vorm: de lezer ziet niet wie er iets doet.,"Schrijf actief, bijvoorbeeld 'wij sturen' of 'u ontvangt'."
0568_paspoort-id-kaart_nooddocument_litouwen.txt,https://www.nederlandwereldwijd.nl/paspoort-id-kaart/nooddocument/litouwen,Nooddocument aanvragen in Litouwen | NederlandWereldwijd,63,lange-zin,advies,Als u weer thuis bent levert u uw laissez-passer in bij uw gemeente en vraagt u daar een nieuw paspoort of ID-kaart aan.,Als u weer thuis bent levert u uw laissez-passer in bij uw gemeente en vraagt u daar een nieuw paspoort of ID-kaart aan.,Zin van 23 woorden; boven de 20 wordt een zin lastig te volgen.,Knip de zin in tweeën.
0569_paspoort-id-kaart_nooddocument_luxemburg.txt,https://www.nederlandwereldwijd.nl/paspoort-id-kaart/nooddocument/luxemburg,Nooddocument aanvragen in Luxemburg | NederlandWereldwijd,7,lange-zin,advies,Vraag aan de maatschappij waarmee u reist of u met een kopie van uw paspoort of ID-kaart en uw ticket kunt reizen.,Vraag aan de maatschappij waarmee u reist of u met een kopie van uw paspoort of ID-kaart en uw ticket kunt reizen.,Zin van 22 woorden; boven de 20 wordt een zin lastig te volgen.,Knip de zin in tweeën.
0569_paspoort-id-kaart_nooddocument_luxemburg.txt,https://www.nederlandwereldwijd.nl/paspoort-id-kaart/nooddocument/luxemburg,Nooddocument aanvragen in Luxemburg | NederlandWereldwijd,28,lange-zin,advies,Ga daarom op zoek naar een fotograaf die bekend is met de eisen aan een pasfoto voor een Nederlands paspoort of ID-kaart...,Ga daarom op zoek naar een fotograaf die bekend is met de eisen aan een pasfoto voor een Nederlands paspoort of ID-kaart...,Zin van 22 woorden; boven de 20 wordt een zin lastig te volgen.,Knip de zin in tweeën.
0569_paspoort-id-kaart_nooddocument_luxemburg.txt,https://www.nederlandwereldwijd.nl/paspoort-id-kaart/nooddocument/luxemburg,Nooddocument aanvragen in Luxemburg | NederlandWereldwijd,38,lijdende-vorm,advies,worden aanvragen niet verwerkt,In het weekend is de ambassade gesloten en worden aanvragen niet verwerkt.,Lijdende vorm: de lezer ziet niet wie er iets doet.,"Schrijf actief, bijvoorbeeld 'wij sturen' of 'u ontvangt'."
0569_paspoort-id-kaart_nooddocument_luxemburg.txt,https://www.nederlandwereldwijd.nl/paspoort-id-kaart/nooddocument/luxemburg,Nooddocument aanvragen in Luxemburg | NederlandWereldwijd,61,lange-zin,advies,Als u weer thuis bent levert u uw laissez-passer in bij uw gemeente en vraagt u daar een nieuw paspoort of ID-kaart aan.,Als u weer thuis bent levert u uw laissez-passer in bij uw gemeente en vraagt u daar een nieuw paspoort of ID-kaart aan.,Zin van 23 woorden; boven de 20 wordt een zin lastig te volgen.,Knip de zin in tweeën.
0570_paspoort-id-kaart_nooddocument_macau-sar.txt,https://www.nederlandwereldwijd.nl/paspoort-id-kaart/nooddocument/macau-sar,Nooddocument aanvragen in Macau SAR | NederlandWereldwijd,24,lange-zin,advies,Ga daarom op zoek naar een fotograaf die bekend is met de eisen aan een pasfoto voor een Nederlands paspoort of ID-kaart...,Ga daarom op zoek naar een fotograaf die bekend is met de eisen aan een pasfoto voor een Nederlands paspoort of ID-kaart...,Zin van 22 woorden; boven de 20 wordt een zin lastig te volgen.,Knip de zin in tweeën.
0570_paspoort-id-kaart_nooddocument_macau-sar.txt,https://www.nederlandwereldwijd.nl/paspoort-id-kaart/nooddocument/macau-sar,Nooddocument aanvragen in Macau SAR | NederlandWereldwijd,34,lijdende-vorm,advies,worden aanvragen niet verwerkt,In het weekend is het consulaat-generaal gesloten en worden aanvragen niet verwerkt.,Lijdende vorm: de lezer ziet niet wie er iets doet.,"Schrijf actief, bijvoorbeeld 'wij sturen' of 'u ontvangt'."
0570_paspoort-id-kaart_nooddocument_macau-sar.txt,https://www.nederlandwereldwijd.nl/paspoort-id-kaart/nooddocument/macau-sar,Nooddocument aanvragen in Macau SAR | NederlandWereldwijd,47,lange-zin,advies,In het overzicht van de consulaire tarieven in Hongkong SAR ziet u wat een nooddocument kost en hoe u kunt betalen.,In het overzicht van de consulaire tarieven in Hongkong SAR ziet u wat een nooddocument kost en hoe u kunt betalen.,Zin van 21 woorden; boven de 20 wordt een zin lastig te volgen.,Knip de zin in tweeën.
0570_paspoort-id-kaart_nooddocument_macau-sar.txt,https://www.nederlandwereldwijd.nl/paspoort-id-kaart/nooddocument/macau-sar,Nooddocument aanvragen in Macau SAR | NederlandWereldwijd,57,lange-zin,advies,Als u weer thuis bent levert u uw laissez-passer in bij uw gemeente en vraagt u daar een nieuw paspoort of ID-kaart aan.,Als u weer thuis bent levert u uw laissez-passer in bij uw gemeente en vraagt u daar een nieuw paspoort of ID-kaart aan.,Zin van 23 woorden; boven de 20 wordt een zin lastig te volgen.,Knip de zin in tweeën.
0571_paspoort-id-kaart_nooddocument_madagaskar.txt,https://www.nederlandwereldwijd.nl/paspoort-id-kaart/nooddocument/madagaskar,Nooddocument aanvragen in Madagaskar | NederlandWereldwijd,24,lange-zin,advies,Ga daarom op zoek naar een fotograaf die bekend is met de eisen aan een pasfoto voor een Nederlands paspoort of ID-kaart...,Ga daarom op zoek naar een fotograaf die bekend is met de eisen aan een pasfoto voor een Nederlands paspoort of ID-kaart...,Zin van 22 woorden; boven de 20 wordt een zin lastig te volgen.,Knip de zin in tweeën.
0571_paspoort-id-kaart_nooddocument_madagaskar.txt,https://www.nederlandwereldwijd.nl/paspoort-id-kaart/nooddocument/madagaskar,Nooddocument aanvragen in Madagaskar | NederlandWereldwijd,34,lijdende-vorm,advies,worden aanvragen niet verwerkt,In het weekend is de ambassade gesloten en worden aanvragen niet verwerkt.,Lijdende vorm: de lezer ziet niet wie er iets doet.,"Schrijf actief, bijvoorbeeld 'wij sturen' of 'u ontvangt'."
0571_paspoort-id-kaart_nooddocument_madagaskar.txt,https://www.nederlandwereldwijd.nl/paspoort-id-kaart/nooddocument/madagaskar,Nooddocument aanvragen in Madagaskar | NederlandWereldwijd,57,lange-zin,advies,Als u weer thuis bent levert u uw laissez-passer in bij uw gemeente en vraagt u daar een nieuw paspoort of ID-kaart aan.,Als u weer thuis bent levert u uw laissez-passer in bij uw gemeente en vraagt u daar een nieuw paspoort of ID-kaart aan.,Zin van 23 woorden; boven de 20 wordt een zin lastig te volgen.,Knip de zin in tweeën.
0572_paspoort-id-kaart_nooddocument_malawi.txt,https://www.nederlandwereldwijd.nl/paspoort-id-kaart/nooddocument/malawi,Nooddocument aanvragen in Malawi | NederlandWereldwijd,13,lijdende-vorm,advies,worden aanvragen niet verwerkt,In het weekend is de ambassade gesloten en worden aanvragen niet verwerkt.,Lijdende vorm: de lezer ziet niet wie er iets doet.,"Schrijf actief, bijvoorbeeld 'wij sturen' of 'u ontvangt'."
0572_paspoort-id-kaart_nooddocument_malawi.txt,https://www.nederlandwereldwijd.nl/paspoort-id-kaart/nooddocument/malawi,Nooddocument aanvragen in Malawi | NederlandWereldwijd,25,lijdende-vorm,advies,worden aanvragen niet verwerkt,In het weekend is de ambassade gesloten en worden aanvragen niet verwerkt.,Lijdende vorm: de lezer ziet niet wie er iets doet.,"Schrijf actief, bijvoorbeeld 'wij sturen' of 'u ontvangt'."
0572_paspoort-id-kaart_nooddocument_malawi.txt,https://www.nederlandwereldwijd.nl/paspoort-id-kaart/nooddocument/malawi,Nooddocument aanvragen in Malawi | NederlandWereldwijd,48,lange-zin,advies,Als u weer thuis bent levert u uw laissez-passer in bij uw gemeente en vraagt u daar een nieuw paspoort of ID-kaart aan.,Als u weer thuis bent levert u uw laissez-passer in bij uw gemeente en vraagt u daar een nieuw paspoort of ID-kaart aan.,Zin van 23 woorden; boven de 20 wordt een zin lastig te volgen.,Knip de zin in tweeën.
0573_paspoort-id-kaart_nooddocument_maldiven.txt,https://www.nederlandwereldwijd.nl/paspoort-id-kaart/nooddocument/maldiven,Nooddocument aanvragen op de Maldiven | NederlandWereldwijd,24,lange-zin,advies,Ga daarom op zoek naar een fotograaf die bekend is met de eisen aan een pasfoto voor een Nederlands paspoort of ID-kaart...,Ga daarom op zoek naar een fotograaf die bekend is met de eisen aan een pasfoto voor een Nederlands paspoort of ID-kaart...,Zin van 22 woorden; boven de 20 wordt een zin lastig te volgen.,Knip de zin in tweeën.
0573_paspoort-id-kaart_nooddocument_maldiven.txt,https://www.nederlandwereldwijd.nl/paspoort-id-kaart/nooddocument/maldiven,Nooddocument aanvragen op de Maldiven | NederlandWereldwijd,34,lijdende-vorm,advies,worden aanvragen niet verwerkt,In het weekend is de ambassade gesloten en worden aanvragen niet verwerkt.,Lijdende vorm: de lezer ziet niet wie er iets doet.,"Schrijf actief, bijvoorbeeld 'wij sturen' of 'u ontvangt'."
0573_paspoort-id-kaart_nooddocument_maldiven.txt,https://www.nederlandwereldwijd.nl/paspoort-id-kaart/nooddocument/maldiven,Nooddocument aanvragen op de Maldiven | NederlandWereldwijd,47,lange-zin,advies,In het overzicht van de consulaire tarieven in Sri Lanka ziet u wat een nooddocument kost en hoe u kunt betalen.,In het overzicht van de consulaire tarieven in Sri Lanka ziet u wat een nooddocument kost en hoe u kunt betalen.,Zin van 21 woorden; boven de 20 wordt een zin lastig te volgen.,Knip de zin in tweeën.
0573_paspoort-id-kaart_nooddocument_maldiven.txt,https://www.nederlandwereldwijd.nl/paspoort-id-kaart/nooddocument/maldiven,Nooddocument aanvragen op de Maldiven | NederlandWereldwijd,57,lange-zin,advies,Als u weer thuis bent levert u uw laissez-passer in bij uw gemeente en vraagt u daar een nieuw paspoort of ID-kaart aan.,Als u weer thuis bent levert u uw laissez-passer in bij uw gemeente en vraagt u daar een nieuw paspoort of ID-kaart aan.,Zin van 23 woorden; boven de 20 wordt een zin lastig te volgen.,Knip de zin in tweeën.
0574_paspoort-id-kaart_nooddocument_maleisie.txt,https://www.nederlandwereldwijd.nl/paspoort-id-kaart/nooddocument/maleisie,Nooddocument aanvragen in Maleisië | NederlandWereldwijd,24,lange-zin,advies,Ga daarom op zoek naar een fotograaf die bekend is met de eisen aan een pasfoto voor een Nederlands paspoort of ID-kaart...,Ga daarom op zoek naar een fotograaf die bekend is met de eisen aan een pasfoto voor een Nederlands paspoort of ID-kaart...,Zin van 22 woorden; boven de 20 wordt een zin lastig te volgen.,Knip de zin in tweeën.
0574_paspoort-id-kaart_nooddocument_maleisie.txt,https://www.nederlandwereldwijd.nl/paspoort-id-kaart/nooddocument/maleisie,Nooddocument aanvragen in Maleisië | NederlandWereldwijd,34,lijdende-vorm,advies,worden aanvragen niet verwerkt,In het weekend is de ambassade gesloten en worden aanvragen niet verwerkt.,Lijdende vorm: de lezer ziet niet wie er iets doet.,"Schrijf actief, bijvoorbeeld 'wij sturen' of 'u ontvangt'."
0574_paspoort-id-kaart_nooddocument_maleisie.txt,https://www.nederlandwereldwijd.nl/paspoort-id-kaart/nooddocument/maleisie,Nooddocument aanvragen in Maleisië | NederlandWereldwijd,57,lange-zin,advies,Als u weer thuis bent levert u uw laissez-passer in bij uw gemeente en vraagt u daar een nieuw paspoort of ID-kaart aan.,Als u weer thuis bent levert u uw laissez-passer in bij uw gemeente en vraagt u daar een nieuw paspoort of ID-kaart aan.,Zin van 23 woorden; boven de 20 wordt een zin lastig te volgen.,Knip de zin in tweeën.
0575_paspoort-id-kaart_nooddocument_mali.txt,https://www.nederlandwereldwijd.nl/paspoort-id-kaart/nooddocument/mali,Nooddocument aanvragen in Mali | NederlandWereldwijd,24,lange-zin,advies,Ga daarom op zoek naar een fotograaf die bekend is met de eisen aan een pasfoto voor een Nederlands paspoort of ID-kaart...,Ga daarom op zoek naar een fotograaf die bekend is met de eisen aan een pasfoto voor een Nederlands paspoort of ID-kaart...,Zin van 22 woorden; boven de 20 wordt een zin lastig te volgen.,Knip de zin in tweeën.
0575_paspoort-id-kaart_nooddocument_mali.txt,https://www.nederlandwereldwijd.nl/paspoort-id-kaart/nooddocument/mali,Nooddocument aanvragen in Mali | NederlandWereldwijd,34,lijdende-vorm,advies,worden aanvragen niet verwerkt,In het weekend is de ambassade gesloten en worden aanvragen niet verwerkt.,Lijdende vorm: de lezer ziet niet wie er iets doet.,"Schrijf actief, bijvoorbeeld 'wij sturen' of 'u ontvangt'."
0575_paspoort-id-kaart_nooddocument_mali.txt,https://www.nederlandwereldwijd.nl/paspoort-id-kaart/nooddocument/mali,Nooddocument aanvragen in Mali | NederlandWereldwijd,57,lange-zin,advies,Als u weer thuis bent levert u uw laissez-passer in bij uw gemeente en vraagt u daar een nieuw paspoort of ID-kaart aan.,Als u weer thuis bent levert u uw laissez-passer in bij uw gemeente en vraagt u daar een nieuw paspoort of ID-kaart aan.,Zin van 23 woorden; boven de 20 wordt een zin lastig te volgen.,Knip de zin in tweeën.
0576_paspoort-id-kaart_nooddocument_malta.txt,https://www.nederlandwereldwijd.nl/paspoort-id-kaart/nooddocument/malta,Nooddocument aanvragen in Malta | NederlandWereldwijd,7,lange-zin,advies,Vraag aan de maatschappij waarmee u reist of u met een kopie van uw paspoort of ID-kaart en uw ticket kunt reizen.,Vraag aan de maatschappij waarmee u reist of u met een kopie van uw paspoort of ID-kaart en uw ticket kunt reizen.,Zin van 22 woorden; boven de 20 wordt een zin lastig te volgen.,Knip de zin in tweeën.
0576_paspoort-id-kaart_nooddocument_malta.txt,https://www.nederlandwereldwijd.nl/paspoort-id-kaart/nooddocument/malta,Nooddocument aanvragen in Malta | NederlandWereldwijd,28,lange-zin,advies,Ga daarom op zoek naar een fotograaf die bekend is met de eisen aan een pasfoto voor een Nederlands paspoort of ID-kaart...,Ga daarom op zoek naar een fotograaf die bekend is met de eisen aan een pasfoto voor een Nederlands paspoort of ID-kaart...,Zin van 22 woorden; boven de 20 wordt een zin lastig te volgen.,Knip de zin in tweeën.
0576_paspoort-id-kaart_nooddocument_malta.txt,https://www.nederlandwereldwijd.nl/paspoort-id-kaart/nooddocument/malta,Nooddocument aanvragen in Malta | NederlandWereldwijd,38,lijdende-vorm,advies,worden aanvragen niet verwerkt,In het weekend is de ambassade gesloten en worden aanvragen niet verwerkt.,Lijdende vorm: de lezer ziet niet wie er iets doet.,"Schrijf actief, bijvoorbeeld 'wij sturen' of 'u ontvangt'."
0576_paspoort-id-kaart_nooddocument_malta.txt,https://www.nederlandwereldwijd.nl/paspoort-id-kaart/nooddocument/malta,Nooddocument aanvragen in Malta | NederlandWereldwijd,61,lange-zin,advies,Als u weer thuis bent levert u uw laissez-passer in bij uw gemeente en vraagt u daar een nieuw paspoort of ID-kaart aan.,Als u weer thuis bent levert u uw laissez-passer in bij uw gemeente en vraagt u daar een nieuw paspoort of ID-kaart aan.,Zin van 23 woorden; boven de 20 wordt een zin lastig te volgen.,Knip de zin in tweeën.
0577_paspoort-id-kaart_nooddocument_marokko.txt,https://www.nederlandwereldwijd.nl/paspoort-id-kaart/nooddocument/marokko,Nooddocument aanvragen in Marokko | NederlandWereldwijd,25,lange-zin,advies,Ga daarom op zoek naar een fotograaf die bekend is met de eisen aan een pasfoto voor een Nederlands paspoort of ID-kaart...,Ga daarom op zoek naar een fotograaf die bekend is met de eisen aan een pasfoto voor een Nederlands paspoort of ID-kaart...,Zin van 22 woorden; boven de 20 wordt een zin lastig te volgen.,Knip de zin in tweeën.
0577_paspoort-id-kaart_nooddocument_marokko.txt,https://www.nederlandwereldwijd.nl/paspoort-id-kaart/nooddocument/marokko,Nooddocument aanvragen in Marokko | NederlandWereldwijd,35,lijdende-vorm,advies,worden aanvragen niet verwerkt,In het weekend is de ambassade gesloten en worden aanvragen niet verwerkt.,Lijdende vorm: de lezer ziet niet wie er iets doet.,"Schrijf actief, bijvoorbeeld 'wij sturen' of 'u ontvangt'."
0577_paspoort-id-kaart_nooddocument_marokko.txt,https://www.nederlandwereldwijd.nl/paspoort-id-kaart/nooddocument/marokko,Nooddocument aanvragen in Marokko | NederlandWereldwijd,58,lange-zin,advies,Als u weer thuis bent levert u uw laissez-passer in bij uw gemeente en vraagt u daar een nieuw paspoort of ID-kaart aan.,Als u weer thuis bent levert u uw laissez-passer in bij uw gemeente en vraagt u daar een nieuw paspoort of ID-kaart aan.,Zin van 23 woorden; boven de 20 wordt een zin lastig te volgen.,Knip de zin in tweeën.
0578_paspoort-id-kaart_nooddocument_marshalleilanden.txt,https://www.nederlandwereldwijd.nl/paspoort-id-kaart/nooddocument/marshalleilanden,Nooddocument aanvragen op de Marshalleilanden | NederlandWereldwijd,24,lange-zin,advies,Ga daarom op zoek naar een fotograaf die bekend is met de eisen aan een pasfoto voor een Nederlands paspoort of ID-kaart...,Ga daarom op zoek naar een fotograaf die bekend is met de eisen aan een pasfoto voor een Nederlands paspoort of ID-kaart...,Zin van 22 woorden; boven de 20 wordt een zin lastig te volgen.,Knip de zin in tweeën.
0578_paspoort-id-kaart_nooddocument_marshalleilanden.txt,https://www.nederlandwereldwijd.nl/paspoort-id-kaart/nooddocument/marshalleilanden,Nooddocument aanvragen op de Marshalleilanden | NederlandWereldwijd,34,lijdende-vorm,advies,worden aanvragen niet verwerkt,In het weekend is de ambassade gesloten en worden aanvragen niet verwerkt.,Lijdende vorm: de lezer ziet niet wie er iets doet.,"Schrijf actief, bijvoorbeeld 'wij sturen' of 'u ontvangt'."
0578_paspoort-id-kaart_nooddocument_marshalleilanden.txt,https://www.nederlandwereldwijd.nl/paspoort-id-kaart/nooddocument/marshalleilanden,Nooddocument aanvragen op de Marshalleilanden | NederlandWereldwijd,47,lange-zin,advies,In het overzicht van de consulaire tarieven in de Filipijnen ziet u wat een nooddocument kost en hoe u kunt betalen.,In het overzicht van de consulaire tarieven in de Filipijnen ziet u wat een nooddocument kost en hoe u kunt betalen.,Zin van 21 woorden; boven de 20 wordt een zin lastig te volgen.,Knip de zin in tweeën.
0578_paspoort-id-kaart_nooddocument_marshalleilanden.txt,https://www.nederlandwereldwijd.nl/paspoort-id-kaart/nooddocument/marshalleilanden,Nooddocument aanvragen op de Marshalleilanden | NederlandWereldwijd,57,lange-zin,advies,Als u weer thuis bent levert u uw laissez-passer in bij uw gemeente en vraagt u daar een nieuw paspoort of ID-kaart aan.,Als u weer thuis bent levert u uw laissez-passer in bij uw gemeente en vraagt u daar een nieuw paspoort of ID-kaart aan.,Zin van 23 woorden; boven de 20 wordt een zin lastig te volgen.,Knip de zin in tweeën.
0579_paspoort-id-kaart_nooddocument_martinique.txt,https://www.nederlandwereldwijd.nl/paspoort-id-kaart/nooddocument/martinique,Nooddocument aanvragen in Martinique | NederlandWereldwijd,24,lange-zin,advies,Ga daarom op zoek naar een fotograaf die bekend is met de eisen aan een pasfoto voor een Nederlands paspoort of ID-kaart...,Ga daarom op zoek naar een fotograaf die bekend is met de eisen aan een pasfoto voor een Nederlands paspoort of ID-kaart...,Zin van 22 woorden; boven de 20 wordt een zin lastig te volgen.,Knip de zin in tweeën.
0579_paspoort-id-kaart_nooddocument_martinique.txt,https://www.nederlandwereldwijd.nl/paspoort-id-kaart/nooddocument/martinique,Nooddocument aanvragen in Martinique | NederlandWereldwijd,34,lijdende-vorm,advies,worden aanvragen niet verwerkt,In het weekend is de ambassade gesloten en worden aanvragen niet verwerkt.,Lijdende vorm: de lezer ziet niet wie er iets doet.,"Schrijf actief, bijvoorbeeld 'wij sturen' of 'u ontvangt'."
0579_paspoort-id-kaart_nooddocument_martinique.txt,https://www.nederlandwereldwijd.nl/paspoort-id-kaart/nooddocument/martinique,Nooddocument aanvragen in Martinique | NederlandWereldwijd,47,lange-zin,advies,In het overzicht van de consulaire tarieven in Trinidad en Tobago ziet u wat een nooddocument kost en hoe u kunt betalen...,In het overzicht van de consulaire tarieven in Trinidad en Tobago ziet u wat een nooddocument kost en hoe u kunt betalen...,Zin van 22 woorden; boven de 20 wordt een zin lastig te volgen.,Knip de zin in tweeën.
0579_paspoort-id-kaart_nooddocument_martinique.txt,https://www.nederlandwereldwijd.nl/paspoort-id-kaart/nooddocument/martinique,Nooddocument aanvragen in Martinique | NederlandWereldwijd,57,lange-zin,advies,Als u weer thuis bent levert u uw laissez-passer in bij uw gemeente en vraagt u daar een nieuw paspoort of ID-kaart aan.,Als u weer thuis bent levert u uw laissez-passer in bij uw gemeente en vraagt u daar een nieuw paspoort of ID-kaart aan.,Zin van 23 woorden; boven de 20 wordt een zin lastig te volgen.,Knip de zin in tweeën.
0580_paspoort-id-kaart_nooddocument_mauritanie.txt,https://www.nederlandwereldwijd.nl/paspoort-id-kaart/nooddocument/mauritanie,Nooddocument aanvragen in Mauritanië | NederlandWereldwijd,24,lange-zin,advies,Ga daarom op zoek naar een fotograaf die bekend is met de eisen aan een pasfoto voor een Nederlands paspoort of ID-kaart...,Ga daarom op zoek naar een fotograaf die bekend is met de eisen aan een pasfoto voor een Nederlands paspoort of ID-kaart...,Zin van 22 woorden; boven de 20 wordt een zin lastig te volgen.,Knip de zin in tweeën.
0580_paspoort-id-kaart_nooddocument_mauritanie.txt,https://www.nederlandwereldwijd.nl/paspoort-id-kaart/nooddocument/mauritanie,Nooddocument aanvragen in Mauritanië | NederlandWereldwijd,34,lijdende-vorm,advies,worden aanvragen niet verwerkt,In het weekend is de ambassade gesloten en worden aanvragen niet verwerkt.,Lijdende vorm: de lezer ziet niet wie er iets doet.,"Schrijf actief, bijvoorbeeld 'wij sturen' of 'u ontvangt'."
0580_paspoort-id-kaart_nooddocument_mauritanie.txt,https://www.nederlandwereldwijd.nl/paspoort-id-kaart/nooddocument/mauritanie,Nooddocument aanvragen in Mauritanië | NederlandWereldwijd,57,lange-zin,advies,Als u weer thuis bent levert u uw laissez-passer in bij uw gemeente en vraagt u daar een nieuw paspoort of ID-kaart aan.,Als u weer thuis bent levert u uw laissez-passer in bij uw gemeente en vraagt u daar een nieuw paspoort of ID-kaart aan.,Zin van 23 woorden; boven de 20 wordt een zin lastig te volgen.,Knip de zin in tweeën.
0581_paspoort-id-kaart_nooddocument_mauritius.txt,https://www.nederlandwereldwijd.nl/paspoort-id-kaart/nooddocument/mauritius,Nooddocument aanvragen in Mauritius | NederlandWereldwijd,34,lijdende-vorm,advies,worden aanvragen niet verwerkt,In het weekend is de ambassade gesloten en worden aanvragen niet verwerkt.,Lijdende vorm: de lezer ziet niet wie er iets doet.,"Schrijf actief, bijvoorbeeld 'wij sturen' of 'u ontvangt'."
0581_paspoort-id-kaart_nooddocument_mauritius.txt,https://www.nederlandwereldwijd.nl/paspoort-id-kaart/nooddocument/mauritius,Nooddocument aanvragen in Mauritius | NederlandWereldwijd,58,lange-zin,advies,Als u weer thuis bent levert u uw laissez-passer in bij uw gemeente en vraagt u daar een nieuw paspoort of ID-kaart aan.,Als u weer thuis bent levert u uw laissez-passer in bij uw gemeente en vraagt u daar een nieuw paspoort of ID-kaart aan.,Zin van 23 woorden; boven de 20 wordt een zin lastig te volgen.,Knip de zin in tweeën.
0582_paspoort-id-kaart_nooddocument_mexico.txt,https://www.nederlandwereldwijd.nl/paspoort-id-kaart/nooddocument/mexico,Nooddocument aanvragen in Mexico | NederlandWereldwijd,23,lange-zin,advies,Ga daarom op zoek naar een fotograaf die bekend is met de eisen aan een pasfoto voor een Nederlands paspoort of ID-kaart...,Ga daarom op zoek naar een fotograaf die bekend is met de eisen aan een pasfoto voor een Nederlands paspoort of ID-kaart...,Zin van 22 woorden; boven de 20 wordt een zin lastig te volgen.,Knip de zin in tweeën.
0582_paspoort-id-kaart_nooddocument_mexico.txt,https://www.nederlandwereldwijd.nl/paspoort-id-kaart/nooddocument/mexico,Nooddocument aanvragen in Mexico | NederlandWereldwijd,33,lijdende-vorm,advies,worden aanvragen niet verwerkt,In het weekend is de ambassade gesloten en worden aanvragen niet verwerkt.,Lijdende vorm: de lezer ziet niet wie er iets doet.,"Schrijf actief, bijvoorbeeld 'wij sturen' of 'u ontvangt'."
0582_paspoort-id-kaart_nooddocument_mexico.txt,https://www.nederlandwereldwijd.nl/paspoort-id-kaart/nooddocument/mexico,Nooddocument aanvragen in Mexico | NederlandWereldwijd,56,lange-zin,advies,Als u weer thuis bent levert u uw laissez-passer in bij uw gemeente en vraagt u daar een nieuw paspoort of ID-kaart aan.,Als u weer thuis bent levert u uw laissez-passer in bij uw gemeente en vraagt u daar een nieuw paspoort of ID-kaart aan.,Zin van 23 woorden; boven de 20 wordt een zin lastig te volgen.,Knip de zin in tweeën.
0583_paspoort-id-kaart_nooddocument_micronesie.txt,https://www.nederlandwereldwijd.nl/paspoort-id-kaart/nooddocument/micronesie,Nooddocument aanvragen in Micronesië | NederlandWereldwijd,24,lange-zin,advies,Ga daarom op zoek naar een fotograaf die bekend is met de eisen aan een pasfoto voor een Nederlands paspoort of ID-kaart...,Ga daarom op zoek naar een fotograaf die bekend is met de eisen aan een pasfoto voor een Nederlands paspoort of ID-kaart...,Zin van 22 woorden; boven de 20 wordt een zin lastig te volgen.,Knip de zin in tweeën.
0583_paspoort-id-kaart_nooddocument_micronesie.txt,https://www.nederlandwereldwijd.nl/paspoort-id-kaart/nooddocument/micronesie,Nooddocument aanvragen in Micronesië | NederlandWereldwijd,34,lijdende-vorm,advies,worden aanvragen niet verwerkt,In het weekend is de ambassade gesloten en worden aanvragen niet verwerkt.,Lijdende vorm: de lezer ziet niet wie er iets doet.,"Schrijf actief, bijvoorbeeld 'wij sturen' of 'u ontvangt'."
0583_paspoort-id-kaart_nooddocument_micronesie.txt,https://www.nederlandwereldwijd.nl/paspoort-id-kaart/nooddocument/micronesie,Nooddocument aanvragen in Micronesië | NederlandWereldwijd,47,lange-zin,advies,In het overzicht van de consulaire tarieven in de Filipijnen ziet u wat een nooddocument kost en hoe u kunt betalen.,In het overzicht van de consulaire tarieven in de Filipijnen ziet u wat een nooddocument kost en hoe u kunt betalen.,Zin van 21 woorden; boven de 20 wordt een zin lastig te volgen.,Knip de zin in tweeën.
0583_paspoort-id-kaart_nooddocument_micronesie.txt,https://www.nederlandwereldwijd.nl/paspoort-id-kaart/nooddocument/micronesie,Nooddocument aanvragen in Micronesië | NederlandWereldwijd,57,lange-zin,advies,Als u weer thuis bent levert u uw laissez-passer in bij uw gemeente en vraagt u daar een nieuw paspoort of ID-kaart aan.,Als u weer thuis bent levert u uw laissez-passer in bij uw gemeente en vraagt u daar een nieuw paspoort of ID-kaart aan.,Zin van 23 woorden; boven de 20 wordt een zin lastig te volgen.,Knip de zin in tweeën.
0584_paspoort-id-kaart_nooddocument_moldavie.txt,https://www.nederlandwereldwijd.nl/paspoort-id-kaart/nooddocument/moldavie,Nooddocument aanvragen in Moldavië | NederlandWereldwijd,24,lange-zin,advies,Ga daarom op zoek naar een fotograaf die bekend is met de eisen aan een pasfoto voor een Nederlands paspoort of ID-kaart...,Ga daarom op zoek naar een fotograaf die bekend is met de eisen aan een pasfoto voor een Nederlands paspoort of ID-kaart...,Zin van 22 woorden; boven de 20 wordt een zin lastig te volgen.,Knip de zin in tweeën.
0584_paspoort-id-kaart_nooddocument_moldavie.txt,https://www.nederlandwereldwijd.nl/paspoort-id-kaart/nooddocument/moldavie,Nooddocument aanvragen in Moldavië | NederlandWereldwijd,34,lijdende-vorm,advies,worden aanvragen niet verwerkt,In het weekend is de ambassade gesloten en worden aanvragen niet verwerkt.,Lijdende vorm: de lezer ziet niet wie er iets doet.,"Schrijf actief, bijvoorbeeld 'wij sturen' of 'u ontvangt'."
0584_paspoort-id-kaart_nooddocument_moldavie.txt,https://www.nederlandwereldwijd.nl/paspoort-id-kaart/nooddocument/moldavie,Nooddocument aanvragen in Moldavië | NederlandWereldwijd,57,lange-zin,advies,Als u weer thuis bent levert u uw laissez-passer in bij uw gemeente en vraagt u daar een nieuw paspoort of ID-kaart aan.,Als u weer thuis bent levert u uw laissez-passer in bij uw gemeente en vraagt u daar een nieuw paspoort of ID-kaart aan.,Zin van 23 woorden; boven de 20 wordt een zin lastig te volgen.,Knip de zin in tweeën.
0585_paspoort-id-kaart_nooddocument_monaco.txt,https://www.nederlandwereldwijd.nl/paspoort-id-kaart/nooddocument/monaco,Nooddocument aanvragen in Monaco | NederlandWereldwijd,24,lange-zin,advies,Ga daarom op zoek naar een fotograaf die bekend is met de eisen aan een pasfoto voor een Nederlands paspoort of ID-kaart...,Ga daarom op zoek naar een fotograaf die bekend is met de eisen aan een pasfoto voor een Nederlands paspoort of ID-kaart...,Zin van 22 woorden; boven de 20 wordt een zin lastig te volgen.,Knip de zin in tweeën.
0585_paspoort-id-kaart_nooddocument_monaco.txt,https://www.nederlandwereldwijd.nl/paspoort-id-kaart/nooddocument/monaco,Nooddocument aanvragen in Monaco | NederlandWereldwijd,34,lijdende-vorm,advies,worden aanvragen niet verwerkt,In het weekend is de ambassade gesloten en worden aanvragen niet verwerkt.,Lijdende vorm: de lezer ziet niet wie er iets doet.,"Schrijf actief, bijvoorbeeld 'wij sturen' of 'u ontvangt'."
0585_paspoort-id-kaart_nooddocument_monaco.txt,https://www.nederlandwereldwijd.nl/paspoort-id-kaart/nooddocument/monaco,Nooddocument aanvragen in Monaco | NederlandWereldwijd,57,lange-zin,advies,Als u weer thuis bent levert u uw laissez-passer in bij uw gemeente en vraagt u daar een nieuw paspoort of ID-kaart aan.,Als u weer thuis bent levert u uw laissez-passer in bij uw gemeente en vraagt u daar een nieuw paspoort of ID-kaart aan.,Zin van 23 woorden; boven de 20 wordt een zin lastig te volgen.,Knip de zin in tweeën.
0586_paspoort-id-kaart_nooddocument_mongolie.txt,https://www.nederlandwereldwijd.nl/paspoort-id-kaart/nooddocument/mongolie,Nooddocument aanvragen in Mongolië | NederlandWereldwijd,24,lange-zin,advies,Ga daarom op zoek naar een fotograaf die bekend is met de eisen aan een pasfoto voor een Nederlands paspoort of ID-kaart...,Ga daarom op zoek naar een fotograaf die bekend is met de eisen aan een pasfoto voor een Nederlands paspoort of ID-kaart...,Zin van 22 woorden; boven de 20 wordt een zin lastig te volgen.,Knip de zin in tweeën.
0586_paspoort-id-kaart_nooddocument_mongolie.txt,https://www.nederlandwereldwijd.nl/paspoort-id-kaart/nooddocument/mongolie,Nooddocument aanvragen in Mongolië | NederlandWereldwijd,34,lijdende-vorm,advies,worden aanvragen niet verwerkt,In het weekend is de ambassade gesloten en worden aanvragen niet verwerkt.,Lijdende vorm: de lezer ziet niet wie er iets doet.,"Schrijf actief, bijvoorbeeld 'wij sturen' of 'u ontvangt'."
0586_paspoort-id-kaart_nooddocument_mongolie.txt,https://www.nederlandwereldwijd.nl/paspoort-id-kaart/nooddocument/mongolie,Nooddocument aanvragen in Mongolië | NederlandWereldwijd,57,lange-zin,advies,Als u weer thuis bent levert u uw laissez-passer in bij uw gemeente en vraagt u daar een nieuw paspoort of ID-kaart aan.,Als u weer thuis bent levert u uw laissez-passer in bij uw gemeente en vraagt u daar een nieuw paspoort of ID-kaart aan.,Zin van 23 woorden; boven de 20 wordt een zin lastig te volgen.,Knip de zin in tweeën.
0587_paspoort-id-kaart_nooddocument_montenegro.txt,https://www.nederlandwereldwijd.nl/paspoort-id-kaart/nooddocument/montenegro,Nooddocument aanvragen in Montenegro | NederlandWereldwijd,24,lange-zin,advies,Ga daarom op zoek naar een fotograaf die bekend is met de eisen aan een pasfoto voor een Nederlands paspoort of ID-kaart...,Ga daarom op zoek naar een fotograaf die bekend is met de eisen aan een pasfoto voor een Nederlands paspoort of ID-kaart...,Zin van 22 woorden; boven de 20 wordt een zin lastig te volgen.,Knip de zin in tweeën.
0587_paspoort-id-kaart_nooddocument_montenegro.txt,https://www.nederlandwereldwijd.nl/paspoort-id-kaart/nooddocument/montenegro,Nooddocument aanvragen in Montenegro | NederlandWereldwijd,34,lijdende-vorm,advies,worden aanvragen niet verwerkt,In het weekend is de ambassade gesloten en worden aanvragen niet verwerkt.,Lijdende vorm: de lezer ziet niet wie er iets doet.,"Schrijf actief, bijvoorbeeld 'wij sturen' of 'u ontvangt'."
0587_paspoort-id-kaart_nooddocument_montenegro.txt,https://www.nederlandwereldwijd.nl/paspoort-id-kaart/nooddocument/montenegro,Nooddocument aanvragen in Montenegro | NederlandWereldwijd,57,lange-zin,advies,Als u weer thuis bent levert u uw laissez-passer in bij uw gemeente en vraagt u daar een nieuw paspoort of ID-kaart aan.,Als u weer thuis bent levert u uw laissez-passer in bij uw gemeente en vraagt u daar een nieuw paspoort of ID-kaart aan.,Zin van 23 woorden; boven de 20 wordt een zin lastig te volgen.,Knip de zin in tweeën.
0588_paspoort-id-kaart_nooddocument_montserrat.txt,https://www.nederlandwereldwijd.nl/paspoort-id-kaart/nooddocument/montserrat,Nooddocument aanvragen op Montserrat | NederlandWereldwijd,24,lange-zin,advies,Ga daarom op zoek naar een fotograaf die bekend is met de eisen aan een pasfoto voor een Nederlands paspoort of ID-kaart...,Ga daarom op zoek naar een fotograaf die bekend is met de eisen aan een pasfoto voor een Nederlands paspoort of ID-kaart...,Zin van 22 woorden; boven de 20 wordt een zin lastig te volgen.,Knip de zin in tweeën.
0588_paspoort-id-kaart_nooddocument_montserrat.txt,https://www.nederlandwereldwijd.nl/paspoort-id-kaart/nooddocument/montserrat,Nooddocument aanvragen op Montserrat | NederlandWereldwijd,33,lijdende-vorm,advies,worden aanvragen niet verwerkt,In het weekend is de ambassade gesloten en worden aanvragen niet verwerkt.,Lijdende vorm: de lezer ziet niet wie er iets doet.,"Schrijf actief, bijvoorbeeld 'wij sturen' of 'u ontvangt'."
0588_paspoort-id-kaart_nooddocument_montserrat.txt,https://www.nederlandwereldwijd.nl/paspoort-id-kaart/nooddocument/montserrat,Nooddocument aanvragen op Montserrat | NederlandWereldwijd,46,lange-zin,advies,In het overzicht van de consulaire tarieven in Trinidad en Tobago ziet u wat een nooddocument kost en hoe u kunt betalen...,In het overzicht van de consulaire tarieven in Trinidad en Tobago ziet u wat een nooddocument kost en hoe u kunt betalen...,Zin van 22 woorden; boven de 20 wordt een zin lastig te volgen.,Knip de zin in tweeën.
0588_paspoort-id-kaart_nooddocument_montserrat.txt,https://www.nederlandwereldwijd.nl/paspoort-id-kaart/nooddocument/montserrat,Nooddocument aanvragen op Montserrat | NederlandWereldwijd,56,lange-zin,advies,Als u weer thuis bent levert u uw laissez-passer in bij uw gemeente en vraagt u daar een nieuw paspoort of ID-kaart aan.,Als u weer thuis bent levert u uw laissez-passer in bij uw gemeente en vraagt u daar een nieuw paspoort of ID-kaart aan.,Zin van 23 woorden; boven de 20 wordt een zin lastig te volgen.,Knip de zin in tweeën.
0589_paspoort-id-kaart_nooddocument_mozambique.txt,https://www.nederlandwereldwijd.nl/paspoort-id-kaart/nooddocument/mozambique,Nooddocument aanvragen in Mozambique | NederlandWereldwijd,22,lange-zin,advies,Ga daarom op zoek naar een fotograaf die bekend is met de eisen aan een pasfoto voor een Nederlands paspoort of ID-kaart...,Ga daarom op zoek naar een fotograaf die bekend is met de eisen aan een pasfoto voor een Nederlands paspoort of ID-kaart...,Zin van 22 woorden; boven de 20 wordt een zin lastig te volgen.,Knip de zin in tweeën.
0589_paspoort-id-kaart_nooddocument_mozambique.txt,https://www.nederlandwereldwijd.nl/paspoort-id-kaart/nooddocument/mozambique,Nooddocument aanvragen in Mozambique | NederlandWereldwijd,32,lijdende-vorm,advies,worden aanvragen niet verwerkt,In het weekend is de ambassade gesloten en worden aanvragen niet verwerkt.,Lijdende vorm: de lezer ziet niet wie er iets doet.,"Schrijf actief, bijvoorbeeld 'wij sturen' of 'u ontvangt'."
0589_paspoort-id-kaart_nooddocument_mozambique.txt,https://www.nederlandwereldwijd.nl/paspoort-id-kaart/nooddocument/mozambique,Nooddocument aanvragen in Mozambique | NederlandWereldwijd,55,lange-zin,advies,Als u weer thuis bent levert u uw laissez-passer in bij uw gemeente en vraagt u daar een nieuw paspoort of ID-kaart aan.,Als u weer thuis bent levert u uw laissez-passer in bij uw gemeente en vraagt u daar een nieuw paspoort of ID-kaart aan.,Zin van 23 woorden; boven de 20 wordt een zin lastig te volgen.,Knip de zin in tweeën.
0590_paspoort-id-kaart_nooddocument_myanmar.txt,https://www.nederlandwereldwijd.nl/paspoort-id-kaart/nooddocument/myanmar,Nooddocument aanvragen in Myanmar | NederlandWereldwijd,14,aanspreekvorm,hoog,jouw,jouw volledige naam,De site spreekt de lezer overal met 'u' aan; hier staat een je-vorm.,"Schrijf 'u', 'uw' of 'u heeft'."
0590_paspoort-id-kaart_nooddocument_myanmar.txt,https://www.nederlandwereldwijd.nl/paspoort-id-kaart/nooddocument/myanmar,Nooddocument aanvragen in Myanmar | NederlandWereldwijd,35,lijdende-vorm,advies,worden aanvragen niet verwerkt,In het weekend is de ambassade gesloten en worden aanvragen niet verwerkt.,Lijdende vorm: de lezer ziet niet wie er iets doet.,"Schrijf actief, bijvoorbeeld 'wij sturen' of 'u ontvangt'."
0590_paspoort-id-kaart_nooddocument_myanmar.txt,https://www.nederlandwereldwijd.nl/paspoort-id-kaart/nooddocument/myanmar,Nooddocument aanvragen in Myanmar | NederlandWereldwijd,58,lange-zin,advies,Als u weer thuis bent levert u uw laissez-passer in bij uw gemeente en vraagt u daar een nieuw paspoort of ID-kaart aan.,Als u weer thuis bent levert u uw laissez-passer in bij uw gemeente en vraagt u daar een nieuw paspoort of ID-kaart aan.,Zin van 23 woorden; boven de 20 wordt een zin lastig te volgen.,Knip de zin in tweeën.
0591_paspoort-id-kaart_nooddocument_namibie.txt,https://www.nederlandwereldwijd.nl/paspoort-id-kaart/nooddocument/namibie,Nooddocument aanvragen in Namibië | NederlandWereldwijd,24,lange-zin,advies,Ga daarom op zoek naar een fotograaf die bekend is met de eisen aan een pasfoto voor een Nederlands paspoort of ID-kaart...,Ga daarom op zoek naar een fotograaf die bekend is met de eisen aan een pasfoto voor een Nederlands paspoort of ID-kaart...,Zin van 22 woorden; boven de 20 wordt een zin lastig te volgen.,Knip de zin in tweeën.
0591_paspoort-id-kaart_nooddocument_namibie.txt,https://www.nederlandwereldwijd.nl/paspoort-id-kaart/nooddocument/namibie,Nooddocument aanvragen in Namibië | NederlandWereldwijd,34,lijdende-vorm,advies,worden aanvragen niet verwerkt,In het weekend is de ambassade gesloten en worden aanvragen niet verwerkt.,Lijdende vorm: de lezer ziet niet wie er iets doet.,"Schrijf actief, bijvoorbeeld 'wij sturen' of 'u ontvangt'."
0591_paspoort-id-kaart_nooddocument_namibie.txt,https://www.nederlandwereldwijd.nl/paspoort-id-kaart/nooddocument/namibie,Nooddocument aanvragen in Namibië | NederlandWereldwijd,58,lange-zin,advies,Als u weer thuis bent levert u uw laissez-passer in bij uw gemeente en vraagt u daar een nieuw paspoort of ID-kaart aan.,Als u weer thuis bent levert u uw laissez-passer in bij uw gemeente en vraagt u daar een nieuw paspoort of ID-kaart aan.,Zin van 23 woorden; boven de 20 wordt een zin lastig te volgen.,Knip de zin in tweeën.
0592_paspoort-id-kaart_nooddocument_nauru.txt,https://www.nederlandwereldwijd.nl/paspoort-id-kaart/nooddocument/nauru,Nooddocument aanvragen in Naoero (Nauru) | NederlandWereldwijd,24,lange-zin,advies,Ga daarom op zoek naar een fotograaf die bekend is met de eisen aan een pasfoto voor een Nederlands paspoort of ID-kaart...,Ga daarom op zoek naar een fotograaf die bekend is met de eisen aan een pasfoto voor een Nederlands paspoort of ID-kaart...,Zin van 22 woorden; boven de 20 wordt een zin lastig te volgen.,Knip de zin in tweeën.
0592_paspoort-id-kaart_nooddocument_nauru.txt,https://www.nederlandwereldwijd.nl/paspoort-id-kaart/nooddocument/nauru,Nooddocument aanvragen in Naoero (Nauru) | NederlandWereldwijd,34,lijdende-vorm,advies,worden aanvragen niet verwerkt,In het weekend is het consulaat-generaal gesloten en worden aanvragen niet verwerkt.,Lijdende vorm: de lezer ziet niet wie er iets doet.,"Schrijf actief, bijvoorbeeld 'wij sturen' of 'u ontvangt'."
0592_paspoort-id-kaart_nooddocument_nauru.txt,https://www.nederlandwereldwijd.nl/paspoort-id-kaart/nooddocument/nauru,Nooddocument aanvragen in Naoero (Nauru) | NederlandWereldwijd,57,lange-zin,advies,Als u weer thuis bent levert u uw laissez-passer in bij uw gemeente en vraagt u daar een nieuw paspoort of ID-kaart aan.,Als u weer thuis bent levert u uw laissez-passer in bij uw gemeente en vraagt u daar een nieuw paspoort of ID-kaart aan.,Zin van 23 woorden; boven de 20 wordt een zin lastig te volgen.,Knip de zin in tweeën.
0593_paspoort-id-kaart_nooddocument_nepal.txt,https://www.nederlandwereldwijd.nl/paspoort-id-kaart/nooddocument/nepal,Nooddocument aanvragen in Nepal | NederlandWereldwijd,25,lange-zin,advies,Ga daarom op zoek naar een fotograaf die bekend is met de eisen aan een pasfoto voor een Nederlands paspoort of ID-kaart...,Ga daarom op zoek naar een fotograaf die bekend is met de eisen aan een pasfoto voor een Nederlands paspoort of ID-kaart...,Zin van 22 woorden; boven de 20 wordt een zin lastig te volgen.,Knip de zin in tweeën.
0593_paspoort-id-kaart_nooddocument_nepal.txt,https://www.nederlandwereldwijd.nl/paspoort-id-kaart/nooddocument/nepal,Nooddocument aanvragen in Nepal | NederlandWereldwijd,35,lijdende-vorm,advies,worden aanvragen niet verwerkt,In het weekend is de ambassade gesloten en worden aanvragen niet verwerkt.,Lijdende vorm: de lezer ziet niet wie er iets doet.,"Schrijf actief, bijvoorbeeld 'wij sturen' of 'u ontvangt'."
0593_paspoort-id-kaart_nooddocument_nepal.txt,https://www.nederlandwereldwijd.nl/paspoort-id-kaart/nooddocument/nepal,Nooddocument aanvragen in Nepal | NederlandWereldwijd,58,lange-zin,advies,Als u weer thuis bent levert u uw laissez-passer in bij uw gemeente en vraagt u daar een nieuw paspoort of ID-kaart aan.,Als u weer thuis bent levert u uw laissez-passer in bij uw gemeente en vraagt u daar een nieuw paspoort of ID-kaart aan.,Zin van 23 woorden; boven de 20 wordt een zin lastig te volgen.,Knip de zin in tweeën.
0594_paspoort-id-kaart_nooddocument_nicaragua.txt,https://www.nederlandwereldwijd.nl/paspoort-id-kaart/nooddocument/nicaragua,Nooddocument aanvragen in Nicaragua | NederlandWereldwijd,24,lange-zin,advies,Ga daarom op zoek naar een fotograaf die bekend is met de eisen aan een pasfoto voor een Nederlands paspoort of ID-kaart...,Ga daarom op zoek naar een fotograaf die bekend is met de eisen aan een pasfoto voor een Nederlands paspoort of ID-kaart...,Zin van 22 woorden; boven de 20 wordt een zin lastig te volgen.,Knip de zin in tweeën.
0594_paspoort-id-kaart_nooddocument_nicaragua.txt,https://www.nederlandwereldwijd.nl/paspoort-id-kaart/nooddocument/nicaragua,Nooddocument aanvragen in Nicaragua | NederlandWereldwijd,34,lijdende-vorm,advies,worden aanvragen niet verwerkt,In het weekend is de ambassade gesloten en worden aanvragen niet verwerkt.,Lijdende vorm: de lezer ziet niet wie er iets doet.,"Schrijf actief, bijvoorbeeld 'wij sturen' of 'u ontvangt'."
0594_paspoort-id-kaart_nooddocument_nicaragua.txt,https://www.nederlandwereldwijd.nl/paspoort-id-kaart/nooddocument/nicaragua,Nooddocument aanvragen in Nicaragua | NederlandWereldwijd,48,lange-zin,advies,In het overzicht van de consulaire tarieven in Costa Rica ziet u wat een nooddocument kost en hoe u kunt betalen.,In het overzicht van de consulaire tarieven in Costa Rica ziet u wat een nooddocument kost en hoe u kunt betalen.,Zin van 21 woorden; boven de 20 wordt een zin lastig te volgen.,Knip de zin in tweeën.
0594_paspoort-id-kaart_nooddocument_nicaragua.txt,https://www.nederlandwereldwijd.nl/paspoort-id-kaart/nooddocument/nicaragua,Nooddocument aanvragen in Nicaragua | NederlandWereldwijd,58,lange-zin,advies,Als u weer thuis bent levert u uw laissez-passer in bij uw gemeente en vraagt u daar een nieuw paspoort of ID-kaart aan.,Als u weer thuis bent levert u uw laissez-passer in bij uw gemeente en vraagt u daar een nieuw paspoort of ID-kaart aan.,Zin van 23 woorden; boven de 20 wordt een zin lastig te volgen.,Knip de zin in tweeën.
0595_paspoort-id-kaart_nooddocument_nieuw-caledonie.txt,https://www.nederlandwereldwijd.nl/paspoort-id-kaart/nooddocument/nieuw-caledonie,Nooddocument aanvragen in Nieuw-Caledonië | NederlandWereldwijd,33,lijdende-vorm,advies,worden aanvragen niet verwerkt,In het weekend is de ambassade gesloten en worden aanvragen niet verwerkt.,Lijdende vorm: de lezer ziet niet wie er iets doet.,"Schrijf actief, bijvoorbeeld 'wij sturen' of 'u ontvangt'."
0595_paspoort-id-kaart_nooddocument_nieuw-caledonie.txt,https://www.nederlandwereldwijd.nl/paspoort-id-kaart/nooddocument/nieuw-caledonie,Nooddocument aanvragen in Nieuw-Caledonië | NederlandWereldwijd,56,lange-zin,advies,Als u weer thuis bent levert u uw laissez-passer in bij uw gemeente en vraagt u daar een nieuw paspoort of ID-kaart aan.,Als u weer thuis bent levert u uw laissez-passer in bij uw gemeente en vraagt u daar een nieuw paspoort of ID-kaart aan.,Zin van 23 woorden; boven de 20 wordt een zin lastig te volgen.,Knip de zin in tweeën.
0596_paspoort-id-kaart_nooddocument_nieuw-zeeland.txt,https://www.nederlandwereldwijd.nl/paspoort-id-kaart/nooddocument/nieuw-zeeland,Nooddocument aanvragen in Nieuw-Zeeland | NederlandWereldwijd,24,lange-zin,advies,Ga daarom op zoek naar een fotograaf die bekend is met de eisen aan een pasfoto voor een Nederlands paspoort of ID-kaart...,Ga daarom op zoek naar een fotograaf die bekend is met de eisen aan een pasfoto voor een Nederlands paspoort of ID-kaart...,Zin van 22 woorden; boven de 20 wordt een zin lastig te volgen.,Knip de zin in tweeën.
0596_paspoort-id-kaart_nooddocument_nieuw-zeeland.txt,https://www.nederlandwereldwijd.nl/paspoort-id-kaart/nooddocument/nieuw-zeeland,Nooddocument aanvragen in Nieuw-Zeeland | NederlandWereldwijd,34,lijdende-vorm,advies,worden aanvragen niet verwerkt,In het weekend is de ambassade gesloten en worden aanvragen niet verwerkt.,Lijdende vorm: de lezer ziet niet wie er iets doet.,"Schrijf actief, bijvoorbeeld 'wij sturen' of 'u ontvangt'."
0596_paspoort-id-kaart_nooddocument_nieuw-zeeland.txt,https://www.nederlandwereldwijd.nl/paspoort-id-kaart/nooddocument/nieuw-zeeland,Nooddocument aanvragen in Nieuw-Zeeland | NederlandWereldwijd,57,lange-zin,advies,Als u weer thuis bent levert u uw laissez-passer in bij uw gemeente en vraagt u daar een nieuw paspoort of ID-kaart aan.,Als u weer thuis bent levert u uw laissez-passer in bij uw gemeente en vraagt u daar een nieuw paspoort of ID-kaart aan.,Zin van 23 woorden; boven de 20 wordt een zin lastig te volgen.,Knip de zin in tweeën.
0597_paspoort-id-kaart_nooddocument_niger.txt,https://www.nederlandwereldwijd.nl/paspoort-id-kaart/nooddocument/niger,Nooddocument aanvragen in Niger | NederlandWereldwijd,24,lange-zin,advies,Ga daarom op zoek naar een fotograaf die bekend is met de eisen aan een pasfoto voor een Nederlands paspoort of ID-kaart...,Ga daarom op zoek naar een fotograaf die bekend is met de eisen aan een pasfoto voor een Nederlands paspoort of ID-kaart...,Zin van 22 woorden; boven de 20 wordt een zin lastig te volgen.,Knip de zin in tweeën.
0597_paspoort-id-kaart_nooddocument_niger.txt,https://www.nederlandwereldwijd.nl/paspoort-id-kaart/nooddocument/niger,Nooddocument aanvragen in Niger | NederlandWereldwijd,34,lijdende-vorm,advies,worden aanvragen niet verwerkt,In het weekend is de ambassade gesloten en worden aanvragen niet verwerkt.,Lijdende vorm: de lezer ziet niet wie er iets doet.,"Schrijf actief, bijvoorbeeld 'wij sturen' of 'u ontvangt'."
0597_paspoort-id-kaart_nooddocument_niger.txt,https://www.nederlandwereldwijd.nl/paspoort-id-kaart/nooddocument/niger,Nooddocument aanvragen in Niger | NederlandWereldwijd,58,lange-zin,advies,Als u weer thuis bent levert u uw laissez-passer in bij uw gemeente en vraagt u daar een nieuw paspoort of ID-kaart aan.,Als u weer thuis bent levert u uw laissez-passer in bij uw gemeente en vraagt u daar een nieuw paspoort of ID-kaart aan.,Zin van 23 woorden; boven de 20 wordt een zin lastig te volgen.,Knip de zin in tweeën.
0598_paspoort-id-kaart_nooddocument_nigeria.txt,https://www.nederlandwereldwijd.nl/paspoort-id-kaart/nooddocument/nigeria,Nooddocument aanvragen in Nigeria | NederlandWereldwijd,24,lange-zin,advies,Ga daarom op zoek naar een fotograaf die bekend is met de eisen aan een pasfoto voor een Nederlands paspoort of ID-kaart...,Ga daarom op zoek naar een fotograaf die bekend is met de eisen aan een pasfoto voor een Nederlands paspoort of ID-kaart...,Zin van 22 woorden; boven de 20 wordt een zin lastig te volgen.,Knip de zin in tweeën.
0598_paspoort-id-kaart_nooddocument_nigeria.txt,https://www.nederlandwereldwijd.nl/paspoort-id-kaart/nooddocument/nigeria,Nooddocument aanvragen in Nigeria | NederlandWereldwijd,34,lijdende-vorm,advies,worden aanvragen niet verwerkt,In het weekend is het consulaat-generaal gesloten en worden aanvragen niet verwerkt.,Lijdende vorm: de lezer ziet niet wie er iets doet.,"Schrijf actief, bijvoorbeeld 'wij sturen' of 'u ontvangt'."
0598_paspoort-id-kaart_nooddocument_nigeria.txt,https://www.nederlandwereldwijd.nl/paspoort-id-kaart/nooddocument/nigeria,Nooddocument aanvragen in Nigeria | NederlandWereldwijd,57,lange-zin,advies,Als u weer thuis bent levert u uw laissez-passer in bij uw gemeente en vraagt u daar een nieuw paspoort of ID-kaart aan.,Als u weer thuis bent levert u uw laissez-passer in bij uw gemeente en vraagt u daar een nieuw paspoort of ID-kaart aan.,Zin van 23 woorden; boven de 20 wordt een zin lastig te volgen.,Knip de zin in tweeën.
0599_paspoort-id-kaart_nooddocument_niue.txt,https://www.nederlandwereldwijd.nl/paspoort-id-kaart/nooddocument/niue,Nooddocument aanvragen in Niue | NederlandWereldwijd,24,lange-zin,advies,Ga daarom op zoek naar een fotograaf die bekend is met de eisen aan een pasfoto voor een Nederlands paspoort of ID-kaart...,Ga daarom op zoek naar een fotograaf die bekend is met de eisen aan een pasfoto voor een Nederlands paspoort of ID-kaart...,Zin van 22 woorden; boven de 20 wordt een zin lastig te volgen.,Knip de zin in tweeën.
0599_paspoort-id-kaart_nooddocument_niue.txt,https://www.nederlandwereldwijd.nl/paspoort-id-kaart/nooddocument/niue,Nooddocument aanvragen in Niue | NederlandWereldwijd,34,lijdende-vorm,advies,worden aanvragen niet verwerkt,In het weekend is de ambassade gesloten en worden aanvragen niet verwerkt.,Lijdende vorm: de lezer ziet niet wie er iets doet.,"Schrijf actief, bijvoorbeeld 'wij sturen' of 'u ontvangt'."
0599_paspoort-id-kaart_nooddocument_niue.txt,https://www.nederlandwereldwijd.nl/paspoort-id-kaart/nooddocument/niue,Nooddocument aanvragen in Niue | NederlandWereldwijd,58,lange-zin,advies,Als u weer thuis bent levert u uw laissez-passer in bij uw gemeente en vraagt u daar een nieuw paspoort of ID-kaart aan.,Als u weer thuis bent levert u uw laissez-passer in bij uw gemeente en vraagt u daar een nieuw paspoort of ID-kaart aan.,Zin van 23 woorden; boven de 20 wordt een zin lastig te volgen.,Knip de zin in tweeën.
0600_paspoort-id-kaart_nooddocument_noord-korea.txt,https://www.nederlandwereldwijd.nl/paspoort-id-kaart/nooddocument/noord-korea,Nooddocument aanvragen in Noord-Korea | NederlandWereldwijd,5,lange-zin,advies,Neem dan contact op het het contactcenter van NederlandWereldwijd op telefoonnummer +31 247 247 247 of via WhatsApp: +31...,Neem dan contact op het het contactcenter van NederlandWereldwijd op telefoonnummer +31 247 247 247 of via WhatsApp: +31...,Zin van 22 woorden; boven de 20 wordt een zin lastig te volgen.,Knip de zin in tweeën.
0601_paspoort-id-kaart_nooddocument_noord-macedonie.txt,https://www.nederlandwereldwijd.nl/paspoort-id-kaart/nooddocument/noord-macedonie,Nooddocument aanvragen in Noord-Macedonië | NederlandWereldwijd,24,lange-zin,advies,Ga daarom op zoek naar een fotograaf die bekend is met de eisen aan een pasfoto voor een Nederlands paspoort of ID-kaart...,Ga daarom op zoek naar een fotograaf die bekend is met de eisen aan een pasfoto voor een Nederlands paspoort of ID-kaart...,Zin van 22 woorden; boven de 20 wordt een zin lastig te volgen.,Knip de zin in tweeën.
0601_paspoort-id-kaart_nooddocument_noord-macedonie.txt,https://www.nederlandwereldwijd.nl/paspoort-id-kaart/nooddocument/noord-macedonie,Nooddocument aanvragen in Noord-Macedonië | NederlandWereldwijd,34,lijdende-vorm,advies,worden aanvragen niet verwerkt,In het weekend is de ambassade gesloten en worden aanvragen niet verwerkt.,Lijdende vorm: de lezer ziet niet wie er iets doet.,"Schrijf actief, bijvoorbeeld 'wij sturen' of 'u ontvangt'."
0601_paspoort-id-kaart_nooddocument_noord-macedonie.txt,https://www.nederlandwereldwijd.nl/paspoort-id-kaart/nooddocument/noord-macedonie,Nooddocument aanvragen in Noord-Macedonië | NederlandWereldwijd,57,lange-zin,advies,Als u weer thuis bent levert u uw laissez-passer in bij uw gemeente en vraagt u daar een nieuw paspoort of ID-kaart aan.,Als u weer thuis bent levert u uw laissez-passer in bij uw gemeente en vraagt u daar een nieuw paspoort of ID-kaart aan.,Zin van 23 woorden; boven de 20 wordt een zin lastig te volgen.,Knip de zin in tweeën.
0602_paspoort-id-kaart_nooddocument_noorwegen.txt,https://www.nederlandwereldwijd.nl/paspoort-id-kaart/nooddocument/noorwegen,Nooddocument aanvragen in Noorwegen | NederlandWereldwijd,7,lange-zin,advies,Vraag aan de maatschappij waarmee u reist of u met een kopie van uw paspoort of ID-kaart en uw ticket kunt reizen.,Vraag aan de maatschappij waarmee u reist of u met een kopie van uw paspoort of ID-kaart en uw ticket kunt reizen.,Zin van 22 woorden; boven de 20 wordt een zin lastig te volgen.,Knip de zin in tweeën.
0602_paspoort-id-kaart_nooddocument_noorwegen.txt,https://www.nederlandwereldwijd.nl/paspoort-id-kaart/nooddocument/noorwegen,Nooddocument aanvragen in Noorwegen | NederlandWereldwijd,28,lange-zin,advies,Ga daarom op zoek naar een fotograaf die bekend is met de eisen aan een pasfoto voor een Nederlands paspoort of ID-kaart...,Ga daarom op zoek naar een fotograaf die bekend is met de eisen aan een pasfoto voor een Nederlands paspoort of ID-kaart...,Zin van 22 woorden; boven de 20 wordt een zin lastig te volgen.,Knip de zin in tweeën.
0602_paspoort-id-kaart_nooddocument_noorwegen.txt,https://www.nederlandwereldwijd.nl/paspoort-id-kaart/nooddocument/noorwegen,Nooddocument aanvragen in Noorwegen | NederlandWereldwijd,38,lijdende-vorm,advies,worden aanvragen niet verwerkt,In het weekend is de ambassade gesloten en worden aanvragen niet verwerkt.,Lijdende vorm: de lezer ziet niet wie er iets doet.,"Schrijf actief, bijvoorbeeld 'wij sturen' of 'u ontvangt'."
0602_paspoort-id-kaart_nooddocument_noorwegen.txt,https://www.nederlandwereldwijd.nl/paspoort-id-kaart/nooddocument/noorwegen,Nooddocument aanvragen in Noorwegen | NederlandWereldwijd,61,lange-zin,advies,Als u weer thuis bent levert u uw laissez-passer in bij uw gemeente en vraagt u daar een nieuw paspoort of ID-kaart aan.,Als u weer thuis bent levert u uw laissez-passer in bij uw gemeente en vraagt u daar een nieuw paspoort of ID-kaart aan.,Zin van 23 woorden; boven de 20 wordt een zin lastig te volgen.,Knip de zin in tweeën.
0604_paspoort-id-kaart_nooddocument_oezbekistan.txt,https://www.nederlandwereldwijd.nl/paspoort-id-kaart/nooddocument/oezbekistan,Nooddocument aanvragen in Oezbekistan | NederlandWereldwijd,24,lange-zin,advies,Ga daarom op zoek naar een fotograaf die bekend is met de eisen aan een pasfoto voor een Nederlands paspoort of ID-kaart...,Ga daarom op zoek naar een fotograaf die bekend is met de eisen aan een pasfoto voor een Nederlands paspoort of ID-kaart...,Zin van 22 woorden; boven de 20 wordt een zin lastig te volgen.,Knip de zin in tweeën.
0604_paspoort-id-kaart_nooddocument_oezbekistan.txt,https://www.nederlandwereldwijd.nl/paspoort-id-kaart/nooddocument/oezbekistan,Nooddocument aanvragen in Oezbekistan | NederlandWereldwijd,34,lijdende-vorm,advies,worden aanvragen niet verwerkt,In het weekend is de ambassade gesloten en worden aanvragen niet verwerkt.,Lijdende vorm: de lezer ziet niet wie er iets doet.,"Schrijf actief, bijvoorbeeld 'wij sturen' of 'u ontvangt'."
0604_paspoort-id-kaart_nooddocument_oezbekistan.txt,https://www.nederlandwereldwijd.nl/paspoort-id-kaart/nooddocument/oezbekistan,Nooddocument aanvragen in Oezbekistan | NederlandWereldwijd,57,lange-zin,advies,Als u weer thuis bent levert u uw laissez-passer in bij uw gemeente en vraagt u daar een nieuw paspoort of ID-kaart aan.,Als u weer thuis bent levert u uw laissez-passer in bij uw gemeente en vraagt u daar een nieuw paspoort of ID-kaart aan.,Zin van 23 woorden; boven de 20 wordt een zin lastig te volgen.,Knip de zin in tweeën.
0605_paspoort-id-kaart_nooddocument_oman.txt,https://www.nederlandwereldwijd.nl/paspoort-id-kaart/nooddocument/oman,Nooddocument aanvragen in Oman | NederlandWereldwijd,24,lange-zin,advies,Ga daarom op zoek naar een fotograaf die bekend is met de eisen aan een pasfoto voor een Nederlands paspoort of ID-kaart...,Ga daarom op zoek naar een fotograaf die bekend is met de eisen aan een pasfoto voor een Nederlands paspoort of ID-kaart...,Zin van 22 woorden; boven de 20 wordt een zin lastig te volgen.,Knip de zin in tweeën.
0605_paspoort-id-kaart_nooddocument_oman.txt,https://www.nederlandwereldwijd.nl/paspoort-id-kaart/nooddocument/oman,Nooddocument aanvragen in Oman | NederlandWereldwijd,34,lijdende-vorm,advies,worden aanvragen niet verwerkt,In het weekend is de ambassade gesloten en worden aanvragen niet verwerkt.,Lijdende vorm: de lezer ziet niet wie er iets doet.,"Schrijf actief, bijvoorbeeld 'wij sturen' of 'u ontvangt'."
0605_paspoort-id-kaart_nooddocument_oman.txt,https://www.nederlandwereldwijd.nl/paspoort-id-kaart/nooddocument/oman,Nooddocument aanvragen in Oman | NederlandWereldwijd,57,lange-zin,advies,Als u weer thuis bent levert u uw laissez-passer in bij uw gemeente en vraagt u daar een nieuw paspoort of ID-kaart aan.,Als u weer thuis bent levert u uw laissez-passer in bij uw gemeente en vraagt u daar een nieuw paspoort of ID-kaart aan.,Zin van 23 woorden; boven de 20 wordt een zin lastig te volgen.,Knip de zin in tweeën.
0606_paspoort-id-kaart_nooddocument_oost-timor.txt,https://www.nederlandwereldwijd.nl/paspoort-id-kaart/nooddocument/oost-timor,Nooddocument aanvragen in Oost-Timor | NederlandWereldwijd,24,lange-zin,advies,Ga daarom op zoek naar een fotograaf die bekend is met de eisen aan een pasfoto voor een Nederlands paspoort of ID-kaart...,Ga daarom op zoek naar een fotograaf die bekend is met de eisen aan een pasfoto voor een Nederlands paspoort of ID-kaart...,Zin van 22 woorden; boven de 20 wordt een zin lastig te volgen.,Knip de zin in tweeën.
0606_paspoort-id-kaart_nooddocument_oost-timor.txt,https://www.nederlandwereldwijd.nl/paspoort-id-kaart/nooddocument/oost-timor,Nooddocument aanvragen in Oost-Timor | NederlandWereldwijd,34,lijdende-vorm,advies,worden aanvragen niet verwerkt,In het weekend is de ambassade gesloten en worden aanvragen niet verwerkt.,Lijdende vorm: de lezer ziet niet wie er iets doet.,"Schrijf actief, bijvoorbeeld 'wij sturen' of 'u ontvangt'."
0606_paspoort-id-kaart_nooddocument_oost-timor.txt,https://www.nederlandwereldwijd.nl/paspoort-id-kaart/nooddocument/oost-timor,Nooddocument aanvragen in Oost-Timor | NederlandWereldwijd,57,lange-zin,advies,Als u weer thuis bent levert u uw laissez-passer in bij uw gemeente en vraagt u daar een nieuw paspoort of ID-kaart aan.,Als u weer thuis bent levert u uw laissez-passer in bij uw gemeente en vraagt u daar een nieuw paspoort of ID-kaart aan.,Zin van 23 woorden; boven de 20 wordt een zin lastig te volgen.,Knip de zin in tweeën.
0607_paspoort-id-kaart_nooddocument_oostenrijk.txt,https://www.nederlandwereldwijd.nl/paspoort-id-kaart/nooddocument/oostenrijk,Nooddocument aanvragen in Oostenrijk | NederlandWereldwijd,7,lange-zin,advies,Vraag aan de maatschappij waarmee u reist of u met een kopie van uw paspoort of ID-kaart en uw ticket kunt reizen.,Vraag aan de maatschappij waarmee u reist of u met een kopie van uw paspoort of ID-kaart en uw ticket kunt reizen.,Zin van 22 woorden; boven de 20 wordt een zin lastig te volgen.,Knip de zin in tweeën.
0607_paspoort-id-kaart_nooddocument_oostenrijk.txt,https://www.nederlandwereldwijd.nl/paspoort-id-kaart/nooddocument/oostenrijk,Nooddocument aanvragen in Oostenrijk | NederlandWereldwijd,28,lange-zin,advies,Ga daarom op zoek naar een fotograaf die bekend is met de eisen aan een pasfoto voor een Nederlands paspoort of ID-kaart...,Ga daarom op zoek naar een fotograaf die bekend is met de eisen aan een pasfoto voor een Nederlands paspoort of ID-kaart...,Zin van 22 woorden; boven de 20 wordt een zin lastig te volgen.,Knip de zin in tweeën.
0607_paspoort-id-kaart_nooddocument_oostenrijk.txt,https://www.nederlandwereldwijd.nl/paspoort-id-kaart/nooddocument/oostenrijk,Nooddocument aanvragen in Oostenrijk | NederlandWereldwijd,38,lijdende-vorm,advies,worden aanvragen niet verwerkt,In het weekend is de ambassade gesloten en worden aanvragen niet verwerkt.,Lijdende vorm: de lezer ziet niet wie er iets doet.,"Schrijf actief, bijvoorbeeld 'wij sturen' of 'u ontvangt'."
0607_paspoort-id-kaart_nooddocument_oostenrijk.txt,https://www.nederlandwereldwijd.nl/paspoort-id-kaart/nooddocument/oostenrijk,Nooddocument aanvragen in Oostenrijk | NederlandWereldwijd,61,lange-zin,advies,Als u weer thuis bent levert u uw laissez-passer in bij uw gemeente en vraagt u daar een nieuw paspoort of ID-kaart aan.,Als u weer thuis bent levert u uw laissez-passer in bij uw gemeente en vraagt u daar een nieuw paspoort of ID-kaart aan.,Zin van 23 woorden; boven de 20 wordt een zin lastig te volgen.,Knip de zin in tweeën.
0608_paspoort-id-kaart_nooddocument_pakistan.txt,https://www.nederlandwereldwijd.nl/paspoort-id-kaart/nooddocument/pakistan,Nooddocument aanvragen in Pakistan | NederlandWereldwijd,24,lange-zin,advies,Ga daarom op zoek naar een fotograaf die bekend is met de eisen aan een pasfoto voor een Nederlands paspoort of ID-kaart...,Ga daarom op zoek naar een fotograaf die bekend is met de eisen aan een pasfoto voor een Nederlands paspoort of ID-kaart...,Zin van 22 woorden; boven de 20 wordt een zin lastig te volgen.,Knip de zin in tweeën.
0608_paspoort-id-kaart_nooddocument_pakistan.txt,https://www.nederlandwereldwijd.nl/paspoort-id-kaart/nooddocument/pakistan,Nooddocument aanvragen in Pakistan | NederlandWereldwijd,34,lijdende-vorm,advies,worden aanvragen niet verwerkt,In het weekend is de ambassade gesloten en worden aanvragen niet verwerkt.,Lijdende vorm: de lezer ziet niet wie er iets doet.,"Schrijf actief, bijvoorbeeld 'wij sturen' of 'u ontvangt'."
0608_paspoort-id-kaart_nooddocument_pakistan.txt,https://www.nederlandwereldwijd.nl/paspoort-id-kaart/nooddocument/pakistan,Nooddocument aanvragen in Pakistan | NederlandWereldwijd,57,lange-zin,advies,Als u weer thuis bent levert u uw laissez-passer in bij uw gemeente en vraagt u daar een nieuw paspoort of ID-kaart aan.,Als u weer thuis bent levert u uw laissez-passer in bij uw gemeente en vraagt u daar een nieuw paspoort of ID-kaart aan.,Zin van 23 woorden; boven de 20 wordt een zin lastig te volgen.,Knip de zin in tweeën.
0609_paspoort-id-kaart_nooddocument_palau.txt,https://www.nederlandwereldwijd.nl/paspoort-id-kaart/nooddocument/palau,Nooddocument aanvragen in Palau | NederlandWereldwijd,24,lange-zin,advies,Ga daarom op zoek naar een fotograaf die bekend is met de eisen aan een pasfoto voor een Nederlands paspoort of ID-kaart...,Ga daarom op zoek naar een fotograaf die bekend is met de eisen aan een pasfoto voor een Nederlands paspoort of ID-kaart...,Zin van 22 woorden; boven de 20 wordt een zin lastig te volgen.,Knip de zin in tweeën.
0609_paspoort-id-kaart_nooddocument_palau.txt,https://www.nederlandwereldwijd.nl/paspoort-id-kaart/nooddocument/palau,Nooddocument aanvragen in Palau | NederlandWereldwijd,34,lijdende-vorm,advies,worden aanvragen niet verwerkt,In het weekend is de ambassade gesloten en worden aanvragen niet verwerkt.,Lijdende vorm: de lezer ziet niet wie er iets doet.,"Schrijf actief, bijvoorbeeld 'wij sturen' of 'u ontvangt'."
0609_paspoort-id-kaart_nooddocument_palau.txt,https://www.nederlandwereldwijd.nl/paspoort-id-kaart/nooddocument/palau,Nooddocument aanvragen in Palau | NederlandWereldwijd,47,lange-zin,advies,In het overzicht van de consulaire tarieven in de Filipijnen ziet u wat een nooddocument kost en hoe u kunt betalen.,In het overzicht van de consulaire tarieven in de Filipijnen ziet u wat een nooddocument kost en hoe u kunt betalen.,Zin van 21 woorden; boven de 20 wordt een zin lastig te volgen.,Knip de zin in tweeën.
0609_paspoort-id-kaart_nooddocument_palau.txt,https://www.nederlandwereldwijd.nl/paspoort-id-kaart/nooddocument/palau,Nooddocument aanvragen in Palau | NederlandWereldwijd,57,lange-zin,advies,Als u weer thuis bent levert u uw laissez-passer in bij uw gemeente en vraagt u daar een nieuw paspoort of ID-kaart aan.,Als u weer thuis bent levert u uw laissez-passer in bij uw gemeente en vraagt u daar een nieuw paspoort of ID-kaart aan.,Zin van 23 woorden; boven de 20 wordt een zin lastig te volgen.,Knip de zin in tweeën.
0610_paspoort-id-kaart_nooddocument_palestijnse-gebieden.txt,https://www.nederlandwereldwijd.nl/paspoort-id-kaart/nooddocument/palestijnse-gebieden,Nooddocument aanvragen in de Palestijnse Gebieden | NederlandWereldwijd,24,lange-zin,advies,Ga daarom op zoek naar een fotograaf die bekend is met de eisen aan een pasfoto voor een Nederlands paspoort of ID-kaart...,Ga daarom op zoek naar een fotograaf die bekend is met de eisen aan een pasfoto voor een Nederlands paspoort of ID-kaart...,Zin van 22 woorden; boven de 20 wordt een zin lastig te volgen.,Knip de zin in tweeën.
0610_paspoort-id-kaart_nooddocument_palestijnse-gebieden.txt,https://www.nederlandwereldwijd.nl/paspoort-id-kaart/nooddocument/palestijnse-gebieden,Nooddocument aanvragen in de Palestijnse Gebieden | NederlandWereldwijd,34,lijdende-vorm,advies,worden aanvragen niet verwerkt,In het weekend is de Nederlandse vertegenwoordiging gesloten en worden aanvragen niet verwerkt.,Lijdende vorm: de lezer ziet niet wie er iets doet.,"Schrijf actief, bijvoorbeeld 'wij sturen' of 'u ontvangt'."
0610_paspoort-id-kaart_nooddocument_palestijnse-gebieden.txt,https://www.nederlandwereldwijd.nl/paspoort-id-kaart/nooddocument/palestijnse-gebieden,Nooddocument aanvragen in de Palestijnse Gebieden | NederlandWereldwijd,47,lange-zin,advies,In het overzicht van de consulaire tarieven in de Palestijnse Gebieden ziet u wat een nooddocument kost en hoe u kunt be...,In het overzicht van de consulaire tarieven in de Palestijnse Gebieden ziet u wat een nooddocument kost en hoe u kunt be...,Zin van 22 woorden; boven de 20 wordt een zin lastig te volgen.,Knip de zin in tweeën.
0610_paspoort-id-kaart_nooddocument_palestijnse-gebieden.txt,https://www.nederlandwereldwijd.nl/paspoort-id-kaart/nooddocument/palestijnse-gebieden,Nooddocument aanvragen in de Palestijnse Gebieden | NederlandWereldwijd,57,lange-zin,advies,Als u weer thuis bent levert u uw laissez-passer in bij uw gemeente en vraagt u daar een nieuw paspoort of ID-kaart aan.,Als u weer thuis bent levert u uw laissez-passer in bij uw gemeente en vraagt u daar een nieuw paspoort of ID-kaart aan.,Zin van 23 woorden; boven de 20 wordt een zin lastig te volgen.,Knip de zin in tweeën.
0611_paspoort-id-kaart_nooddocument_panama.txt,https://www.nederlandwereldwijd.nl/paspoort-id-kaart/nooddocument/panama,Nooddocument aanvragen in Panama | NederlandWereldwijd,24,lange-zin,advies,Ga daarom op zoek naar een fotograaf die bekend is met de eisen aan een pasfoto voor een Nederlands paspoort of ID-kaart...,Ga daarom op zoek naar een fotograaf die bekend is met de eisen aan een pasfoto voor een Nederlands paspoort of ID-kaart...,Zin van 22 woorden; boven de 20 wordt een zin lastig te volgen.,Knip de zin in tweeën.
0611_paspoort-id-kaart_nooddocument_panama.txt,https://www.nederlandwereldwijd.nl/paspoort-id-kaart/nooddocument/panama,Nooddocument aanvragen in Panama | NederlandWereldwijd,34,lijdende-vorm,advies,worden aanvragen niet verwerkt,In het weekend is de ambassade gesloten en worden aanvragen niet verwerkt.,Lijdende vorm: de lezer ziet niet wie er iets doet.,"Schrijf actief, bijvoorbeeld 'wij sturen' of 'u ontvangt'."
0611_paspoort-id-kaart_nooddocument_panama.txt,https://www.nederlandwereldwijd.nl/paspoort-id-kaart/nooddocument/panama,Nooddocument aanvragen in Panama | NederlandWereldwijd,58,lange-zin,advies,Als u weer thuis bent levert u uw laissez-passer in bij uw gemeente en vraagt u daar een nieuw paspoort of ID-kaart aan.,Als u weer thuis bent levert u uw laissez-passer in bij uw gemeente en vraagt u daar een nieuw paspoort of ID-kaart aan.,Zin van 23 woorden; boven de 20 wordt een zin lastig te volgen.,Knip de zin in tweeën.
0612_paspoort-id-kaart_nooddocument_papoea-nieuw-guinea.txt,https://www.nederlandwereldwijd.nl/paspoort-id-kaart/nooddocument/papoea-nieuw-guinea,Nooddocument aanvragen in Papoea-Nieuw-Guinea | NederlandWereldwijd,24,lange-zin,advies,Ga daarom op zoek naar een fotograaf die bekend is met de eisen aan een pasfoto voor een Nederlands paspoort of ID-kaart...,Ga daarom op zoek naar een fotograaf die bekend is met de eisen aan een pasfoto voor een Nederlands paspoort of ID-kaart...,Zin van 22 woorden; boven de 20 wordt een zin lastig te volgen.,Knip de zin in tweeën.
0612_paspoort-id-kaart_nooddocument_papoea-nieuw-guinea.txt,https://www.nederlandwereldwijd.nl/paspoort-id-kaart/nooddocument/papoea-nieuw-guinea,Nooddocument aanvragen in Papoea-Nieuw-Guinea | NederlandWereldwijd,34,lijdende-vorm,advies,worden aanvragen niet verwerkt,In het weekend is het consulaat-generaal gesloten en worden aanvragen niet verwerkt.,Lijdende vorm: de lezer ziet niet wie er iets doet.,"Schrijf actief, bijvoorbeeld 'wij sturen' of 'u ontvangt'."
0612_paspoort-id-kaart_nooddocument_papoea-nieuw-guinea.txt,https://www.nederlandwereldwijd.nl/paspoort-id-kaart/nooddocument/papoea-nieuw-guinea,Nooddocument aanvragen in Papoea-Nieuw-Guinea | NederlandWereldwijd,57,lange-zin,advies,Als u weer thuis bent levert u uw laissez-passer in bij uw gemeente en vraagt u daar een nieuw paspoort of ID-kaart aan.,Als u weer thuis bent levert u uw laissez-passer in bij uw gemeente en vraagt u daar een nieuw paspoort of ID-kaart aan.,Zin van 23 woorden; boven de 20 wordt een zin lastig te volgen.,Knip de zin in tweeën.
0613_paspoort-id-kaart_nooddocument_paraguay.txt,https://www.nederlandwereldwijd.nl/paspoort-id-kaart/nooddocument/paraguay,Nooddocument aanvragen in Paraguay | NederlandWereldwijd,24,lange-zin,advies,Ga daarom op zoek naar een fotograaf die bekend is met de eisen aan een pasfoto voor een Nederlands paspoort of ID-kaart...,Ga daarom op zoek naar een fotograaf die bekend is met de eisen aan een pasfoto voor een Nederlands paspoort of ID-kaart...,Zin van 22 woorden; boven de 20 wordt een zin lastig te volgen.,Knip de zin in tweeën.
0613_paspoort-id-kaart_nooddocument_paraguay.txt,https://www.nederlandwereldwijd.nl/paspoort-id-kaart/nooddocument/paraguay,Nooddocument aanvragen in Paraguay | NederlandWereldwijd,34,lijdende-vorm,advies,worden aanvragen niet verwerkt,In het weekend is de ambassade gesloten en worden aanvragen niet verwerkt.,Lijdende vorm: de lezer ziet niet wie er iets doet.,"Schrijf actief, bijvoorbeeld 'wij sturen' of 'u ontvangt'."
0613_paspoort-id-kaart_nooddocument_paraguay.txt,https://www.nederlandwereldwijd.nl/paspoort-id-kaart/nooddocument/paraguay,Nooddocument aanvragen in Paraguay | NederlandWereldwijd,57,lange-zin,advies,Als u weer thuis bent levert u uw laissez-passer in bij uw gemeente en vraagt u daar een nieuw paspoort of ID-kaart aan.,Als u weer thuis bent levert u uw laissez-passer in bij uw gemeente en vraagt u daar een nieuw paspoort of ID-kaart aan.,Zin van 23 woorden; boven de 20 wordt een zin lastig te volgen.,Knip de zin in tweeën.
0614_paspoort-id-kaart_nooddocument_peru.txt,https://www.nederlandwereldwijd.nl/paspoort-id-kaart/nooddocument/peru,Nooddocument aanvragen in Peru | NederlandWereldwijd,24,lange-zin,advies,Ga daarom op zoek naar een fotograaf die bekend is met de eisen aan een pasfoto voor een Nederlands paspoort of ID-kaart...,Ga daarom op zoek naar een fotograaf die bekend is met de eisen aan een pasfoto voor een Nederlands paspoort of ID-kaart...,Zin van 22 woorden; boven de 20 wordt een zin lastig te volgen.,Knip de zin in tweeën.
0614_paspoort-id-kaart_nooddocument_peru.txt,https://www.nederlandwereldwijd.nl/paspoort-id-kaart/nooddocument/peru,Nooddocument aanvragen in Peru | NederlandWereldwijd,34,lijdende-vorm,advies,worden aanvragen niet verwerkt,In het weekend is de ambassade gesloten en worden aanvragen niet verwerkt.,Lijdende vorm: de lezer ziet niet wie er iets doet.,"Schrijf actief, bijvoorbeeld 'wij sturen' of 'u ontvangt'."
0614_paspoort-id-kaart_nooddocument_peru.txt,https://www.nederlandwereldwijd.nl/paspoort-id-kaart/nooddocument/peru,Nooddocument aanvragen in Peru | NederlandWereldwijd,57,lange-zin,advies,Als u weer thuis bent levert u uw laissez-passer in bij uw gemeente en vraagt u daar een nieuw paspoort of ID-kaart aan.,Als u weer thuis bent levert u uw laissez-passer in bij uw gemeente en vraagt u daar een nieuw paspoort of ID-kaart aan.,Zin van 23 woorden; boven de 20 wordt een zin lastig te volgen.,Knip de zin in tweeën.
0615_paspoort-id-kaart_nooddocument_pitcairneilanden.txt,https://www.nederlandwereldwijd.nl/paspoort-id-kaart/nooddocument/pitcairneilanden,Nooddocument aanvragen op de Pitcairneilanden | NederlandWereldwijd,24,lange-zin,advies,Ga daarom op zoek naar een fotograaf die bekend is met de eisen aan een pasfoto voor een Nederlands paspoort of ID-kaart...,Ga daarom op zoek naar een fotograaf die bekend is met de eisen aan een pasfoto voor een Nederlands paspoort of ID-kaart...,Zin van 22 woorden; boven de 20 wordt een zin lastig te volgen.,Knip de zin in tweeën.
0615_paspoort-id-kaart_nooddocument_pitcairneilanden.txt,https://www.nederlandwereldwijd.nl/paspoort-id-kaart/nooddocument/pitcairneilanden,Nooddocument aanvragen op de Pitcairneilanden | NederlandWereldwijd,34,lijdende-vorm,advies,worden aanvragen niet verwerkt,In het weekend is de ambassade gesloten en worden aanvragen niet verwerkt.,Lijdende vorm: de lezer ziet niet wie er iets doet.,"Schrijf actief, bijvoorbeeld 'wij sturen' of 'u ontvangt'."
0615_paspoort-id-kaart_nooddocument_pitcairneilanden.txt,https://www.nederlandwereldwijd.nl/paspoort-id-kaart/nooddocument/pitcairneilanden,Nooddocument aanvragen op de Pitcairneilanden | NederlandWereldwijd,57,lange-zin,advies,Als u weer thuis bent levert u uw laissez-passer in bij uw gemeente en vraagt u daar een nieuw paspoort of ID-kaart aan.,Als u weer thuis bent levert u uw laissez-passer in bij uw gemeente en vraagt u daar een nieuw paspoort of ID-kaart aan.,Zin van 23 woorden; boven de 20 wordt een zin lastig te volgen.,Knip de zin in tweeën.
0616_paspoort-id-kaart_nooddocument_polen.txt,https://www.nederlandwereldwijd.nl/paspoort-id-kaart/nooddocument/polen,Nooddocument aanvragen in Polen | NederlandWereldwijd,7,lange-zin,advies,Vraag aan de maatschappij waarmee u reist of u met een kopie van uw paspoort of ID-kaart en uw ticket kunt reizen.,Vraag aan de maatschappij waarmee u reist of u met een kopie van uw paspoort of ID-kaart en uw ticket kunt reizen.,Zin van 22 woorden; boven de 20 wordt een zin lastig te volgen.,Knip de zin in tweeën.
0616_paspoort-id-kaart_nooddocument_polen.txt,https://www.nederlandwereldwijd.nl/paspoort-id-kaart/nooddocument/polen,Nooddocument aanvragen in Polen | NederlandWereldwijd,28,lange-zin,advies,Ga daarom op zoek naar een fotograaf die bekend is met de eisen aan een pasfoto voor een Nederlands paspoort of ID-kaart...,Ga daarom op zoek naar een fotograaf die bekend is met de eisen aan een pasfoto voor een Nederlands paspoort of ID-kaart...,Zin van 22 woorden; boven de 20 wordt een zin lastig te volgen.,Knip de zin in tweeën.
0616_paspoort-id-kaart_nooddocument_polen.txt,https://www.nederlandwereldwijd.nl/paspoort-id-kaart/nooddocument/polen,Nooddocument aanvragen in Polen | NederlandWereldwijd,38,lijdende-vorm,advies,worden aanvragen niet verwerkt,In het weekend is de ambassade gesloten en worden aanvragen niet verwerkt.,Lijdende vorm: de lezer ziet niet wie er iets doet.,"Schrijf actief, bijvoorbeeld 'wij sturen' of 'u ontvangt'."
0616_paspoort-id-kaart_nooddocument_polen.txt,https://www.nederlandwereldwijd.nl/paspoort-id-kaart/nooddocument/polen,Nooddocument aanvragen in Polen | NederlandWereldwijd,61,lange-zin,advies,Als u weer thuis bent levert u uw laissez-passer in bij uw gemeente en vraagt u daar een nieuw paspoort of ID-kaart aan.,Als u weer thuis bent levert u uw laissez-passer in bij uw gemeente en vraagt u daar een nieuw paspoort of ID-kaart aan.,Zin van 23 woorden; boven de 20 wordt een zin lastig te volgen.,Knip de zin in tweeën.
0617_paspoort-id-kaart_nooddocument_portugal.txt,https://www.nederlandwereldwijd.nl/paspoort-id-kaart/nooddocument/portugal,Nooddocument aanvragen in Portugal | NederlandWereldwijd,7,lange-zin,advies,Vraag aan de maatschappij waarmee u reist of u met een kopie van uw paspoort of ID-kaart en uw ticket kunt reizen.,Vraag aan de maatschappij waarmee u reist of u met een kopie van uw paspoort of ID-kaart en uw ticket kunt reizen.,Zin van 22 woorden; boven de 20 wordt een zin lastig te volgen.,Knip de zin in tweeën.
0617_paspoort-id-kaart_nooddocument_portugal.txt,https://www.nederlandwereldwijd.nl/paspoort-id-kaart/nooddocument/portugal,Nooddocument aanvragen in Portugal | NederlandWereldwijd,28,lange-zin,advies,Ga daarom op zoek naar een fotograaf die bekend is met de eisen aan een pasfoto voor een Nederlands paspoort of ID-kaart...,Ga daarom op zoek naar een fotograaf die bekend is met de eisen aan een pasfoto voor een Nederlands paspoort of ID-kaart...,Zin van 22 woorden; boven de 20 wordt een zin lastig te volgen.,Knip de zin in tweeën.
0617_paspoort-id-kaart_nooddocument_portugal.txt,https://www.nederlandwereldwijd.nl/paspoort-id-kaart/nooddocument/portugal,Nooddocument aanvragen in Portugal | NederlandWereldwijd,38,lijdende-vorm,advies,worden aanvragen niet verwerkt,In het weekend is de ambassade gesloten en worden aanvragen niet verwerkt.,Lijdende vorm: de lezer ziet niet wie er iets doet.,"Schrijf actief, bijvoorbeeld 'wij sturen' of 'u ontvangt'."
0617_paspoort-id-kaart_nooddocument_portugal.txt,https://www.nederlandwereldwijd.nl/paspoort-id-kaart/nooddocument/portugal,Nooddocument aanvragen in Portugal | NederlandWereldwijd,61,lange-zin,advies,Als u weer thuis bent levert u uw laissez-passer in bij uw gemeente en vraagt u daar een nieuw paspoort of ID-kaart aan.,Als u weer thuis bent levert u uw laissez-passer in bij uw gemeente en vraagt u daar een nieuw paspoort of ID-kaart aan.,Zin van 23 woorden; boven de 20 wordt een zin lastig te volgen.,Knip de zin in tweeën.
0618_paspoort-id-kaart_nooddocument_puerto-rico.txt,https://www.nederlandwereldwijd.nl/paspoort-id-kaart/nooddocument/puerto-rico,Nooddocument aanvragen in Puerto Rico | NederlandWereldwijd,22,lange-zin,advies,Ga daarom op zoek naar een fotograaf die bekend is met de eisen aan een pasfoto voor een Nederlands paspoort of ID-kaart...,Ga daarom op zoek naar een fotograaf die bekend is met de eisen aan een pasfoto voor een Nederlands paspoort of ID-kaart...,Zin van 22 woorden; boven de 20 wordt een zin lastig te volgen.,Knip de zin in tweeën.
0618_paspoort-id-kaart_nooddocument_puerto-rico.txt,https://www.nederlandwereldwijd.nl/paspoort-id-kaart/nooddocument/puerto-rico,Nooddocument aanvragen in Puerto Rico | NederlandWereldwijd,32,lijdende-vorm,advies,worden aanvragen niet verwerkt,In het weekend is de ambassade gesloten en worden aanvragen niet verwerkt.,Lijdende vorm: de lezer ziet niet wie er iets doet.,"Schrijf actief, bijvoorbeeld 'wij sturen' of 'u ontvangt'."
0618_paspoort-id-kaart_nooddocument_puerto-rico.txt,https://www.nederlandwereldwijd.nl/paspoort-id-kaart/nooddocument/puerto-rico,Nooddocument aanvragen in Puerto Rico | NederlandWereldwijd,45,lange-zin,advies,In het overzicht van de consulaire tarieven in de Verenigde Staten ziet u wat een nooddocument kost en hoe u kunt betale...,In het overzicht van de consulaire tarieven in de Verenigde Staten ziet u wat een nooddocument kost en hoe u kunt betale...,Zin van 22 woorden; boven de 20 wordt een zin lastig te volgen.,Knip de zin in tweeën.
0618_paspoort-id-kaart_nooddocument_puerto-rico.txt,https://www.nederlandwereldwijd.nl/paspoort-id-kaart/nooddocument/puerto-rico,Nooddocument aanvragen in Puerto Rico | NederlandWereldwijd,55,lange-zin,advies,Als u weer thuis bent levert u uw laissez-passer in bij uw gemeente en vraagt u daar een nieuw paspoort of ID-kaart aan.,Als u weer thuis bent levert u uw laissez-passer in bij uw gemeente en vraagt u daar een nieuw paspoort of ID-kaart aan.,Zin van 23 woorden; boven de 20 wordt een zin lastig te volgen.,Knip de zin in tweeën.
0619_paspoort-id-kaart_nooddocument_qatar.txt,https://www.nederlandwereldwijd.nl/paspoort-id-kaart/nooddocument/qatar,Nooddocument aanvragen in Qatar | NederlandWereldwijd,24,lange-zin,advies,Ga daarom op zoek naar een fotograaf die bekend is met de eisen aan een pasfoto voor een Nederlands paspoort of ID-kaart...,Ga daarom op zoek naar een fotograaf die bekend is met de eisen aan een pasfoto voor een Nederlands paspoort of ID-kaart...,Zin van 22 woorden; boven de 20 wordt een zin lastig te volgen.,Knip de zin in tweeën.
0619_paspoort-id-kaart_nooddocument_qatar.txt,https://www.nederlandwereldwijd.nl/paspoort-id-kaart/nooddocument/qatar,Nooddocument aanvragen in Qatar | NederlandWereldwijd,34,lijdende-vorm,advies,worden aanvragen niet verwerkt,In het weekend is de ambassade gesloten en worden aanvragen niet verwerkt.,Lijdende vorm: de lezer ziet niet wie er iets doet.,"Schrijf actief, bijvoorbeeld 'wij sturen' of 'u ontvangt'."
0619_paspoort-id-kaart_nooddocument_qatar.txt,https://www.nederlandwereldwijd.nl/paspoort-id-kaart/nooddocument/qatar,Nooddocument aanvragen in Qatar | NederlandWereldwijd,57,lange-zin,advies,Als u weer thuis bent levert u uw laissez-passer in bij uw gemeente en vraagt u daar een nieuw paspoort of ID-kaart aan.,Als u weer thuis bent levert u uw laissez-passer in bij uw gemeente en vraagt u daar een nieuw paspoort of ID-kaart aan.,Zin van 23 woorden; boven de 20 wordt een zin lastig te volgen.,Knip de zin in tweeën.
0620_paspoort-id-kaart_nooddocument_reunion.txt,https://www.nederlandwereldwijd.nl/paspoort-id-kaart/nooddocument/reunion,Nooddocument aanvragen in Réunion | NederlandWereldwijd,24,lange-zin,advies,Ga daarom op zoek naar een fotograaf die bekend is met de eisen aan een pasfoto voor een Nederlands paspoort of ID-kaart...,Ga daarom op zoek naar een fotograaf die bekend is met de eisen aan een pasfoto voor een Nederlands paspoort of ID-kaart...,Zin van 22 woorden; boven de 20 wordt een zin lastig te volgen.,Knip de zin in tweeën.
0620_paspoort-id-kaart_nooddocument_reunion.txt,https://www.nederlandwereldwijd.nl/paspoort-id-kaart/nooddocument/reunion,Nooddocument aanvragen in Réunion | NederlandWereldwijd,34,lijdende-vorm,advies,worden aanvragen niet verwerkt,In het weekend is de ambassade gesloten en worden aanvragen niet verwerkt.,Lijdende vorm: de lezer ziet niet wie er iets doet.,"Schrijf actief, bijvoorbeeld 'wij sturen' of 'u ontvangt'."
0620_paspoort-id-kaart_nooddocument_reunion.txt,https://www.nederlandwereldwijd.nl/paspoort-id-kaart/nooddocument/reunion,Nooddocument aanvragen in Réunion | NederlandWereldwijd,57,lange-zin,advies,Als u weer thuis bent levert u uw laissez-passer in bij uw gemeente en vraagt u daar een nieuw paspoort of ID-kaart aan.,Als u weer thuis bent levert u uw laissez-passer in bij uw gemeente en vraagt u daar een nieuw paspoort of ID-kaart aan.,Zin van 23 woorden; boven de 20 wordt een zin lastig te volgen.,Knip de zin in tweeën.
0621_paspoort-id-kaart_nooddocument_roemenie.txt,https://www.nederlandwereldwijd.nl/paspoort-id-kaart/nooddocument/roemenie,Nooddocument aanvragen in Roemenië | NederlandWereldwijd,7,lange-zin,advies,Vraag aan de maatschappij waarmee u reist of u met een kopie van uw paspoort of ID-kaart en uw ticket kunt reizen.,Vraag aan de maatschappij waarmee u reist of u met een kopie van uw paspoort of ID-kaart en uw ticket kunt reizen.,Zin van 22 woorden; boven de 20 wordt een zin lastig te volgen.,Knip de zin in tweeën.
0621_paspoort-id-kaart_nooddocument_roemenie.txt,https://www.nederlandwereldwijd.nl/paspoort-id-kaart/nooddocument/roemenie,Nooddocument aanvragen in Roemenië | NederlandWereldwijd,28,lange-zin,advies,Ga daarom op zoek naar een fotograaf die bekend is met de eisen aan een pasfoto voor een Nederlands paspoort of ID-kaart...,Ga daarom op zoek naar een fotograaf die bekend is met de eisen aan een pasfoto voor een Nederlands paspoort of ID-kaart...,Zin van 22 woorden; boven de 20 wordt een zin lastig te volgen.,Knip de zin in tweeën.
0621_paspoort-id-kaart_nooddocument_roemenie.txt,https://www.nederlandwereldwijd.nl/paspoort-id-kaart/nooddocument/roemenie,Nooddocument aanvragen in Roemenië | NederlandWereldwijd,38,lijdende-vorm,advies,worden aanvragen niet verwerkt,In het weekend is de ambassade gesloten en worden aanvragen niet verwerkt.,Lijdende vorm: de lezer ziet niet wie er iets doet.,"Schrijf actief, bijvoorbeeld 'wij sturen' of 'u ontvangt'."
0621_paspoort-id-kaart_nooddocument_roemenie.txt,https://www.nederlandwereldwijd.nl/paspoort-id-kaart/nooddocument/roemenie,Nooddocument aanvragen in Roemenië | NederlandWereldwijd,61,lange-zin,advies,Als u weer thuis bent levert u uw laissez-passer in bij uw gemeente en vraagt u daar een nieuw paspoort of ID-kaart aan.,Als u weer thuis bent levert u uw laissez-passer in bij uw gemeente en vraagt u daar een nieuw paspoort of ID-kaart aan.,Zin van 23 woorden; boven de 20 wordt een zin lastig te volgen.,Knip de zin in tweeën.
0622_paspoort-id-kaart_nooddocument_rusland.txt,https://www.nederlandwereldwijd.nl/paspoort-id-kaart/nooddocument/rusland,Nooddocument aanvragen in Rusland | NederlandWereldwijd,22,lange-zin,advies,Ga daarom op zoek naar Been fotograaf die bekend is met de eisen aan een pasfoto voor een Nederlands paspoort of ID-kaar...,Ga daarom op zoek naar Been fotograaf die bekend is met de eisen aan een pasfoto voor een Nederlands paspoort of ID-kaar...,Zin van 22 woorden; boven de 20 wordt een zin lastig te volgen.,Knip de zin in tweeën.
0622_paspoort-id-kaart_nooddocument_rusland.txt,https://www.nederlandwereldwijd.nl/paspoort-id-kaart/nooddocument/rusland,Nooddocument aanvragen in Rusland | NederlandWereldwijd,32,lijdende-vorm,advies,worden aanvragen niet verwerkt,In het weekend is de ambassade gesloten en worden aanvragen niet verwerkt.,Lijdende vorm: de lezer ziet niet wie er iets doet.,"Schrijf actief, bijvoorbeeld 'wij sturen' of 'u ontvangt'."
0622_paspoort-id-kaart_nooddocument_rusland.txt,https://www.nederlandwereldwijd.nl/paspoort-id-kaart/nooddocument/rusland,Nooddocument aanvragen in Rusland | NederlandWereldwijd,55,lange-zin,advies,Als u weer thuis bent levert u uw laissez-passer in bij uw gemeente en vraagt u daar een nieuw paspoort of ID-kaart aan.,Als u weer thuis bent levert u uw laissez-passer in bij uw gemeente en vraagt u daar een nieuw paspoort of ID-kaart aan.,Zin van 23 woorden; boven de 20 wordt een zin lastig te volgen.,Knip de zin in tweeën.
0623_paspoort-id-kaart_nooddocument_rwanda.txt,https://www.nederlandwereldwijd.nl/paspoort-id-kaart/nooddocument/rwanda,Nooddocument aanvragen in Rwanda | NederlandWereldwijd,24,lange-zin,advies,Ga daarom op zoek naar een fotograaf die bekend is met de eisen aan een pasfoto voor een Nederlands paspoort of ID-kaart...,Ga daarom op zoek naar een fotograaf die bekend is met de eisen aan een pasfoto voor een Nederlands paspoort of ID-kaart...,Zin van 22 woorden; boven de 20 wordt een zin lastig te volgen.,Knip de zin in tweeën.
0623_paspoort-id-kaart_nooddocument_rwanda.txt,https://www.nederlandwereldwijd.nl/paspoort-id-kaart/nooddocument/rwanda,Nooddocument aanvragen in Rwanda | NederlandWereldwijd,34,lijdende-vorm,advies,worden aanvragen niet verwerkt,In het weekend is de ambassade gesloten en worden aanvragen niet verwerkt.,Lijdende vorm: de lezer ziet niet wie er iets doet.,"Schrijf actief, bijvoorbeeld 'wij sturen' of 'u ontvangt'."
0623_paspoort-id-kaart_nooddocument_rwanda.txt,https://www.nederlandwereldwijd.nl/paspoort-id-kaart/nooddocument/rwanda,Nooddocument aanvragen in Rwanda | NederlandWereldwijd,57,lange-zin,advies,Als u weer thuis bent levert u uw laissez-passer in bij uw gemeente en vraagt u daar een nieuw paspoort of ID-kaart aan.,Als u weer thuis bent levert u uw laissez-passer in bij uw gemeente en vraagt u daar een nieuw paspoort of ID-kaart aan.,Zin van 23 woorden; boven de 20 wordt een zin lastig te volgen.,Knip de zin in tweeën.
0624_paspoort-id-kaart_nooddocument_saint-kitts-en-nevis.txt,https://www.nederlandwereldwijd.nl/paspoort-id-kaart/nooddocument/saint-kitts-en-nevis,Nooddocument aanvragen in Saint Kitts en Nevis | NederlandWereldwijd,24,lange-zin,advies,Ga daarom op zoek naar een fotograaf die bekend is met de eisen aan een pasfoto voor een Nederlands paspoort of ID-kaart...,Ga daarom op zoek naar een fotograaf die bekend is met de eisen aan een pasfoto voor een Nederlands paspoort of ID-kaart...,Zin van 22 woorden; boven de 20 wordt een zin lastig te volgen.,Knip de zin in tweeën.
0624_paspoort-id-kaart_nooddocument_saint-kitts-en-nevis.txt,https://www.nederlandwereldwijd.nl/paspoort-id-kaart/nooddocument/saint-kitts-en-nevis,Nooddocument aanvragen in Saint Kitts en Nevis | NederlandWereldwijd,33,lijdende-vorm,advies,worden aanvragen niet verwerkt,In het weekend is de ambassade gesloten en worden aanvragen niet verwerkt.,Lijdende vorm: de lezer ziet niet wie er iets doet.,"Schrijf actief, bijvoorbeeld 'wij sturen' of 'u ontvangt'."
0624_paspoort-id-kaart_nooddocument_saint-kitts-en-nevis.txt,https://www.nederlandwereldwijd.nl/paspoort-id-kaart/nooddocument/saint-kitts-en-nevis,Nooddocument aanvragen in Saint Kitts en Nevis | NederlandWereldwijd,46,lange-zin,advies,In het overzicht van de consulaire tarieven in Trinidad en Tobago ziet u wat een nooddocument kost en hoe u kunt betalen...,In het overzicht van de consulaire tarieven in Trinidad en Tobago ziet u wat een nooddocument kost en hoe u kunt betalen...,Zin van 22 woorden; boven de 20 wordt een zin lastig te volgen.,Knip de zin in tweeën.
0624_paspoort-id-kaart_nooddocument_saint-kitts-en-nevis.txt,https://www.nederlandwereldwijd.nl/paspoort-id-kaart/nooddocument/saint-kitts-en-nevis,Nooddocument aanvragen in Saint Kitts en Nevis | NederlandWereldwijd,56,lange-zin,advies,Als u weer thuis bent levert u uw laissez-passer in bij uw gemeente en vraagt u daar een nieuw paspoort of ID-kaart aan.,Als u weer thuis bent levert u uw laissez-passer in bij uw gemeente en vraagt u daar een nieuw paspoort of ID-kaart aan.,Zin van 23 woorden; boven de 20 wordt een zin lastig te volgen.,Knip de zin in tweeën.
0625_paspoort-id-kaart_nooddocument_saint-lucia.txt,https://www.nederlandwereldwijd.nl/paspoort-id-kaart/nooddocument/saint-lucia,Nooddocument aanvragen in Saint Lucia | NederlandWereldwijd,24,lange-zin,advies,Ga daarom op zoek naar een fotograaf die bekend is met de eisen aan een pasfoto voor een Nederlands paspoort of ID-kaart...,Ga daarom op zoek naar een fotograaf die bekend is met de eisen aan een pasfoto voor een Nederlands paspoort of ID-kaart...,Zin van 22 woorden; boven de 20 wordt een zin lastig te volgen.,Knip de zin in tweeën.
0625_paspoort-id-kaart_nooddocument_saint-lucia.txt,https://www.nederlandwereldwijd.nl/paspoort-id-kaart/nooddocument/saint-lucia,Nooddocument aanvragen in Saint Lucia | NederlandWereldwijd,34,lijdende-vorm,advies,worden aanvragen niet verwerkt,In het weekend is de ambassade gesloten en worden aanvragen niet verwerkt.,Lijdende vorm: de lezer ziet niet wie er iets doet.,"Schrijf actief, bijvoorbeeld 'wij sturen' of 'u ontvangt'."
0625_paspoort-id-kaart_nooddocument_saint-lucia.txt,https://www.nederlandwereldwijd.nl/paspoort-id-kaart/nooddocument/saint-lucia,Nooddocument aanvragen in Saint Lucia | NederlandWereldwijd,47,lange-zin,advies,In het overzicht van de consulaire tarieven in Trinidad en Tobago ziet u wat een nooddocument kost en hoe u kunt betalen...,In het overzicht van de consulaire tarieven in Trinidad en Tobago ziet u wat een nooddocument kost en hoe u kunt betalen...,Zin van 22 woorden; boven de 20 wordt een zin lastig te volgen.,Knip de zin in tweeën.
0625_paspoort-id-kaart_nooddocument_saint-lucia.txt,https://www.nederlandwereldwijd.nl/paspoort-id-kaart/nooddocument/saint-lucia,Nooddocument aanvragen in Saint Lucia | NederlandWereldwijd,57,lange-zin,advies,Als u weer thuis bent levert u uw laissez-passer in bij uw gemeente en vraagt u daar een nieuw paspoort of ID-kaart aan.,Als u weer thuis bent levert u uw laissez-passer in bij uw gemeente en vraagt u daar een nieuw paspoort of ID-kaart aan.,Zin van 23 woorden; boven de 20 wordt een zin lastig te volgen.,Knip de zin in tweeën.
0626_paspoort-id-kaart_nooddocument_saint-vincent-en-de-grenadines.txt,https://www.nederlandwereldwijd.nl/paspoort-id-kaart/nooddocument/saint-vincent-en-de-grenadines,Nooddocument aanvragen in Saint Vincent en de Grenadines | NederlandWereldwijd,24,lange-zin,advies,Ga daarom op zoek naar een fotograaf die bekend is met de eisen aan een pasfoto voor een Nederlands paspoort of ID-kaart...,Ga daarom op zoek naar een fotograaf die bekend is met de eisen aan een pasfoto voor een Nederlands paspoort of ID-kaart...,Zin van 22 woorden; boven de 20 wordt een zin lastig te volgen.,Knip de zin in tweeën.
0626_paspoort-id-kaart_nooddocument_saint-vincent-en-de-grenadines.txt,https://www.nederlandwereldwijd.nl/paspoort-id-kaart/nooddocument/saint-vincent-en-de-grenadines,Nooddocument aanvragen in Saint Vincent en de Grenadines | NederlandWereldwijd,34,lijdende-vorm,advies,worden aanvragen niet verwerkt,In het weekend is de ambassade gesloten en worden aanvragen niet verwerkt.,Lijdende vorm: de lezer ziet niet wie er iets doet.,"Schrijf actief, bijvoorbeeld 'wij sturen' of 'u ontvangt'."
0626_paspoort-id-kaart_nooddocument_saint-vincent-en-de-grenadines.txt,https://www.nederlandwereldwijd.nl/paspoort-id-kaart/nooddocument/saint-vincent-en-de-grenadines,Nooddocument aanvragen in Saint Vincent en de Grenadines | NederlandWereldwijd,47,lange-zin,advies,In het overzicht van de consulaire tarieven in Trinidad en Tobago ziet u wat een nooddocument kost en hoe u kunt betalen...,In het overzicht van de consulaire tarieven in Trinidad en Tobago ziet u wat een nooddocument kost en hoe u kunt betalen...,Zin van 22 woorden; boven de 20 wordt een zin lastig te volgen.,Knip de zin in tweeën.
0626_paspoort-id-kaart_nooddocument_saint-vincent-en-de-grenadines.txt,https://www.nederlandwereldwijd.nl/paspoort-id-kaart/nooddocument/saint-vincent-en-de-grenadines,Nooddocument aanvragen in Saint Vincent en de Grenadines | NederlandWereldwijd,57,lange-zin,advies,Als u weer thuis bent levert u uw laissez-passer in bij uw gemeente en vraagt u daar een nieuw paspoort of ID-kaart aan.,Als u weer thuis bent levert u uw laissez-passer in bij uw gemeente en vraagt u daar een nieuw paspoort of ID-kaart aan.,Zin van 23 woorden; boven de 20 wordt een zin lastig te volgen.,Knip de zin in tweeën.
0627_paspoort-id-kaart_nooddocument_salomonseilanden.txt,https://www.nederlandwereldwijd.nl/paspoort-id-kaart/nooddocument/salomonseilanden,Nooddocument aanvragen op de Salomonseilanden | NederlandWereldwijd,24,lange-zin,advies,Ga daarom op zoek naar een fotograaf die bekend is met de eisen aan een pasfoto voor een Nederlands paspoort of ID-kaart...,Ga daarom op zoek naar een fotograaf die bekend is met de eisen aan een pasfoto voor een Nederlands paspoort of ID-kaart...,Zin van 22 woorden; boven de 20 wordt een zin lastig te volgen.,Knip de zin in tweeën.
0627_paspoort-id-kaart_nooddocument_salomonseilanden.txt,https://www.nederlandwereldwijd.nl/paspoort-id-kaart/nooddocument/salomonseilanden,Nooddocument aanvragen op de Salomonseilanden | NederlandWereldwijd,34,lijdende-vorm,advies,worden aanvragen niet verwerkt,In het weekend is de ambassade gesloten en worden aanvragen niet verwerkt.,Lijdende vorm: de lezer ziet niet wie er iets doet.,"Schrijf actief, bijvoorbeeld 'wij sturen' of 'u ontvangt'."
0627_paspoort-id-kaart_nooddocument_salomonseilanden.txt,https://www.nederlandwereldwijd.nl/paspoort-id-kaart/nooddocument/salomonseilanden,Nooddocument aanvragen op de Salomonseilanden | NederlandWereldwijd,57,lange-zin,advies,Als u weer thuis bent levert u uw laissez-passer in bij uw gemeente en vraagt u daar een nieuw paspoort of ID-kaart aan.,Als u weer thuis bent levert u uw laissez-passer in bij uw gemeente en vraagt u daar een nieuw paspoort of ID-kaart aan.,Zin van 23 woorden; boven de 20 wordt een zin lastig te volgen.,Knip de zin in tweeën.
0628_paspoort-id-kaart_nooddocument_samoa.txt,https://www.nederlandwereldwijd.nl/paspoort-id-kaart/nooddocument/samoa,Nooddocument aanvragen in Samoa | NederlandWereldwijd,24,lange-zin,advies,Ga daarom op zoek naar een fotograaf die bekend is met de eisen aan een pasfoto voor een Nederlands paspoort of ID-kaart...,Ga daarom op zoek naar een fotograaf die bekend is met de eisen aan een pasfoto voor een Nederlands paspoort of ID-kaart...,Zin van 22 woorden; boven de 20 wordt een zin lastig te volgen.,Knip de zin in tweeën.
0628_paspoort-id-kaart_nooddocument_samoa.txt,https://www.nederlandwereldwijd.nl/paspoort-id-kaart/nooddocument/samoa,Nooddocument aanvragen in Samoa | NederlandWereldwijd,34,lijdende-vorm,advies,worden aanvragen niet verwerkt,In het weekend is de ambassade gesloten en worden aanvragen niet verwerkt.,Lijdende vorm: de lezer ziet niet wie er iets doet.,"Schrijf actief, bijvoorbeeld 'wij sturen' of 'u ontvangt'."
0629_paspoort-id-kaart_nooddocument_san-marino.txt,https://www.nederlandwereldwijd.nl/paspoort-id-kaart/nooddocument/san-marino,Nooddocument aanvragen in San Marino | NederlandWereldwijd,24,lange-zin,advies,Ga daarom op zoek naar een fotograaf die bekend is met de eisen aan een pasfoto voor een Nederlands paspoort of ID-kaart...,Ga daarom op zoek naar een fotograaf die bekend is met de eisen aan een pasfoto voor een Nederlands paspoort of ID-kaart...,Zin van 22 woorden; boven de 20 wordt een zin lastig te volgen.,Knip de zin in tweeën.
0629_paspoort-id-kaart_nooddocument_san-marino.txt,https://www.nederlandwereldwijd.nl/paspoort-id-kaart/nooddocument/san-marino,Nooddocument aanvragen in San Marino | NederlandWereldwijd,34,lijdende-vorm,advies,worden aanvragen niet verwerkt,In het weekend is de ambassade gesloten en worden aanvragen niet verwerkt.,Lijdende vorm: de lezer ziet niet wie er iets doet.,"Schrijf actief, bijvoorbeeld 'wij sturen' of 'u ontvangt'."
0629_paspoort-id-kaart_nooddocument_san-marino.txt,https://www.nederlandwereldwijd.nl/paspoort-id-kaart/nooddocument/san-marino,Nooddocument aanvragen in San Marino | NederlandWereldwijd,57,lange-zin,advies,Als u weer thuis bent levert u uw laissez-passer in bij uw gemeente en vraagt u daar een nieuw paspoort of ID-kaart aan.,Als u weer thuis bent levert u uw laissez-passer in bij uw gemeente en vraagt u daar een nieuw paspoort of ID-kaart aan.,Zin van 23 woorden; boven de 20 wordt een zin lastig te volgen.,Knip de zin in tweeën.
0630_paspoort-id-kaart_nooddocument_sao-tome-en-principe.txt,https://www.nederlandwereldwijd.nl/paspoort-id-kaart/nooddocument/sao-tome-en-principe,Nooddocument aanvragen in Sao Tomé en Principe | NederlandWereldwijd,25,lange-zin,advies,Ga daarom op zoek naar een fotograaf die bekend is met de eisen aan een pasfoto' voor een Nederlands paspoort of ID-kaar...,Ga daarom op zoek naar een fotograaf die bekend is met de eisen aan een pasfoto' voor een Nederlands paspoort of ID-kaar...,Zin van 22 woorden; boven de 20 wordt een zin lastig te volgen.,Knip de zin in tweeën.
0630_paspoort-id-kaart_nooddocument_sao-tome-en-principe.txt,https://www.nederlandwereldwijd.nl/paspoort-id-kaart/nooddocument/sao-tome-en-principe,Nooddocument aanvragen in Sao Tomé en Principe | NederlandWereldwijd,35,lijdende-vorm,advies,worden aanvragen niet verwerkt,In het weekend is de ambassade gesloten en worden aanvragen niet verwerkt.,Lijdende vorm: de lezer ziet niet wie er iets doet.,"Schrijf actief, bijvoorbeeld 'wij sturen' of 'u ontvangt'."
0630_paspoort-id-kaart_nooddocument_sao-tome-en-principe.txt,https://www.nederlandwereldwijd.nl/paspoort-id-kaart/nooddocument/sao-tome-en-principe,Nooddocument aanvragen in Sao Tomé en Principe | NederlandWereldwijd,58,lange-zin,advies,Als u weer thuis bent levert u uw laissez-passer in bij uw gemeente en vraagt u daar een nieuw paspoort of ID-kaart aan.,Als u weer thuis bent levert u uw laissez-passer in bij uw gemeente en vraagt u daar een nieuw paspoort of ID-kaart aan.,Zin van 23 woorden; boven de 20 wordt een zin lastig te volgen.,Knip de zin in tweeën.
0631_paspoort-id-kaart_nooddocument_saoedi-arabie.txt,https://www.nederlandwereldwijd.nl/paspoort-id-kaart/nooddocument/saoedi-arabie,Nooddocument aanvragen in Saoedi-Arabië | NederlandWereldwijd,24,lange-zin,advies,Ga daarom op zoek naar een fotograaf die bekend is met de eisen aan een pasfoto voor een Nederlands paspoort of ID-kaart...,Ga daarom op zoek naar een fotograaf die bekend is met de eisen aan een pasfoto voor een Nederlands paspoort of ID-kaart...,Zin van 22 woorden; boven de 20 wordt een zin lastig te volgen.,Knip de zin in tweeën.
0631_paspoort-id-kaart_nooddocument_saoedi-arabie.txt,https://www.nederlandwereldwijd.nl/paspoort-id-kaart/nooddocument/saoedi-arabie,Nooddocument aanvragen in Saoedi-Arabië | NederlandWereldwijd,34,lijdende-vorm,advies,worden aanvragen niet verwerkt,In het weekend is de ambassade gesloten en worden aanvragen niet verwerkt.,Lijdende vorm: de lezer ziet niet wie er iets doet.,"Schrijf actief, bijvoorbeeld 'wij sturen' of 'u ontvangt'."
0631_paspoort-id-kaart_nooddocument_saoedi-arabie.txt,https://www.nederlandwereldwijd.nl/paspoort-id-kaart/nooddocument/saoedi-arabie,Nooddocument aanvragen in Saoedi-Arabië | NederlandWereldwijd,57,lange-zin,advies,Als u weer thuis bent levert u uw laissez-passer in bij uw gemeente en vraagt u daar een nieuw paspoort of ID-kaart aan.,Als u weer thuis bent levert u uw laissez-passer in bij uw gemeente en vraagt u daar een nieuw paspoort of ID-kaart aan.,Zin van 23 woorden; boven de 20 wordt een zin lastig te volgen.,Knip de zin in tweeën.
0632_paspoort-id-kaart_nooddocument_senegal.txt,https://www.nederlandwereldwijd.nl/paspoort-id-kaart/nooddocument/senegal,Nooddocument aanvragen in Senegal | NederlandWereldwijd,24,lange-zin,advies,Ga daarom op zoek naar een fotograaf die bekend is met de eisen aan een pasfoto voor een Nederlands paspoort of ID-kaart...,Ga daarom op zoek naar een fotograaf die bekend is met de eisen aan een pasfoto voor een Nederlands paspoort of ID-kaart...,Zin van 22 woorden; boven de 20 wordt een zin lastig te volgen.,Knip de zin in tweeën.
0632_paspoort-id-kaart_nooddocument_senegal.txt,https://www.nederlandwereldwijd.nl/paspoort-id-kaart/nooddocument/senegal,Nooddocument aanvragen in Senegal | NederlandWereldwijd,34,lijdende-vorm,advies,worden aanvragen niet verwerkt,In het weekend is de ambassade gesloten en worden aanvragen niet verwerkt.,Lijdende vorm: de lezer ziet niet wie er iets doet.,"Schrijf actief, bijvoorbeeld 'wij sturen' of 'u ontvangt'."
0632_paspoort-id-kaart_nooddocument_senegal.txt,https://www.nederlandwereldwijd.nl/paspoort-id-kaart/nooddocument/senegal,Nooddocument aanvragen in Senegal | NederlandWereldwijd,57,lange-zin,advies,Als u weer thuis bent levert u uw laissez-passer in bij uw gemeente en vraagt u daar een nieuw paspoort of ID-kaart aan.,Als u weer thuis bent levert u uw laissez-passer in bij uw gemeente en vraagt u daar een nieuw paspoort of ID-kaart aan.,Zin van 23 woorden; boven de 20 wordt een zin lastig te volgen.,Knip de zin in tweeën.
0633_paspoort-id-kaart_nooddocument_servie.txt,https://www.nederlandwereldwijd.nl/paspoort-id-kaart/nooddocument/servie,Nooddocument aanvragen in Servië | NederlandWereldwijd,24,lange-zin,advies,Ga daarom op zoek naar een fotograaf die bekend is met de eisen aan een pasfoto voor een Nederlands paspoort of ID-kaart...,Ga daarom op zoek naar een fotograaf die bekend is met de eisen aan een pasfoto voor een Nederlands paspoort of ID-kaart...,Zin van 22 woorden; boven de 20 wordt een zin lastig te volgen.,Knip de zin in tweeën.
0633_paspoort-id-kaart_nooddocument_servie.txt,https://www.nederlandwereldwijd.nl/paspoort-id-kaart/nooddocument/servie,Nooddocument aanvragen in Servië | NederlandWereldwijd,34,lijdende-vorm,advies,worden aanvragen niet verwerkt,In het weekend is de ambassade gesloten en worden aanvragen niet verwerkt.,Lijdende vorm: de lezer ziet niet wie er iets doet.,"Schrijf actief, bijvoorbeeld 'wij sturen' of 'u ontvangt'."
0633_paspoort-id-kaart_nooddocument_servie.txt,https://www.nederlandwereldwijd.nl/paspoort-id-kaart/nooddocument/servie,Nooddocument aanvragen in Servië | NederlandWereldwijd,57,lange-zin,advies,Als u weer thuis bent levert u uw laissez-passer in bij uw gemeente en vraagt u daar een nieuw paspoort of ID-kaart aan.,Als u weer thuis bent levert u uw laissez-passer in bij uw gemeente en vraagt u daar een nieuw paspoort of ID-kaart aan.,Zin van 23 woorden; boven de 20 wordt een zin lastig te volgen.,Knip de zin in tweeën.
0634_paspoort-id-kaart_nooddocument_seychellen.txt,https://www.nederlandwereldwijd.nl/paspoort-id-kaart/nooddocument/seychellen,Nooddocument aanvragen op de Seychellen | NederlandWereldwijd,24,lange-zin,advies,Ga daarom op zoek naar een fotograaf die bekend is met de eisen aan een pasfoto voor een Nederlands paspoort of ID-kaart...,Ga daarom op zoek naar een fotograaf die bekend is met de eisen aan een pasfoto voor een Nederlands paspoort of ID-kaart...,Zin van 22 woorden; boven de 20 wordt een zin lastig te volgen.,Knip de zin in tweeën.
0634_paspoort-id-kaart_nooddocument_seychellen.txt,https://www.nederlandwereldwijd.nl/paspoort-id-kaart/nooddocument/seychellen,Nooddocument aanvragen op de Seychellen | NederlandWereldwijd,34,lijdende-vorm,advies,worden aanvragen niet verwerkt,In het weekend is de ambassade gesloten en worden aanvragen niet verwerkt.,Lijdende vorm: de lezer ziet niet wie er iets doet.,"Schrijf actief, bijvoorbeeld 'wij sturen' of 'u ontvangt'."
0634_paspoort-id-kaart_nooddocument_seychellen.txt,https://www.nederlandwereldwijd.nl/paspoort-id-kaart/nooddocument/seychellen,Nooddocument aanvragen op de Seychellen | NederlandWereldwijd,57,lange-zin,advies,Als u weer thuis bent levert u uw laissez-passer in bij uw gemeente en vraagt u daar een nieuw paspoort of ID-kaart aan.,Als u weer thuis bent levert u uw laissez-passer in bij uw gemeente en vraagt u daar een nieuw paspoort of ID-kaart aan.,Zin van 23 woorden; boven de 20 wordt een zin lastig te volgen.,Knip de zin in tweeën.
0635_paspoort-id-kaart_nooddocument_sierra-leone.txt,https://www.nederlandwereldwijd.nl/paspoort-id-kaart/nooddocument/sierra-leone,Nooddocument aanvragen in Sierra Leone | NederlandWereldwijd,24,lange-zin,advies,Ga daarom op zoek naar een fotograaf die bekend is met de eisen aan een pasfoto voor een Nederlands paspoort of ID-kaart...,Ga daarom op zoek naar een fotograaf die bekend is met de eisen aan een pasfoto voor een Nederlands paspoort of ID-kaart...,Zin van 22 woorden; boven de 20 wordt een zin lastig te volgen.,Knip de zin in tweeën.
0635_paspoort-id-kaart_nooddocument_sierra-leone.txt,https://www.nederlandwereldwijd.nl/paspoort-id-kaart/nooddocument/sierra-leone,Nooddocument aanvragen in Sierra Leone | NederlandWereldwijd,34,lijdende-vorm,advies,worden aanvragen niet verwerkt,In het weekend is de ambassade gesloten en worden aanvragen niet verwerkt.,Lijdende vorm: de lezer ziet niet wie er iets doet.,"Schrijf actief, bijvoorbeeld 'wij sturen' of 'u ontvangt'."
0635_paspoort-id-kaart_nooddocument_sierra-leone.txt,https://www.nederlandwereldwijd.nl/paspoort-id-kaart/nooddocument/sierra-leone,Nooddocument aanvragen in Sierra Leone | NederlandWereldwijd,57,lange-zin,advies,Als u weer thuis bent levert u uw laissez-passer in bij uw gemeente en vraagt u daar een nieuw paspoort of ID-kaart aan.,Als u weer thuis bent levert u uw laissez-passer in bij uw gemeente en vraagt u daar een nieuw paspoort of ID-kaart aan.,Zin van 23 woorden; boven de 20 wordt een zin lastig te volgen.,Knip de zin in tweeën.
0636_paspoort-id-kaart_nooddocument_singapore.txt,https://www.nederlandwereldwijd.nl/paspoort-id-kaart/nooddocument/singapore,Nooddocument aanvragen in Singapore | NederlandWereldwijd,24,lange-zin,advies,Ga daarom op zoek naar een fotograaf die bekend is met de eisen aan een pasfoto voor een Nederlands paspoort of ID-kaart...,Ga daarom op zoek naar een fotograaf die bekend is met de eisen aan een pasfoto voor een Nederlands paspoort of ID-kaart...,Zin van 22 woorden; boven de 20 wordt een zin lastig te volgen.,Knip de zin in tweeën.
0636_paspoort-id-kaart_nooddocument_singapore.txt,https://www.nederlandwereldwijd.nl/paspoort-id-kaart/nooddocument/singapore,Nooddocument aanvragen in Singapore | NederlandWereldwijd,34,lijdende-vorm,advies,worden aanvragen niet verwerkt,In het weekend is de ambassade gesloten en worden aanvragen niet verwerkt.,Lijdende vorm: de lezer ziet niet wie er iets doet.,"Schrijf actief, bijvoorbeeld 'wij sturen' of 'u ontvangt'."
0636_paspoort-id-kaart_nooddocument_singapore.txt,https://www.nederlandwereldwijd.nl/paspoort-id-kaart/nooddocument/singapore,Nooddocument aanvragen in Singapore | NederlandWereldwijd,57,lange-zin,advies,Als u weer thuis bent levert u uw laissez-passer in bij uw gemeente en vraagt u daar een nieuw paspoort of ID-kaart aan.,Als u weer thuis bent levert u uw laissez-passer in bij uw gemeente en vraagt u daar een nieuw paspoort of ID-kaart aan.,Zin van 23 woorden; boven de 20 wordt een zin lastig te volgen.,Knip de zin in tweeën.
0637_paspoort-id-kaart_nooddocument_slovenie.txt,https://www.nederlandwereldwijd.nl/paspoort-id-kaart/nooddocument/slovenie,Nooddocument aanvragen in Slovenië | NederlandWereldwijd,7,lange-zin,advies,Vraag aan de maatschappij waarmee u reist of u met een kopie van uw paspoort of ID-kaart en uw ticket kunt reizen.,Vraag aan de maatschappij waarmee u reist of u met een kopie van uw paspoort of ID-kaart en uw ticket kunt reizen.,Zin van 22 woorden; boven de 20 wordt een zin lastig te volgen.,Knip de zin in tweeën.
0637_paspoort-id-kaart_nooddocument_slovenie.txt,https://www.nederlandwereldwijd.nl/paspoort-id-kaart/nooddocument/slovenie,Nooddocument aanvragen in Slovenië | NederlandWereldwijd,28,lange-zin,advies,Ga daarom op zoek naar een fotograaf die bekend is met de eisen aan een pasfoto voor een Nederlands paspoort of ID-kaart...,Ga daarom op zoek naar een fotograaf die bekend is met de eisen aan een pasfoto voor een Nederlands paspoort of ID-kaart...,Zin van 22 woorden; boven de 20 wordt een zin lastig te volgen.,Knip de zin in tweeën.
0637_paspoort-id-kaart_nooddocument_slovenie.txt,https://www.nederlandwereldwijd.nl/paspoort-id-kaart/nooddocument/slovenie,Nooddocument aanvragen in Slovenië | NederlandWereldwijd,38,lijdende-vorm,advies,worden aanvragen niet verwerkt,In het weekend is de ambassade gesloten en worden aanvragen niet verwerkt.,Lijdende vorm: de lezer ziet niet wie er iets doet.,"Schrijf actief, bijvoorbeeld 'wij sturen' of 'u ontvangt'."
0637_paspoort-id-kaart_nooddocument_slovenie.txt,https://www.nederlandwereldwijd.nl/paspoort-id-kaart/nooddocument/slovenie,Nooddocument aanvragen in Slovenië | NederlandWereldwijd,61,lange-zin,advies,Als u weer thuis bent levert u uw laissez-passer in bij uw gemeente en vraagt u daar een nieuw paspoort of ID-kaart aan.,Als u weer thuis bent levert u uw laissez-passer in bij uw gemeente en vraagt u daar een nieuw paspoort of ID-kaart aan.,Zin van 23 woorden; boven de 20 wordt een zin lastig te volgen.,Knip de zin in tweeën.
0638_paspoort-id-kaart_nooddocument_slowakije.txt,https://www.nederlandwereldwijd.nl/paspoort-id-kaart/nooddocument/slowakije,Nooddocument aanvragen in Slowakije | NederlandWereldwijd,7,lange-zin,advies,Vraag aan de maatschappij waarmee u reist of u met een kopie van uw paspoort of ID-kaart en uw ticket kunt reizen.,Vraag aan de maatschappij waarmee u reist of u met een kopie van uw paspoort of ID-kaart en uw ticket kunt reizen.,Zin van 22 woorden; boven de 20 wordt een zin lastig te volgen.,Knip de zin in tweeën.
0638_paspoort-id-kaart_nooddocument_slowakije.txt,https://www.nederlandwereldwijd.nl/paspoort-id-kaart/nooddocument/slowakije,Nooddocument aanvragen in Slowakije | NederlandWereldwijd,28,lange-zin,advies,Ga daarom op zoek naar een fotograaf die bekend is met de eisen aan een pasfoto voor een Nederlands paspoort of ID-kaart...,Ga daarom op zoek naar een fotograaf die bekend is met de eisen aan een pasfoto voor een Nederlands paspoort of ID-kaart...,Zin van 22 woorden; boven de 20 wordt een zin lastig te volgen.,Knip de zin in tweeën.
0638_paspoort-id-kaart_nooddocument_slowakije.txt,https://www.nederlandwereldwijd.nl/paspoort-id-kaart/nooddocument/slowakije,Nooddocument aanvragen in Slowakije | NederlandWereldwijd,38,lijdende-vorm,advies,worden aanvragen niet verwerkt,In het weekend is de ambassade gesloten en worden aanvragen niet verwerkt.,Lijdende vorm: de lezer ziet niet wie er iets doet.,"Schrijf actief, bijvoorbeeld 'wij sturen' of 'u ontvangt'."
0638_paspoort-id-kaart_nooddocument_slowakije.txt,https://www.nederlandwereldwijd.nl/paspoort-id-kaart/nooddocument/slowakije,Nooddocument aanvragen in Slowakije | NederlandWereldwijd,61,lange-zin,advies,Als u weer thuis bent levert u uw laissez-passer in bij uw gemeente en vraagt u daar een nieuw paspoort of ID-kaart aan.,Als u weer thuis bent levert u uw laissez-passer in bij uw gemeente en vraagt u daar een nieuw paspoort of ID-kaart aan.,Zin van 23 woorden; boven de 20 wordt een zin lastig te volgen.,Knip de zin in tweeën.
0639_paspoort-id-kaart_nooddocument_somalie.txt,https://www.nederlandwereldwijd.nl/paspoort-id-kaart/nooddocument/somalie,Nooddocument aanvragen in Somalië | NederlandWereldwijd,24,lange-zin,advies,Ga daarom op zoek naar een fotograaf die bekend is met de eisen aan een pasfoto voor een Nederlands paspoort of ID-kaart...,Ga daarom op zoek naar een fotograaf die bekend is met de eisen aan een pasfoto voor een Nederlands paspoort of ID-kaart...,Zin van 22 woorden; boven de 20 wordt een zin lastig te volgen.,Knip de zin in tweeën.
0639_paspoort-id-kaart_nooddocument_somalie.txt,https://www.nederlandwereldwijd.nl/paspoort-id-kaart/nooddocument/somalie,Nooddocument aanvragen in Somalië | NederlandWereldwijd,34,lijdende-vorm,advies,worden aanvragen niet verwerkt,In het weekend is de ambassade gesloten en worden aanvragen niet verwerkt.,Lijdende vorm: de lezer ziet niet wie er iets doet.,"Schrijf actief, bijvoorbeeld 'wij sturen' of 'u ontvangt'."
0639_paspoort-id-kaart_nooddocument_somalie.txt,https://www.nederlandwereldwijd.nl/paspoort-id-kaart/nooddocument/somalie,Nooddocument aanvragen in Somalië | NederlandWereldwijd,57,lange-zin,advies,Als u weer thuis bent levert u uw laissez-passer in bij uw gemeente en vraagt u daar een nieuw paspoort of ID-kaart aan.,Als u weer thuis bent levert u uw laissez-passer in bij uw gemeente en vraagt u daar een nieuw paspoort of ID-kaart aan.,Zin van 23 woorden; boven de 20 wordt een zin lastig te volgen.,Knip de zin in tweeën.
0640_paspoort-id-kaart_nooddocument_soorten-nooddocumenten.txt,https://www.nederlandwereldwijd.nl/paspoort-id-kaart/nooddocument/soorten-nooddocumenten,Welke nooddocumenten zijn er? | NederlandWereldwijd,6,lijdende-vorm,advies,wordt erin geplakt,De houderpagina wordt met de hand ingevuld door de ambassademedewerker en de foto wordt erin geplakt.,Lijdende vorm: de lezer ziet niet wie er iets doet.,"Schrijf actief, bijvoorbeeld 'wij sturen' of 'u ontvangt'."
0640_paspoort-id-kaart_nooddocument_soorten-nooddocumenten.txt,https://www.nederlandwereldwijd.nl/paspoort-id-kaart/nooddocument/soorten-nooddocumenten,Welke nooddocumenten zijn er? | NederlandWereldwijd,6,lange-zin,advies,"Als u weer in Nederland bent, levert u uw laissez-passer in bij uw gemeente en vraagt u een nieuw paspoort of ID-kaart a...","Als u weer in Nederland bent, levert u uw laissez-passer in bij uw gemeente en vraagt u een nieuw paspoort of ID-kaart a...",Zin van 23 woorden; boven de 20 wordt een zin lastig te volgen.,Knip de zin in tweeën.
0641_paspoort-id-kaart_nooddocument_spanje.txt,https://www.nederlandwereldwijd.nl/paspoort-id-kaart/nooddocument/spanje,Nooddocument aanvragen in Spanje | NederlandWereldwijd,7,lange-zin,advies,Vraag aan de maatschappij waarmee u reist of u met een kopie van uw paspoort of ID-kaart en uw ticket kunt reizen.,Vraag aan de maatschappij waarmee u reist of u met een kopie van uw paspoort of ID-kaart en uw ticket kunt reizen.,Zin van 22 woorden; boven de 20 wordt een zin lastig te volgen.,Knip de zin in tweeën.
0641_paspoort-id-kaart_nooddocument_spanje.txt,https://www.nederlandwereldwijd.nl/paspoort-id-kaart/nooddocument/spanje,Nooddocument aanvragen in Spanje | NederlandWereldwijd,28,lange-zin,advies,Ga daarom op zoek naar een fotograaf die bekend is met de eisen aan een pasfoto voor een Nederlands paspoort of ID-kaart...,Ga daarom op zoek naar een fotograaf die bekend is met de eisen aan een pasfoto voor een Nederlands paspoort of ID-kaart...,Zin van 22 woorden; boven de 20 wordt een zin lastig te volgen.,Knip de zin in tweeën.
0641_paspoort-id-kaart_nooddocument_spanje.txt,https://www.nederlandwereldwijd.nl/paspoort-id-kaart/nooddocument/spanje,Nooddocument aanvragen in Spanje | NederlandWereldwijd,38,lijdende-vorm,advies,worden aanvragen niet verwerkt,In het weekend is de ambassade gesloten en worden aanvragen niet verwerkt.,Lijdende vorm: de lezer ziet niet wie er iets doet.,"Schrijf actief, bijvoorbeeld 'wij sturen' of 'u ontvangt'."
0641_paspoort-id-kaart_nooddocument_spanje.txt,https://www.nederlandwereldwijd.nl/paspoort-id-kaart/nooddocument/spanje,Nooddocument aanvragen in Spanje | NederlandWereldwijd,61,lange-zin,advies,Als u weer thuis bent levert u uw laissez-passer in bij uw gemeente en vraagt u daar een nieuw paspoort of ID-kaart aan.,Als u weer thuis bent levert u uw laissez-passer in bij uw gemeente en vraagt u daar een nieuw paspoort of ID-kaart aan.,Zin van 23 woorden; boven de 20 wordt een zin lastig te volgen.,Knip de zin in tweeën.
0642_paspoort-id-kaart_nooddocument_sri-lanka.txt,https://www.nederlandwereldwijd.nl/paspoort-id-kaart/nooddocument/sri-lanka,Nooddocument aanvragen in Sri Lanka | NederlandWereldwijd,24,lange-zin,advies,Ga daarom op zoek naar een fotograaf die bekend is met de eisen aan een pasfoto voor een Nederlands paspoort of ID-kaart...,Ga daarom op zoek naar een fotograaf die bekend is met de eisen aan een pasfoto voor een Nederlands paspoort of ID-kaart...,Zin van 22 woorden; boven de 20 wordt een zin lastig te volgen.,Knip de zin in tweeën.
0642_paspoort-id-kaart_nooddocument_sri-lanka.txt,https://www.nederlandwereldwijd.nl/paspoort-id-kaart/nooddocument/sri-lanka,Nooddocument aanvragen in Sri Lanka | NederlandWereldwijd,34,lijdende-vorm,advies,worden aanvragen niet verwerkt,In het weekend is de ambassade gesloten en worden aanvragen niet verwerkt.,Lijdende vorm: de lezer ziet niet wie er iets doet.,"Schrijf actief, bijvoorbeeld 'wij sturen' of 'u ontvangt'."
0642_paspoort-id-kaart_nooddocument_sri-lanka.txt,https://www.nederlandwereldwijd.nl/paspoort-id-kaart/nooddocument/sri-lanka,Nooddocument aanvragen in Sri Lanka | NederlandWereldwijd,47,lange-zin,advies,In het overzicht van de consulaire tarieven in Sri Lanka ziet u wat een nooddocument kost en hoe u kunt betalen.,In het overzicht van de consulaire tarieven in Sri Lanka ziet u wat een nooddocument kost en hoe u kunt betalen.,Zin van 21 woorden; boven de 20 wordt een zin lastig te volgen.,Knip de zin in tweeën.
0642_paspoort-id-kaart_nooddocument_sri-lanka.txt,https://www.nederlandwereldwijd.nl/paspoort-id-kaart/nooddocument/sri-lanka,Nooddocument aanvragen in Sri Lanka | NederlandWereldwijd,57,lange-zin,advies,Als u weer thuis bent levert u uw laissez-passer in bij uw gemeente en vraagt u daar een nieuw paspoort of ID-kaart aan.,Als u weer thuis bent levert u uw laissez-passer in bij uw gemeente en vraagt u daar een nieuw paspoort of ID-kaart aan.,Zin van 23 woorden; boven de 20 wordt een zin lastig te volgen.,Knip de zin in tweeën.
0643_paspoort-id-kaart_nooddocument_sudan.txt,https://www.nederlandwereldwijd.nl/paspoort-id-kaart/nooddocument/sudan,Nooddocument aanvragen in Sudan | NederlandWereldwijd,5,lange-zin,advies,Neem dan contact op het het contactcenter van NederlandWereldwijd op telefoonnummer +31 247 247 247 of via WhatsApp: +31...,Neem dan contact op het het contactcenter van NederlandWereldwijd op telefoonnummer +31 247 247 247 of via WhatsApp: +31...,Zin van 22 woorden; boven de 20 wordt een zin lastig te volgen.,Knip de zin in tweeën.
0644_paspoort-id-kaart_nooddocument_suriname.txt,https://www.nederlandwereldwijd.nl/paspoort-id-kaart/nooddocument/suriname,Nooddocument aanvragen in Suriname | NederlandWereldwijd,24,lange-zin,advies,Ga daarom op zoek naar een fotograaf die bekend is met de eisen aan een pasfoto voor een Nederlands paspoort of ID-kaart...,Ga daarom op zoek naar een fotograaf die bekend is met de eisen aan een pasfoto voor een Nederlands paspoort of ID-kaart...,Zin van 22 woorden; boven de 20 wordt een zin lastig te volgen.,Knip de zin in tweeën.
0644_paspoort-id-kaart_nooddocument_suriname.txt,https://www.nederlandwereldwijd.nl/paspoort-id-kaart/nooddocument/suriname,Nooddocument aanvragen in Suriname | NederlandWereldwijd,34,lijdende-vorm,advies,worden aanvragen niet verwerkt,In het weekend is de ambassade gesloten en worden aanvragen niet verwerkt.,Lijdende vorm: de lezer ziet niet wie er iets doet.,"Schrijf actief, bijvoorbeeld 'wij sturen' of 'u ontvangt'."
0644_paspoort-id-kaart_nooddocument_suriname.txt,https://www.nederlandwereldwijd.nl/paspoort-id-kaart/nooddocument/suriname,Nooddocument aanvragen in Suriname | NederlandWereldwijd,57,lange-zin,advies,Als u weer thuis bent levert u uw laissez-passer in bij uw gemeente en vraagt u daar een nieuw paspoort of ID-kaart aan.,Als u weer thuis bent levert u uw laissez-passer in bij uw gemeente en vraagt u daar een nieuw paspoort of ID-kaart aan.,Zin van 23 woorden; boven de 20 wordt een zin lastig te volgen.,Knip de zin in tweeën.
0645_paspoort-id-kaart_nooddocument_syrie.txt,https://www.nederlandwereldwijd.nl/paspoort-id-kaart/nooddocument/syrie,Nooddocument aanvragen in Syrië | NederlandWereldwijd,5,lange-zin,advies,Neem dan contact op het het contactcenter van NederlandWereldwijd op telefoonnummer +31 247 247 247 of via WhatsApp: +31...,Neem dan contact op het het contactcenter van NederlandWereldwijd op telefoonnummer +31 247 247 247 of via WhatsApp: +31...,Zin van 22 woorden; boven de 20 wordt een zin lastig te volgen.,Knip de zin in tweeën.
0646_paspoort-id-kaart_nooddocument_tadzjikistan.txt,https://www.nederlandwereldwijd.nl/paspoort-id-kaart/nooddocument/tadzjikistan,Nooddocument aanvragen in Tadzjikistan | NederlandWereldwijd,24,lange-zin,advies,Ga daarom op zoek naar een fotograaf die bekend is met de eisen aan een pasfoto voor een Nederlands paspoort of ID-kaart...,Ga daarom op zoek naar een fotograaf die bekend is met de eisen aan een pasfoto voor een Nederlands paspoort of ID-kaart...,Zin van 22 woorden; boven de 20 wordt een zin lastig te volgen.,Knip de zin in tweeën.
0646_paspoort-id-kaart_nooddocument_tadzjikistan.txt,https://www.nederlandwereldwijd.nl/paspoort-id-kaart/nooddocument/tadzjikistan,Nooddocument aanvragen in Tadzjikistan | NederlandWereldwijd,34,lijdende-vorm,advies,worden aanvragen niet verwerkt,In het weekend is de ambassade gesloten en worden aanvragen niet verwerkt.,Lijdende vorm: de lezer ziet niet wie er iets doet.,"Schrijf actief, bijvoorbeeld 'wij sturen' of 'u ontvangt'."
0646_paspoort-id-kaart_nooddocument_tadzjikistan.txt,https://www.nederlandwereldwijd.nl/paspoort-id-kaart/nooddocument/tadzjikistan,Nooddocument aanvragen in Tadzjikistan | NederlandWereldwijd,57,lange-zin,advies,Als u weer thuis bent levert u uw laissez-passer in bij uw gemeente en vraagt u daar een nieuw paspoort of ID-kaart aan.,Als u weer thuis bent levert u uw laissez-passer in bij uw gemeente en vraagt u daar een nieuw paspoort of ID-kaart aan.,Zin van 23 woorden; boven de 20 wordt een zin lastig te volgen.,Knip de zin in tweeën.
0647_paspoort-id-kaart_nooddocument_taiwan.txt,https://www.nederlandwereldwijd.nl/paspoort-id-kaart/nooddocument/taiwan,Nooddocument aanvragen in Taiwan | NederlandWereldwijd,24,lange-zin,advies,Ga daarom op zoek naar een fotograaf die bekend is met de eisen aan een pasfoto voor een een Nederlands paspoort of ID-k...,Ga daarom op zoek naar een fotograaf die bekend is met de eisen aan een pasfoto voor een een Nederlands paspoort of ID-k...,Zin van 23 woorden; boven de 20 wordt een zin lastig te volgen.,Knip de zin in tweeën.
0647_paspoort-id-kaart_nooddocument_taiwan.txt,https://www.nederlandwereldwijd.nl/paspoort-id-kaart/nooddocument/taiwan,Nooddocument aanvragen in Taiwan | NederlandWereldwijd,34,lijdende-vorm,advies,worden aanvragen niet verwerkt,In het weekend is the Netherlands Office Taipei gesloten en worden aanvragen niet verwerkt.,Lijdende vorm: de lezer ziet niet wie er iets doet.,"Schrijf actief, bijvoorbeeld 'wij sturen' of 'u ontvangt'."
0647_paspoort-id-kaart_nooddocument_taiwan.txt,https://www.nederlandwereldwijd.nl/paspoort-id-kaart/nooddocument/taiwan,Nooddocument aanvragen in Taiwan | NederlandWereldwijd,34,lange-zin,advies,Dan neemt the Netherlands Office Taipei contact met u op om te bespreken waar en wanneer u het nooddocument kunt aanvrag...,Dan neemt the Netherlands Office Taipei contact met u op om te bespreken waar en wanneer u het nooddocument kunt aanvrag...,Zin van 21 woorden; boven de 20 wordt een zin lastig te volgen.,Knip de zin in tweeën.
0647_paspoort-id-kaart_nooddocument_taiwan.txt,https://www.nederlandwereldwijd.nl/paspoort-id-kaart/nooddocument/taiwan,Nooddocument aanvragen in Taiwan | NederlandWereldwijd,57,lange-zin,advies,Als u weer thuis bent levert u uw laissez-passer in bij uw gemeente en vraagt u daar een nieuw paspoort of ID-kaart aan.,Als u weer thuis bent levert u uw laissez-passer in bij uw gemeente en vraagt u daar een nieuw paspoort of ID-kaart aan.,Zin van 23 woorden; boven de 20 wordt een zin lastig te volgen.,Knip de zin in tweeën.
0648_paspoort-id-kaart_nooddocument_tanzania.txt,https://www.nederlandwereldwijd.nl/paspoort-id-kaart/nooddocument/tanzania,Nooddocument aanvragen in Tanzania | NederlandWereldwijd,24,lange-zin,advies,Ga daarom op zoek naar een fotograaf die bekend is met de eisen aan een pasfoto voor een Nederlands paspoort of ID-kaart...,Ga daarom op zoek naar een fotograaf die bekend is met de eisen aan een pasfoto voor een Nederlands paspoort of ID-kaart...,Zin van 22 woorden; boven de 20 wordt een zin lastig te volgen.,Knip de zin in tweeën.
0648_paspoort-id-kaart_nooddocument_tanzania.txt,https://www.nederlandwereldwijd.nl/paspoort-id-kaart/nooddocument/tanzania,Nooddocument aanvragen in Tanzania | NederlandWereldwijd,34,lijdende-vorm,advies,worden aanvragen niet verwerkt,In het weekend is de ambassade gesloten en worden aanvragen niet verwerkt.,Lijdende vorm: de lezer ziet niet wie er iets doet.,"Schrijf actief, bijvoorbeeld 'wij sturen' of 'u ontvangt'."
0648_paspoort-id-kaart_nooddocument_tanzania.txt,https://www.nederlandwereldwijd.nl/paspoort-id-kaart/nooddocument/tanzania,Nooddocument aanvragen in Tanzania | NederlandWereldwijd,57,lange-zin,advies,Als u weer thuis bent levert u uw laissez-passer in bij uw gemeente en vraagt u daar een nieuw paspoort of ID-kaart aan.,Als u weer thuis bent levert u uw laissez-passer in bij uw gemeente en vraagt u daar een nieuw paspoort of ID-kaart aan.,Zin van 23 woorden; boven de 20 wordt een zin lastig te volgen.,Knip de zin in tweeën.
0649_paspoort-id-kaart_nooddocument_thailand.txt,https://www.nederlandwereldwijd.nl/paspoort-id-kaart/nooddocument/thailand,Nooddocument aanvragen in Thailand | NederlandWereldwijd,24,lange-zin,advies,Ga daarom op zoek naar een fotograaf die bekend is met de eisen aan een pasfoto voor een Nederlands paspoort of ID-kaart...,Ga daarom op zoek naar een fotograaf die bekend is met de eisen aan een pasfoto voor een Nederlands paspoort of ID-kaart...,Zin van 22 woorden; boven de 20 wordt een zin lastig te volgen.,Knip de zin in tweeën.
0649_paspoort-id-kaart_nooddocument_thailand.txt,https://www.nederlandwereldwijd.nl/paspoort-id-kaart/nooddocument/thailand,Nooddocument aanvragen in Thailand | NederlandWereldwijd,34,lijdende-vorm,advies,worden aanvragen niet verwerkt,In het weekend is de ambassade gesloten en worden aanvragen niet verwerkt.,Lijdende vorm: de lezer ziet niet wie er iets doet.,"Schrijf actief, bijvoorbeeld 'wij sturen' of 'u ontvangt'."
0649_paspoort-id-kaart_nooddocument_thailand.txt,https://www.nederlandwereldwijd.nl/paspoort-id-kaart/nooddocument/thailand,Nooddocument aanvragen in Thailand | NederlandWereldwijd,59,lange-zin,advies,Als u weer thuis bent levert u uw laissez-passer in bij uw gemeente en vraagt u daar een nieuw paspoort of ID-kaart aan.,Als u weer thuis bent levert u uw laissez-passer in bij uw gemeente en vraagt u daar een nieuw paspoort of ID-kaart aan.,Zin van 23 woorden; boven de 20 wordt een zin lastig te volgen.,Knip de zin in tweeën.
0650_paspoort-id-kaart_nooddocument_togo.txt,https://www.nederlandwereldwijd.nl/paspoort-id-kaart/nooddocument/togo,Nooddocument aanvragen in Togo | NederlandWereldwijd,24,lange-zin,advies,Ga daarom op zoek naar een fotograaf die bekend is met de eisen aan een pasfoto voor een Nederlands paspoort of ID-kaart...,Ga daarom op zoek naar een fotograaf die bekend is met de eisen aan een pasfoto voor een Nederlands paspoort of ID-kaart...,Zin van 22 woorden; boven de 20 wordt een zin lastig te volgen.,Knip de zin in tweeën.
0650_paspoort-id-kaart_nooddocument_togo.txt,https://www.nederlandwereldwijd.nl/paspoort-id-kaart/nooddocument/togo,Nooddocument aanvragen in Togo | NederlandWereldwijd,34,lijdende-vorm,advies,worden aanvragen niet verwerkt,In het weekend is de ambassade gesloten en worden aanvragen niet verwerkt.,Lijdende vorm: de lezer ziet niet wie er iets doet.,"Schrijf actief, bijvoorbeeld 'wij sturen' of 'u ontvangt'."
0650_paspoort-id-kaart_nooddocument_togo.txt,https://www.nederlandwereldwijd.nl/paspoort-id-kaart/nooddocument/togo,Nooddocument aanvragen in Togo | NederlandWereldwijd,57,lange-zin,advies,Als u weer thuis bent levert u uw laissez-passer in bij uw gemeente en vraagt u daar een nieuw paspoort of ID-kaart aan.,Als u weer thuis bent levert u uw laissez-passer in bij uw gemeente en vraagt u daar een nieuw paspoort of ID-kaart aan.,Zin van 23 woorden; boven de 20 wordt een zin lastig te volgen.,Knip de zin in tweeën.
0651_paspoort-id-kaart_nooddocument_tokelau-eilanden.txt,https://www.nederlandwereldwijd.nl/paspoort-id-kaart/nooddocument/tokelau-eilanden,Nooddocument aanvragen op de Tokelau-eilanden | NederlandWereldwijd,24,lange-zin,advies,Ga daarom op zoek naar een fotograaf die bekend is met de eisen aan een pasfoto voor een Nederlands paspoort of ID-kaart...,Ga daarom op zoek naar een fotograaf die bekend is met de eisen aan een pasfoto voor een Nederlands paspoort of ID-kaart...,Zin van 22 woorden; boven de 20 wordt een zin lastig te volgen.,Knip de zin in tweeën.
0651_paspoort-id-kaart_nooddocument_tokelau-eilanden.txt,https://www.nederlandwereldwijd.nl/paspoort-id-kaart/nooddocument/tokelau-eilanden,Nooddocument aanvragen op de Tokelau-eilanden | NederlandWereldwijd,34,lijdende-vorm,advies,worden aanvragen niet verwerkt,In het weekend is de ambassade gesloten en worden aanvragen niet verwerkt.,Lijdende vorm: de lezer ziet niet wie er iets doet.,"Schrijf actief, bijvoorbeeld 'wij sturen' of 'u ontvangt'."
0651_paspoort-id-kaart_nooddocument_tokelau-eilanden.txt,https://www.nederlandwereldwijd.nl/paspoort-id-kaart/nooddocument/tokelau-eilanden,Nooddocument aanvragen op de Tokelau-eilanden | NederlandWereldwijd,57,lange-zin,advies,Als u weer thuis bent levert u uw laissez-passer in bij uw gemeente en vraagt u daar een nieuw paspoort of ID-kaart aan.,Als u weer thuis bent levert u uw laissez-passer in bij uw gemeente en vraagt u daar een nieuw paspoort of ID-kaart aan.,Zin van 23 woorden; boven de 20 wordt een zin lastig te volgen.,Knip de zin in tweeën.
0652_paspoort-id-kaart_nooddocument_tonga.txt,https://www.nederlandwereldwijd.nl/paspoort-id-kaart/nooddocument/tonga,Nooddocument aanvragen in Tonga | NederlandWereldwijd,24,lange-zin,advies,Ga daarom op zoek naar een fotograaf die bekend is met de eisen aan een pasfoto voor een Nederlands paspoort of ID-kaart...,Ga daarom op zoek naar een fotograaf die bekend is met de eisen aan een pasfoto voor een Nederlands paspoort of ID-kaart...,Zin van 22 woorden; boven de 20 wordt een zin lastig te volgen.,Knip de zin in tweeën.
0652_paspoort-id-kaart_nooddocument_tonga.txt,https://www.nederlandwereldwijd.nl/paspoort-id-kaart/nooddocument/tonga,Nooddocument aanvragen in Tonga | NederlandWereldwijd,34,lijdende-vorm,advies,worden aanvragen niet verwerkt,In het weekend is de ambassade gesloten en worden aanvragen niet verwerkt.,Lijdende vorm: de lezer ziet niet wie er iets doet.,"Schrijf actief, bijvoorbeeld 'wij sturen' of 'u ontvangt'."
0652_paspoort-id-kaart_nooddocument_tonga.txt,https://www.nederlandwereldwijd.nl/paspoort-id-kaart/nooddocument/tonga,Nooddocument aanvragen in Tonga | NederlandWereldwijd,57,lange-zin,advies,Als u weer thuis bent levert u uw laissez-passer in bij uw gemeente en vraagt u daar een nieuw paspoort of ID-kaart aan.,Als u weer thuis bent levert u uw laissez-passer in bij uw gemeente en vraagt u daar een nieuw paspoort of ID-kaart aan.,Zin van 23 woorden; boven de 20 wordt een zin lastig te volgen.,Knip de zin in tweeën.
0653_paspoort-id-kaart_nooddocument_trinidad-en-tobago.txt,https://www.nederlandwereldwijd.nl/paspoort-id-kaart/nooddocument/trinidad-en-tobago,Nooddocument aanvragen in Trinidad en Tobago | NederlandWereldwijd,24,lange-zin,advies,Ga daarom op zoek naar een fotograaf die bekend is met de eisen aan een pasfoto voor een Nederlands paspoort of ID-kaart...,Ga daarom op zoek naar een fotograaf die bekend is met de eisen aan een pasfoto voor een Nederlands paspoort of ID-kaart...,Zin van 22 woorden; boven de 20 wordt een zin lastig te volgen.,Knip de zin in tweeën.
0653_paspoort-id-kaart_nooddocument_trinidad-en-tobago.txt,https://www.nederlandwereldwijd.nl/paspoort-id-kaart/nooddocument/trinidad-en-tobago,Nooddocument aanvragen in Trinidad en Tobago | NederlandWereldwijd,33,lijdende-vorm,advies,worden aanvragen niet verwerkt,In het weekend is de ambassade gesloten en worden aanvragen niet verwerkt.,Lijdende vorm: de lezer ziet niet wie er iets doet.,"Schrijf actief, bijvoorbeeld 'wij sturen' of 'u ontvangt'."
0653_paspoort-id-kaart_nooddocument_trinidad-en-tobago.txt,https://www.nederlandwereldwijd.nl/paspoort-id-kaart/nooddocument/trinidad-en-tobago,Nooddocument aanvragen in Trinidad en Tobago | NederlandWereldwijd,46,lange-zin,advies,In het overzicht van de consulaire tarieven in Trinidad en Tobago ziet u wat een nooddocument kost en hoe u kunt betalen...,In het overzicht van de consulaire tarieven in Trinidad en Tobago ziet u wat een nooddocument kost en hoe u kunt betalen...,Zin van 22 woorden; boven de 20 wordt een zin lastig te volgen.,Knip de zin in tweeën.
0653_paspoort-id-kaart_nooddocument_trinidad-en-tobago.txt,https://www.nederlandwereldwijd.nl/paspoort-id-kaart/nooddocument/trinidad-en-tobago,Nooddocument aanvragen in Trinidad en Tobago | NederlandWereldwijd,56,lange-zin,advies,Als u weer thuis bent levert u uw laissez-passer in bij uw gemeente en vraagt u daar een nieuw paspoort of ID-kaart aan.,Als u weer thuis bent levert u uw laissez-passer in bij uw gemeente en vraagt u daar een nieuw paspoort of ID-kaart aan.,Zin van 23 woorden; boven de 20 wordt een zin lastig te volgen.,Knip de zin in tweeën.
0654_paspoort-id-kaart_nooddocument_tsjaad.txt,https://www.nederlandwereldwijd.nl/paspoort-id-kaart/nooddocument/tsjaad,Nooddocument aanvragen in Tsjaad | NederlandWereldwijd,24,lange-zin,advies,Ga daarom op zoek naar een fotograaf die bekend is met de eisen aan een pasfoto voor een Nederlands paspoort of ID-kaart...,Ga daarom op zoek naar een fotograaf die bekend is met de eisen aan een pasfoto voor een Nederlands paspoort of ID-kaart...,Zin van 22 woorden; boven de 20 wordt een zin lastig te volgen.,Knip de zin in tweeën.
0654_paspoort-id-kaart_nooddocument_tsjaad.txt,https://www.nederlandwereldwijd.nl/paspoort-id-kaart/nooddocument/tsjaad,Nooddocument aanvragen in Tsjaad | NederlandWereldwijd,34,lijdende-vorm,advies,worden aanvragen niet verwerkt,In het weekend is het ambassadekantoor gesloten en worden aanvragen niet verwerkt.,Lijdende vorm: de lezer ziet niet wie er iets doet.,"Schrijf actief, bijvoorbeeld 'wij sturen' of 'u ontvangt'."
0654_paspoort-id-kaart_nooddocument_tsjaad.txt,https://www.nederlandwereldwijd.nl/paspoort-id-kaart/nooddocument/tsjaad,Nooddocument aanvragen in Tsjaad | NederlandWereldwijd,57,lange-zin,advies,Als u weer thuis bent levert u uw laissez-passer in bij uw gemeente en vraagt u daar een nieuw paspoort of ID-kaart aan.,Als u weer thuis bent levert u uw laissez-passer in bij uw gemeente en vraagt u daar een nieuw paspoort of ID-kaart aan.,Zin van 23 woorden; boven de 20 wordt een zin lastig te volgen.,Knip de zin in tweeën.
0655_paspoort-id-kaart_nooddocument_tsjechie.txt,https://www.nederlandwereldwijd.nl/paspoort-id-kaart/nooddocument/tsjechie,Nooddocument aanvragen in Tsjechië | NederlandWereldwijd,7,lange-zin,advies,Vraag aan de maatschappij waarmee u reist of u met een kopie van uw paspoort of ID-kaart en uw ticket kunt reizen.,Vraag aan de maatschappij waarmee u reist of u met een kopie van uw paspoort of ID-kaart en uw ticket kunt reizen.,Zin van 22 woorden; boven de 20 wordt een zin lastig te volgen.,Knip de zin in tweeën.
0655_paspoort-id-kaart_nooddocument_tsjechie.txt,https://www.nederlandwereldwijd.nl/paspoort-id-kaart/nooddocument/tsjechie,Nooddocument aanvragen in Tsjechië | NederlandWereldwijd,28,lange-zin,advies,Ga daarom op zoek naar een fotograaf die bekend is met de eisen aan een pasfoto voor een Nederlands paspoort of ID-kaart...,Ga daarom op zoek naar een fotograaf die bekend is met de eisen aan een pasfoto voor een Nederlands paspoort of ID-kaart...,Zin van 22 woorden; boven de 20 wordt een zin lastig te volgen.,Knip de zin in tweeën.
0655_paspoort-id-kaart_nooddocument_tsjechie.txt,https://www.nederlandwereldwijd.nl/paspoort-id-kaart/nooddocument/tsjechie,Nooddocument aanvragen in Tsjechië | NederlandWereldwijd,38,lijdende-vorm,advies,worden aanvragen niet verwerkt,In het weekend is de ambassade gesloten en worden aanvragen niet verwerkt.,Lijdende vorm: de lezer ziet niet wie er iets doet.,"Schrijf actief, bijvoorbeeld 'wij sturen' of 'u ontvangt'."
0655_paspoort-id-kaart_nooddocument_tsjechie.txt,https://www.nederlandwereldwijd.nl/paspoort-id-kaart/nooddocument/tsjechie,Nooddocument aanvragen in Tsjechië | NederlandWereldwijd,61,lange-zin,advies,Als u weer thuis bent levert u uw laissez-passer in bij uw gemeente en vraagt u daar een nieuw paspoort of ID-kaart aan.,Als u weer thuis bent levert u uw laissez-passer in bij uw gemeente en vraagt u daar een nieuw paspoort of ID-kaart aan.,Zin van 23 woorden; boven de 20 wordt een zin lastig te volgen.,Knip de zin in tweeën.
0656_paspoort-id-kaart_nooddocument_tunesie.txt,https://www.nederlandwereldwijd.nl/paspoort-id-kaart/nooddocument/tunesie,Nooddocument aanvragen in Tunesië | NederlandWereldwijd,25,lange-zin,advies,Ga daarom op zoek naar een fotograaf die bekend is met de eisen aan een pasfoto voor een Nederlands paspoort of ID-kaart...,Ga daarom op zoek naar een fotograaf die bekend is met de eisen aan een pasfoto voor een Nederlands paspoort of ID-kaart...,Zin van 22 woorden; boven de 20 wordt een zin lastig te volgen.,Knip de zin in tweeën.
0656_paspoort-id-kaart_nooddocument_tunesie.txt,https://www.nederlandwereldwijd.nl/paspoort-id-kaart/nooddocument/tunesie,Nooddocument aanvragen in Tunesië | NederlandWereldwijd,35,lijdende-vorm,advies,worden aanvragen niet verwerkt,In het weekend is de ambassade gesloten en worden aanvragen niet verwerkt.,Lijdende vorm: de lezer ziet niet wie er iets doet.,"Schrijf actief, bijvoorbeeld 'wij sturen' of 'u ontvangt'."
0656_paspoort-id-kaart_nooddocument_tunesie.txt,https://www.nederlandwereldwijd.nl/paspoort-id-kaart/nooddocument/tunesie,Nooddocument aanvragen in Tunesië | NederlandWereldwijd,58,lange-zin,advies,Als u weer thuis bent levert u uw laissez-passer in bij uw gemeente en vraagt u daar een nieuw paspoort of ID-kaart aan.,Als u weer thuis bent levert u uw laissez-passer in bij uw gemeente en vraagt u daar een nieuw paspoort of ID-kaart aan.,Zin van 23 woorden; boven de 20 wordt een zin lastig te volgen.,Knip de zin in tweeën.
0657_paspoort-id-kaart_nooddocument_turkije.txt,https://www.nederlandwereldwijd.nl/paspoort-id-kaart/nooddocument/turkije,Nooddocument aanvragen in Turkije | NederlandWereldwijd,24,lange-zin,advies,Ga daarom op zoek naar een fotograaf die bekend is met de eisen aan een pasfoto voor een Nederlands paspoort of ID-kaart...,Ga daarom op zoek naar een fotograaf die bekend is met de eisen aan een pasfoto voor een Nederlands paspoort of ID-kaart...,Zin van 22 woorden; boven de 20 wordt een zin lastig te volgen.,Knip de zin in tweeën.
0657_paspoort-id-kaart_nooddocument_turkije.txt,https://www.nederlandwereldwijd.nl/paspoort-id-kaart/nooddocument/turkije,Nooddocument aanvragen in Turkije | NederlandWereldwijd,36,lijdende-vorm,advies,worden aanvragen niet verwerkt,In het weekend zijn de ambassade en het consulaat-generaal gesloten en worden aanvragen niet verwerkt.,Lijdende vorm: de lezer ziet niet wie er iets doet.,"Schrijf actief, bijvoorbeeld 'wij sturen' of 'u ontvangt'."
0657_paspoort-id-kaart_nooddocument_turkije.txt,https://www.nederlandwereldwijd.nl/paspoort-id-kaart/nooddocument/turkije,Nooddocument aanvragen in Turkije | NederlandWereldwijd,36,lange-zin,advies,Dan neemt de ambassade of het consulaat-generaal contact met u op om te bespreken waar en wanneer u het nooddocument kun...,Dan neemt de ambassade of het consulaat-generaal contact met u op om te bespreken waar en wanneer u het nooddocument kun...,Zin van 22 woorden; boven de 20 wordt een zin lastig te volgen.,Knip de zin in tweeën.
0657_paspoort-id-kaart_nooddocument_turkije.txt,https://www.nederlandwereldwijd.nl/paspoort-id-kaart/nooddocument/turkije,Nooddocument aanvragen in Turkije | NederlandWereldwijd,61,lange-zin,advies,Als u weer thuis bent levert u uw laissez-passer in bij uw gemeente en vraagt u daar een nieuw paspoort of ID-kaart aan.,Als u weer thuis bent levert u uw laissez-passer in bij uw gemeente en vraagt u daar een nieuw paspoort of ID-kaart aan.,Zin van 23 woorden; boven de 20 wordt een zin lastig te volgen.,Knip de zin in tweeën.
0658_paspoort-id-kaart_nooddocument_turkmenistan.txt,https://www.nederlandwereldwijd.nl/paspoort-id-kaart/nooddocument/turkmenistan,Nooddocument aanvragen in Turkmenistan | NederlandWereldwijd,34,lijdende-vorm,advies,worden aanvragen niet verwerkt,In het weekend is de ambassade gesloten en worden aanvragen niet verwerkt.,Lijdende vorm: de lezer ziet niet wie er iets doet.,"Schrijf actief, bijvoorbeeld 'wij sturen' of 'u ontvangt'."
0658_paspoort-id-kaart_nooddocument_turkmenistan.txt,https://www.nederlandwereldwijd.nl/paspoort-id-kaart/nooddocument/turkmenistan,Nooddocument aanvragen in Turkmenistan | NederlandWereldwijd,58,lange-zin,advies,Als u weer thuis bent levert u uw laissez-passer in bij uw gemeente en vraagt u daar een nieuw paspoort of ID-kaart aan.,Als u weer thuis bent levert u uw laissez-passer in bij uw gemeente en vraagt u daar een nieuw paspoort of ID-kaart aan.,Zin van 23 woorden; boven de 20 wordt een zin lastig te volgen.,Knip de zin in tweeën.
0659_paspoort-id-kaart_nooddocument_turks-en-caicoseilanden.txt,https://www.nederlandwereldwijd.nl/paspoort-id-kaart/nooddocument/turks-en-caicoseilanden,Nooddocument aanvragen op de Turks- en Caicoseilanden | NederlandWereldwijd,24,lange-zin,advies,Ga daarom op zoek naar een fotograaf die bekend is met de eisen aan een pasfoto voor een Nederlands paspoort of ID-kaart...,Ga daarom op zoek naar een fotograaf die bekend is met de eisen aan een pasfoto voor een Nederlands paspoort of ID-kaart...,Zin van 22 woorden; boven de 20 wordt een zin lastig te volgen.,Knip de zin in tweeën.
0659_paspoort-id-kaart_nooddocument_turks-en-caicoseilanden.txt,https://www.nederlandwereldwijd.nl/paspoort-id-kaart/nooddocument/turks-en-caicoseilanden,Nooddocument aanvragen op de Turks- en Caicoseilanden | NederlandWereldwijd,34,lijdende-vorm,advies,worden aanvragen niet verwerkt,In het weekend is het consulaat-generaal gesloten en worden aanvragen niet verwerkt.,Lijdende vorm: de lezer ziet niet wie er iets doet.,"Schrijf actief, bijvoorbeeld 'wij sturen' of 'u ontvangt'."
0659_paspoort-id-kaart_nooddocument_turks-en-caicoseilanden.txt,https://www.nederlandwereldwijd.nl/paspoort-id-kaart/nooddocument/turks-en-caicoseilanden,Nooddocument aanvragen op de Turks- en Caicoseilanden | NederlandWereldwijd,47,lange-zin,advies,In het overzicht van de consulaire tarieven in de Verenigde Staten van Amerika ziet u wat een nooddocument kost en hoe u...,In het overzicht van de consulaire tarieven in de Verenigde Staten van Amerika ziet u wat een nooddocument kost en hoe u...,Zin van 24 woorden; boven de 20 wordt een zin lastig te volgen.,Knip de zin in tweeën.
0659_paspoort-id-kaart_nooddocument_turks-en-caicoseilanden.txt,https://www.nederlandwereldwijd.nl/paspoort-id-kaart/nooddocument/turks-en-caicoseilanden,Nooddocument aanvragen op de Turks- en Caicoseilanden | NederlandWereldwijd,57,lange-zin,advies,Als u weer thuis bent levert u uw laissez-passer in bij uw gemeente en vraagt u daar een nieuw paspoort of ID-kaart aan.,Als u weer thuis bent levert u uw laissez-passer in bij uw gemeente en vraagt u daar een nieuw paspoort of ID-kaart aan.,Zin van 23 woorden; boven de 20 wordt een zin lastig te volgen.,Knip de zin in tweeën.
0660_paspoort-id-kaart_nooddocument_tuvalu.txt,https://www.nederlandwereldwijd.nl/paspoort-id-kaart/nooddocument/tuvalu,Nooddocument aanvragen in Tuvalu | NederlandWereldwijd,24,lange-zin,advies,Ga daarom op zoek naar een fotograaf die bekend is met de eisen aan een pasfoto voor een Nederlands paspoort of ID-kaart...,Ga daarom op zoek naar een fotograaf die bekend is met de eisen aan een pasfoto voor een Nederlands paspoort of ID-kaart...,Zin van 22 woorden; boven de 20 wordt een zin lastig te volgen.,Knip de zin in tweeën.
0660_paspoort-id-kaart_nooddocument_tuvalu.txt,https://www.nederlandwereldwijd.nl/paspoort-id-kaart/nooddocument/tuvalu,Nooddocument aanvragen in Tuvalu | NederlandWereldwijd,34,lijdende-vorm,advies,worden aanvragen niet verwerkt,In het weekend is de ambassade gesloten en worden aanvragen niet verwerkt.,Lijdende vorm: de lezer ziet niet wie er iets doet.,"Schrijf actief, bijvoorbeeld 'wij sturen' of 'u ontvangt'."
0660_paspoort-id-kaart_nooddocument_tuvalu.txt,https://www.nederlandwereldwijd.nl/paspoort-id-kaart/nooddocument/tuvalu,Nooddocument aanvragen in Tuvalu | NederlandWereldwijd,57,lange-zin,advies,Als u weer thuis bent levert u uw laissez-passer in bij uw gemeente en vraagt u daar een nieuw paspoort of ID-kaart aan.,Als u weer thuis bent levert u uw laissez-passer in bij uw gemeente en vraagt u daar een nieuw paspoort of ID-kaart aan.,Zin van 23 woorden; boven de 20 wordt een zin lastig te volgen.,Knip de zin in tweeën.
0661_paspoort-id-kaart_nooddocument_uganda.txt,https://www.nederlandwereldwijd.nl/paspoort-id-kaart/nooddocument/uganda,Nooddocument aanvragen in Uganda | NederlandWereldwijd,24,lange-zin,advies,Ga daarom op zoek naar een fotograaf die bekend is met de eisen aan een pasfoto voor een Nederlands paspoort of ID-kaart...,Ga daarom op zoek naar een fotograaf die bekend is met de eisen aan een pasfoto voor een Nederlands paspoort of ID-kaart...,Zin van 22 woorden; boven de 20 wordt een zin lastig te volgen.,Knip de zin in tweeën.
0661_paspoort-id-kaart_nooddocument_uganda.txt,https://www.nederlandwereldwijd.nl/paspoort-id-kaart/nooddocument/uganda,Nooddocument aanvragen in Uganda | NederlandWereldwijd,34,lijdende-vorm,advies,worden aanvragen niet verwerkt,In het weekend is de ambassade gesloten en worden aanvragen niet verwerkt.,Lijdende vorm: de lezer ziet niet wie er iets doet.,"Schrijf actief, bijvoorbeeld 'wij sturen' of 'u ontvangt'."
0661_paspoort-id-kaart_nooddocument_uganda.txt,https://www.nederlandwereldwijd.nl/paspoort-id-kaart/nooddocument/uganda,Nooddocument aanvragen in Uganda | NederlandWereldwijd,57,lange-zin,advies,Als u weer thuis bent levert u uw laissez-passer in bij uw gemeente en vraagt u daar een nieuw paspoort of ID-kaart aan.,Als u weer thuis bent levert u uw laissez-passer in bij uw gemeente en vraagt u daar een nieuw paspoort of ID-kaart aan.,Zin van 23 woorden; boven de 20 wordt een zin lastig te volgen.,Knip de zin in tweeën.
0662_paspoort-id-kaart_nooddocument_uruguay.txt,https://www.nederlandwereldwijd.nl/paspoort-id-kaart/nooddocument/uruguay,Nooddocument aanvragen in Uruguay | NederlandWereldwijd,24,lange-zin,advies,Ga daarom op zoek naar een fotograaf die bekend is met de eisen aan een pasfoto voor een Nederlands paspoort of ID-kaart...,Ga daarom op zoek naar een fotograaf die bekend is met de eisen aan een pasfoto voor een Nederlands paspoort of ID-kaart...,Zin van 22 woorden; boven de 20 wordt een zin lastig te volgen.,Knip de zin in tweeën.
0662_paspoort-id-kaart_nooddocument_uruguay.txt,https://www.nederlandwereldwijd.nl/paspoort-id-kaart/nooddocument/uruguay,Nooddocument aanvragen in Uruguay | NederlandWereldwijd,34,lijdende-vorm,advies,worden aanvragen niet verwerkt,In het weekend is de ambassade gesloten en worden aanvragen niet verwerkt.,Lijdende vorm: de lezer ziet niet wie er iets doet.,"Schrijf actief, bijvoorbeeld 'wij sturen' of 'u ontvangt'."
0662_paspoort-id-kaart_nooddocument_uruguay.txt,https://www.nederlandwereldwijd.nl/paspoort-id-kaart/nooddocument/uruguay,Nooddocument aanvragen in Uruguay | NederlandWereldwijd,57,lange-zin,advies,Als u weer thuis bent levert u uw laissez-passer in bij uw gemeente en vraagt u daar een nieuw paspoort of ID-kaart aan.,Als u weer thuis bent levert u uw laissez-passer in bij uw gemeente en vraagt u daar een nieuw paspoort of ID-kaart aan.,Zin van 23 woorden; boven de 20 wordt een zin lastig te volgen.,Knip de zin in tweeën.
0663_paspoort-id-kaart_nooddocument_vanuatu.txt,https://www.nederlandwereldwijd.nl/paspoort-id-kaart/nooddocument/vanuatu,Nooddocument aanvragen in Vanuatu | NederlandWereldwijd,1,lange-zin,advies,"Als u weer in Nederland bent, vraagt u een nieuw paspoort of ID-kaart aan bij uw gemeente.Volg de stappen om een nooddoc...","Als u weer in Nederland bent, vraagt u een nieuw paspoort of ID-kaart aan bij uw gemeente.Volg de stappen om een nooddoc...",Zin van 25 woorden; boven de 20 wordt een zin lastig te volgen.,Knip de zin in tweeën.
0663_paspoort-id-kaart_nooddocument_vanuatu.txt,https://www.nederlandwereldwijd.nl/paspoort-id-kaart/nooddocument/vanuatu,Nooddocument aanvragen in Vanuatu | NederlandWereldwijd,25,lange-zin,advies,Ga daarom op zoek naar een fotograaf die bekend is met de eisen aan een pasfoto voor een Nederlands paspoort of ID-kaart...,Ga daarom op zoek naar een fotograaf die bekend is met de eisen aan een pasfoto voor een Nederlands paspoort of ID-kaart...,Zin van 22 woorden; boven de 20 wordt een zin lastig te volgen.,Knip de zin in tweeën.
0663_paspoort-id-kaart_nooddocument_vanuatu.txt,https://www.nederlandwereldwijd.nl/paspoort-id-kaart/nooddocument/vanuatu,Nooddocument aanvragen in Vanuatu | NederlandWereldwijd,35,lijdende-vorm,advies,worden aanvragen niet verwerkt,In het weekend is de ambassade gesloten en worden aanvragen niet verwerkt.,Lijdende vorm: de lezer ziet niet wie er iets doet.,"Schrijf actief, bijvoorbeeld 'wij sturen' of 'u ontvangt'."
0663_paspoort-id-kaart_nooddocument_vanuatu.txt,https://www.nederlandwereldwijd.nl/paspoort-id-kaart/nooddocument/vanuatu,Nooddocument aanvragen in Vanuatu | NederlandWereldwijd,58,lange-zin,advies,Als u weer thuis bent levert u uw laissez-passer in bij uw gemeente en vraagt u daar een nieuw paspoort of ID-kaart aan.,Als u weer thuis bent levert u uw laissez-passer in bij uw gemeente en vraagt u daar een nieuw paspoort of ID-kaart aan.,Zin van 23 woorden; boven de 20 wordt een zin lastig te volgen.,Knip de zin in tweeën.
0664_paspoort-id-kaart_nooddocument_venezuela.txt,https://www.nederlandwereldwijd.nl/paspoort-id-kaart/nooddocument/venezuela,Nooddocument aanvragen in Venezuela | NederlandWereldwijd,24,lange-zin,advies,Ga daarom op zoek naar een fotograaf die bekend is met de eisen aan een pasfoto voor een Nederlands paspoort of ID-kaart...,Ga daarom op zoek naar een fotograaf die bekend is met de eisen aan een pasfoto voor een Nederlands paspoort of ID-kaart...,Zin van 22 woorden; boven de 20 wordt een zin lastig te volgen.,Knip de zin in tweeën.
0664_paspoort-id-kaart_nooddocument_venezuela.txt,https://www.nederlandwereldwijd.nl/paspoort-id-kaart/nooddocument/venezuela,Nooddocument aanvragen in Venezuela | NederlandWereldwijd,34,lijdende-vorm,advies,worden aanvragen niet verwerkt,In het weekend is de ambassade gesloten en worden aanvragen niet verwerkt.,Lijdende vorm: de lezer ziet niet wie er iets doet.,"Schrijf actief, bijvoorbeeld 'wij sturen' of 'u ontvangt'."
0664_paspoort-id-kaart_nooddocument_venezuela.txt,https://www.nederlandwereldwijd.nl/paspoort-id-kaart/nooddocument/venezuela,Nooddocument aanvragen in Venezuela | NederlandWereldwijd,57,lange-zin,advies,Als u weer thuis bent levert u uw laissez-passer in bij uw gemeente en vraagt u daar een nieuw paspoort of ID-kaart aan.,Als u weer thuis bent levert u uw laissez-passer in bij uw gemeente en vraagt u daar een nieuw paspoort of ID-kaart aan.,Zin van 23 woorden; boven de 20 wordt een zin lastig te volgen.,Knip de zin in tweeën.
0665_paspoort-id-kaart_nooddocument_verenigd-koninkrijk.txt,https://www.nederlandwereldwijd.nl/paspoort-id-kaart/nooddocument/verenigd-koninkrijk,Nooddocument aanvragen in het Verenigd Koninkrijk | NederlandWereldwijd,7,lange-zin,advies,Vraag aan de maatschappij waarmee u reist of u met een kopie van uw paspoort of ID-kaart en uw ticket kunt reizen.,Vraag aan de maatschappij waarmee u reist of u met een kopie van uw paspoort of ID-kaart en uw ticket kunt reizen.,Zin van 22 woorden; boven de 20 wordt een zin lastig te volgen.,Knip de zin in tweeën.
0665_paspoort-id-kaart_nooddocument_verenigd-koninkrijk.txt,https://www.nederlandwereldwijd.nl/paspoort-id-kaart/nooddocument/verenigd-koninkrijk,Nooddocument aanvragen in het Verenigd Koninkrijk | NederlandWereldwijd,28,lange-zin,advies,Ga daarom op zoek naar een fotograaf die bekend is met de eisen aan een pasfoto voor een Nederlands paspoort of ID-kaart...,Ga daarom op zoek naar een fotograaf die bekend is met de eisen aan een pasfoto voor een Nederlands paspoort of ID-kaart...,Zin van 22 woorden; boven de 20 wordt een zin lastig te volgen.,Knip de zin in tweeën.
0665_paspoort-id-kaart_nooddocument_verenigd-koninkrijk.txt,https://www.nederlandwereldwijd.nl/paspoort-id-kaart/nooddocument/verenigd-koninkrijk,Nooddocument aanvragen in het Verenigd Koninkrijk | NederlandWereldwijd,38,lijdende-vorm,advies,worden aanvragen niet verwerkt,In het weekend is de ambassade gesloten en worden aanvragen niet verwerkt.,Lijdende vorm: de lezer ziet niet wie er iets doet.,"Schrijf actief, bijvoorbeeld 'wij sturen' of 'u ontvangt'."
0665_paspoort-id-kaart_nooddocument_verenigd-koninkrijk.txt,https://www.nederlandwereldwijd.nl/paspoort-id-kaart/nooddocument/verenigd-koninkrijk,Nooddocument aanvragen in het Verenigd Koninkrijk | NederlandWereldwijd,51,lange-zin,advies,In het overzicht van de consulaire tarieven in het Verenigd Koninkrijk ziet u wat een nooddocument kost en hoe u kunt be...,In het overzicht van de consulaire tarieven in het Verenigd Koninkrijk ziet u wat een nooddocument kost en hoe u kunt be...,Zin van 22 woorden; boven de 20 wordt een zin lastig te volgen.,Knip de zin in tweeën.
0665_paspoort-id-kaart_nooddocument_verenigd-koninkrijk.txt,https://www.nederlandwereldwijd.nl/paspoort-id-kaart/nooddocument/verenigd-koninkrijk,Nooddocument aanvragen in het Verenigd Koninkrijk | NederlandWereldwijd,61,lange-zin,advies,Als u weer thuis bent levert u uw laissez-passer in bij uw gemeente en vraagt u daar een nieuw paspoort of ID-kaart aan.,Als u weer thuis bent levert u uw laissez-passer in bij uw gemeente en vraagt u daar een nieuw paspoort of ID-kaart aan.,Zin van 23 woorden; boven de 20 wordt een zin lastig te volgen.,Knip de zin in tweeën.
0666_paspoort-id-kaart_nooddocument_verenigde-arabische-emiraten.txt,https://www.nederlandwereldwijd.nl/paspoort-id-kaart/nooddocument/verenigde-arabische-emiraten,Nooddocument aanvragen in de Verenigde Arabische Emiraten (VAE) | NederlandWereldwijd,24,lange-zin,advies,Ga daarom op zoek naar een fotograaf die bekend is met de eisen aan een pasfoto voor een Nederlands paspoort of ID-kaart...,Ga daarom op zoek naar een fotograaf die bekend is met de eisen aan een pasfoto voor een Nederlands paspoort of ID-kaart...,Zin van 22 woorden; boven de 20 wordt een zin lastig te volgen.,Knip de zin in tweeën.
0666_paspoort-id-kaart_nooddocument_verenigde-arabische-emiraten.txt,https://www.nederlandwereldwijd.nl/paspoort-id-kaart/nooddocument/verenigde-arabische-emiraten,Nooddocument aanvragen in de Verenigde Arabische Emiraten (VAE) | NederlandWereldwijd,34,lijdende-vorm,advies,worden aanvragen niet verwerkt,In het weekend is het consulaat-generaal gesloten en worden aanvragen niet verwerkt.,Lijdende vorm: de lezer ziet niet wie er iets doet.,"Schrijf actief, bijvoorbeeld 'wij sturen' of 'u ontvangt'."
0666_paspoort-id-kaart_nooddocument_verenigde-arabische-emiraten.txt,https://www.nederlandwereldwijd.nl/paspoort-id-kaart/nooddocument/verenigde-arabische-emiraten,Nooddocument aanvragen in de Verenigde Arabische Emiraten (VAE) | NederlandWereldwijd,47,lange-zin,advies,In het overzicht van de consulaire tarieven in de Verenigde Arabische Emiraten ziet u wat een nooddocument kost en hoe u...,In het overzicht van de consulaire tarieven in de Verenigde Arabische Emiraten ziet u wat een nooddocument kost en hoe u...,Zin van 23 woorden; boven de 20 wordt een zin lastig te volgen.,Knip de zin in tweeën.
0666_paspoort-id-kaart_nooddocument_verenigde-arabische-emiraten.txt,https://www.nederlandwereldwijd.nl/paspoort-id-kaart/nooddocument/verenigde-arabische-emiraten,Nooddocument aanvragen in de Verenigde Arabische Emiraten (VAE) | NederlandWereldwijd,57,lange-zin,advies,Als u weer thuis bent levert u uw laissez-passer in bij uw gemeente en vraagt u daar een nieuw paspoort of ID-kaart aan.,Als u weer thuis bent levert u uw laissez-passer in bij uw gemeente en vraagt u daar een nieuw paspoort of ID-kaart aan.,Zin van 23 woorden; boven de 20 wordt een zin lastig te volgen.,Knip de zin in tweeën.
0667_paspoort-id-kaart_nooddocument_verenigde-staten-van-amerika.txt,https://www.nederlandwereldwijd.nl/paspoort-id-kaart/nooddocument/verenigde-staten-van-amerika,Nooddocument aanvragen in de Verenigde Staten van Amerika | NederlandWereldwijd,24,lange-zin,advies,Ga daarom op zoek naar een fotograaf die bekend is met de eisen aan een pasfoto voor een Nederlands paspoort of ID-kaart...,Ga daarom op zoek naar een fotograaf die bekend is met de eisen aan een pasfoto voor een Nederlands paspoort of ID-kaart...,Zin van 22 woorden; boven de 20 wordt een zin lastig te volgen.,Knip de zin in tweeën.
0667_paspoort-id-kaart_nooddocument_verenigde-staten-van-amerika.txt,https://www.nederlandwereldwijd.nl/paspoort-id-kaart/nooddocument/verenigde-staten-van-amerika,Nooddocument aanvragen in de Verenigde Staten van Amerika | NederlandWereldwijd,40,lijdende-vorm,advies,worden aanvragen niet verwerkt,In het weekend zijn de ambassade en het consulaat-generaal gesloten en worden aanvragen niet verwerkt.,Lijdende vorm: de lezer ziet niet wie er iets doet.,"Schrijf actief, bijvoorbeeld 'wij sturen' of 'u ontvangt'."
0667_paspoort-id-kaart_nooddocument_verenigde-staten-van-amerika.txt,https://www.nederlandwereldwijd.nl/paspoort-id-kaart/nooddocument/verenigde-staten-van-amerika,Nooddocument aanvragen in de Verenigde Staten van Amerika | NederlandWereldwijd,40,lange-zin,advies,Dan neemt de ambassade of het consulaat-generaal contact met u op om te bespreken waar en wanneer u het nooddocument kun...,Dan neemt de ambassade of het consulaat-generaal contact met u op om te bespreken waar en wanneer u het nooddocument kun...,Zin van 22 woorden; boven de 20 wordt een zin lastig te volgen.,Knip de zin in tweeën.
0667_paspoort-id-kaart_nooddocument_verenigde-staten-van-amerika.txt,https://www.nederlandwereldwijd.nl/paspoort-id-kaart/nooddocument/verenigde-staten-van-amerika,Nooddocument aanvragen in de Verenigde Staten van Amerika | NederlandWereldwijd,53,lange-zin,advies,In het overzicht van de consulaire tarieven in de Verenigde Staten ziet u wat een nooddocument kost en hoe u kunt betale...,In het overzicht van de consulaire tarieven in de Verenigde Staten ziet u wat een nooddocument kost en hoe u kunt betale...,Zin van 22 woorden; boven de 20 wordt een zin lastig te volgen.,Knip de zin in tweeën.
0667_paspoort-id-kaart_nooddocument_verenigde-staten-van-amerika.txt,https://www.nederlandwereldwijd.nl/paspoort-id-kaart/nooddocument/verenigde-staten-van-amerika,Nooddocument aanvragen in de Verenigde Staten van Amerika | NederlandWereldwijd,63,lange-zin,advies,Als u weer thuis bent levert u uw laissez-passer in bij uw gemeente en vraagt u daar een nieuw paspoort of ID-kaart aan.,Als u weer thuis bent levert u uw laissez-passer in bij uw gemeente en vraagt u daar een nieuw paspoort of ID-kaart aan.,Zin van 23 woorden; boven de 20 wordt een zin lastig te volgen.,Knip de zin in tweeën.
0668_paspoort-id-kaart_nooddocument_vietnam.txt,https://www.nederlandwereldwijd.nl/paspoort-id-kaart/nooddocument/vietnam,Nooddocument aanvragen in Vietnam | NederlandWereldwijd,24,lange-zin,advies,Ga daarom op zoek naar een fotograaf die bekend is met de eisen aan een pasfoto voor een Nederlands paspoort of ID-kaart...,Ga daarom op zoek naar een fotograaf die bekend is met de eisen aan een pasfoto voor een Nederlands paspoort of ID-kaart...,Zin van 22 woorden; boven de 20 wordt een zin lastig te volgen.,Knip de zin in tweeën.
0668_paspoort-id-kaart_nooddocument_vietnam.txt,https://www.nederlandwereldwijd.nl/paspoort-id-kaart/nooddocument/vietnam,Nooddocument aanvragen in Vietnam | NederlandWereldwijd,36,lijdende-vorm,advies,worden aanvragen niet verwerkt,In het weekend zijn de ambassade en het consulaat-generala gesloten en worden aanvragen niet verwerkt.,Lijdende vorm: de lezer ziet niet wie er iets doet.,"Schrijf actief, bijvoorbeeld 'wij sturen' of 'u ontvangt'."
0668_paspoort-id-kaart_nooddocument_vietnam.txt,https://www.nederlandwereldwijd.nl/paspoort-id-kaart/nooddocument/vietnam,Nooddocument aanvragen in Vietnam | NederlandWereldwijd,36,lange-zin,advies,Dan neemt de ambassade of het consulaat-generaal contact met u op om te bespreken waar en wanneer u het nooddocument kun...,Dan neemt de ambassade of het consulaat-generaal contact met u op om te bespreken waar en wanneer u het nooddocument kun...,Zin van 22 woorden; boven de 20 wordt een zin lastig te volgen.,Knip de zin in tweeën.
0668_paspoort-id-kaart_nooddocument_vietnam.txt,https://www.nederlandwereldwijd.nl/paspoort-id-kaart/nooddocument/vietnam,Nooddocument aanvragen in Vietnam | NederlandWereldwijd,59,lange-zin,advies,Als u weer thuis bent levert u uw laissez-passer in bij uw gemeente en vraagt u daar een nieuw paspoort of ID-kaart aan.,Als u weer thuis bent levert u uw laissez-passer in bij uw gemeente en vraagt u daar een nieuw paspoort of ID-kaart aan.,Zin van 23 woorden; boven de 20 wordt een zin lastig te volgen.,Knip de zin in tweeën.
0668_paspoort-id-kaart_nooddocument_vietnam.txt,https://www.nederlandwereldwijd.nl/paspoort-id-kaart/nooddocument/vietnam,Nooddocument aanvragen in Vietnam | NederlandWereldwijd,68,lange-zin,advies,"Als u een derde partij (bijvoorbeeld een reisbureau) gebruikt om de aanvraag voor u in te dienen, brengen zij servicekos...","Als u een derde partij (bijvoorbeeld een reisbureau) gebruikt om de aanvraag voor u in te dienen, brengen zij servicekos...",Zin van 22 woorden; boven de 20 wordt een zin lastig te volgen.,Knip de zin in tweeën.
0669_paspoort-id-kaart_nooddocument_wallis-en-futuna.txt,https://www.nederlandwereldwijd.nl/paspoort-id-kaart/nooddocument/wallis-en-futuna,Nooddocument aanvragen in Wallis en Futuna | NederlandWereldwijd,24,lange-zin,advies,Ga daarom op zoek naar een fotograaf die bekend is met de eisen aan een pasfoto voor een Nederlands paspoort of ID-kaart...,Ga daarom op zoek naar een fotograaf die bekend is met de eisen aan een pasfoto voor een Nederlands paspoort of ID-kaart...,Zin van 22 woorden; boven de 20 wordt een zin lastig te volgen.,Knip de zin in tweeën.
0669_paspoort-id-kaart_nooddocument_wallis-en-futuna.txt,https://www.nederlandwereldwijd.nl/paspoort-id-kaart/nooddocument/wallis-en-futuna,Nooddocument aanvragen in Wallis en Futuna | NederlandWereldwijd,34,lijdende-vorm,advies,worden aanvragen niet verwerkt,In het weekend is de ambassade gesloten en worden aanvragen niet verwerkt.,Lijdende vorm: de lezer ziet niet wie er iets doet.,"Schrijf actief, bijvoorbeeld 'wij sturen' of 'u ontvangt'."
0669_paspoort-id-kaart_nooddocument_wallis-en-futuna.txt,https://www.nederlandwereldwijd.nl/paspoort-id-kaart/nooddocument/wallis-en-futuna,Nooddocument aanvragen in Wallis en Futuna | NederlandWereldwijd,57,lange-zin,advies,Als u weer thuis bent levert u uw laissez-passer in bij uw gemeente en vraagt u daar een nieuw paspoort of ID-kaart aan.,Als u weer thuis bent levert u uw laissez-passer in bij uw gemeente en vraagt u daar een nieuw paspoort of ID-kaart aan.,Zin van 23 woorden; boven de 20 wordt een zin lastig te volgen.,Knip de zin in tweeën.
0670_paspoort-id-kaart_nooddocument_zambia.txt,https://www.nederlandwereldwijd.nl/paspoort-id-kaart/nooddocument/zambia,Nooddocumenten aanvragen in Zambia | NederlandWereldwijd,24,lange-zin,advies,Ga daarom op zoek naar een fotograaf die bekend is met de eisen aan een pasfoto voor een Nederlands paspoort of ID-kaart...,Ga daarom op zoek naar een fotograaf die bekend is met de eisen aan een pasfoto voor een Nederlands paspoort of ID-kaart...,Zin van 22 woorden; boven de 20 wordt een zin lastig te volgen.,Knip de zin in tweeën.
0670_paspoort-id-kaart_nooddocument_zambia.txt,https://www.nederlandwereldwijd.nl/paspoort-id-kaart/nooddocument/zambia,Nooddocumenten aanvragen in Zambia | NederlandWereldwijd,34,lijdende-vorm,advies,worden aanvragen niet verwerkt,In het weekend is de ambassade gesloten en worden aanvragen niet verwerkt.,Lijdende vorm: de lezer ziet niet wie er iets doet.,"Schrijf actief, bijvoorbeeld 'wij sturen' of 'u ontvangt'."
0670_paspoort-id-kaart_nooddocument_zambia.txt,https://www.nederlandwereldwijd.nl/paspoort-id-kaart/nooddocument/zambia,Nooddocumenten aanvragen in Zambia | NederlandWereldwijd,57,lange-zin,advies,Als u weer thuis bent levert u uw laissez-passer in bij uw gemeente en vraagt u daar een nieuw paspoort of ID-kaart aan.,Als u weer thuis bent levert u uw laissez-passer in bij uw gemeente en vraagt u daar een nieuw paspoort of ID-kaart aan.,Zin van 23 woorden; boven de 20 wordt een zin lastig te volgen.,Knip de zin in tweeën.
0671_paspoort-id-kaart_nooddocument_zimbabwe.txt,https://www.nederlandwereldwijd.nl/paspoort-id-kaart/nooddocument/zimbabwe,Nooddocument aanvragen in Zimbabwe | NederlandWereldwijd,24,lange-zin,advies,Ga daarom op zoek naar een fotograaf die bekend is met de eisen aan een pasfoto voor een Nederlands paspoort of ID-kaart...,Ga daarom op zoek naar een fotograaf die bekend is met de eisen aan een pasfoto voor een Nederlands paspoort of ID-kaart...,Zin van 22 woorden; boven de 20 wordt een zin lastig te volgen.,Knip de zin in tweeën.
0671_paspoort-id-kaart_nooddocument_zimbabwe.txt,https://www.nederlandwereldwijd.nl/paspoort-id-kaart/nooddocument/zimbabwe,Nooddocument aanvragen in Zimbabwe | NederlandWereldwijd,34,lijdende-vorm,advies,worden aanvragen niet verwerkt,In het weekend is de ambassade gesloten en worden aanvragen niet verwerkt.,Lijdende vorm: de lezer ziet niet wie er iets doet.,"Schrijf actief, bijvoorbeeld 'wij sturen' of 'u ontvangt'."
0671_paspoort-id-kaart_nooddocument_zimbabwe.txt,https://www.nederlandwereldwijd.nl/paspoort-id-kaart/nooddocument/zimbabwe,Nooddocument aanvragen in Zimbabwe | NederlandWereldwijd,57,lange-zin,advies,Als u weer thuis bent levert u uw laissez-passer in bij uw gemeente en vraagt u daar een nieuw paspoort of ID-kaart aan.,Als u weer thuis bent levert u uw laissez-passer in bij uw gemeente en vraagt u daar een nieuw paspoort of ID-kaart aan.,Zin van 23 woorden; boven de 20 wordt een zin lastig te volgen.,Knip de zin in tweeën.
0672_paspoort-id-kaart_nooddocument_zuid-afrika.txt,https://www.nederlandwereldwijd.nl/paspoort-id-kaart/nooddocument/zuid-afrika,Nooddocument aanvragen in Zuid-Afrika | NederlandWereldwijd,24,lange-zin,advies,Ga daarom op zoek naar een fotograaf die bekend is met de eisen aan een pasfoto voor een Nederlands paspoort of ID-kaart...,Ga daarom op zoek naar een fotograaf die bekend is met de eisen aan een pasfoto voor een Nederlands paspoort of ID-kaart...,Zin van 22 woorden; boven de 20 wordt een zin lastig te volgen.,Knip de zin in tweeën.
0672_paspoort-id-kaart_nooddocument_zuid-afrika.txt,https://www.nederlandwereldwijd.nl/paspoort-id-kaart/nooddocument/zuid-afrika,Nooddocument aanvragen in Zuid-Afrika | NederlandWereldwijd,36,lijdende-vorm,advies,worden aanvragen niet verwerkt,In het weekend zijn de ambassade en het consulaat-generala gesloten en worden aanvragen niet verwerkt.,Lijdende vorm: de lezer ziet niet wie er iets doet.,"Schrijf actief, bijvoorbeeld 'wij sturen' of 'u ontvangt'."
0672_paspoort-id-kaart_nooddocument_zuid-afrika.txt,https://www.nederlandwereldwijd.nl/paspoort-id-kaart/nooddocument/zuid-afrika,Nooddocument aanvragen in Zuid-Afrika | NederlandWereldwijd,36,lange-zin,advies,Dan neemt de ambassade of het consulaat-generaal contact met u op om te bespreken waar en wanneer u het nooddocument kun...,Dan neemt de ambassade of het consulaat-generaal contact met u op om te bespreken waar en wanneer u het nooddocument kun...,Zin van 22 woorden; boven de 20 wordt een zin lastig te volgen.,Knip de zin in tweeën.
0672_paspoort-id-kaart_nooddocument_zuid-afrika.txt,https://www.nederlandwereldwijd.nl/paspoort-id-kaart/nooddocument/zuid-afrika,Nooddocument aanvragen in Zuid-Afrika | NederlandWereldwijd,59,lange-zin,advies,Als u weer thuis bent levert u uw laissez-passer in bij uw gemeente en vraagt u daar een nieuw paspoort of ID-kaart aan.,Als u weer thuis bent levert u uw laissez-passer in bij uw gemeente en vraagt u daar een nieuw paspoort of ID-kaart aan.,Zin van 23 woorden; boven de 20 wordt een zin lastig te volgen.,Knip de zin in tweeën.
0673_paspoort-id-kaart_nooddocument_zuid-korea.txt,https://www.nederlandwereldwijd.nl/paspoort-id-kaart/nooddocument/zuid-korea,Nooddocument aanvragen in Zuid-Korea | NederlandWereldwijd,24,lange-zin,advies,Ga daarom op zoek naar een fotograaf die bekend is met de eisen aan een pasfoto voor een Nederlands paspoort of ID-kaart...,Ga daarom op zoek naar een fotograaf die bekend is met de eisen aan een pasfoto voor een Nederlands paspoort of ID-kaart...,Zin van 22 woorden; boven de 20 wordt een zin lastig te volgen.,Knip de zin in tweeën.
0673_paspoort-id-kaart_nooddocument_zuid-korea.txt,https://www.nederlandwereldwijd.nl/paspoort-id-kaart/nooddocument/zuid-korea,Nooddocument aanvragen in Zuid-Korea | NederlandWereldwijd,34,lijdende-vorm,advies,worden aanvragen niet verwerkt,In het weekend is de ambassade gesloten en worden aanvragen niet verwerkt.,Lijdende vorm: de lezer ziet niet wie er iets doet.,"Schrijf actief, bijvoorbeeld 'wij sturen' of 'u ontvangt'."
0673_paspoort-id-kaart_nooddocument_zuid-korea.txt,https://www.nederlandwereldwijd.nl/paspoort-id-kaart/nooddocument/zuid-korea,Nooddocument aanvragen in Zuid-Korea | NederlandWereldwijd,57,lange-zin,advies,Als u weer thuis bent levert u uw laissez-passer in bij uw gemeente en vraagt u daar een nieuw paspoort of ID-kaart aan.,Als u weer thuis bent levert u uw laissez-passer in bij uw gemeente en vraagt u daar een nieuw paspoort of ID-kaart aan.,Zin van 23 woorden; boven de 20 wordt een zin lastig te volgen.,Knip de zin in tweeën.
0674_paspoort-id-kaart_nooddocument_zuid-sudan.txt,https://www.nederlandwereldwijd.nl/paspoort-id-kaart/nooddocument/zuid-sudan,Nooddocument aanvragen in Zuid-Sudan | NederlandWereldwijd,24,lange-zin,advies,Ga daarom op zoek naar een fotograaf die bekend is met de eisen aan een pasfoto voor een Nederlands paspoort of ID-kaart...,Ga daarom op zoek naar een fotograaf die bekend is met de eisen aan een pasfoto voor een Nederlands paspoort of ID-kaart...,Zin van 22 woorden; boven de 20 wordt een zin lastig te volgen.,Knip de zin in tweeën.
0674_paspoort-id-kaart_nooddocument_zuid-sudan.txt,https://www.nederlandwereldwijd.nl/paspoort-id-kaart/nooddocument/zuid-sudan,Nooddocument aanvragen in Zuid-Sudan | NederlandWereldwijd,34,lijdende-vorm,advies,worden aanvragen niet verwerkt,In het weekend is de ambassade gesloten en worden aanvragen niet verwerkt.,Lijdende vorm: de lezer ziet niet wie er iets doet.,"Schrijf actief, bijvoorbeeld 'wij sturen' of 'u ontvangt'."
0674_paspoort-id-kaart_nooddocument_zuid-sudan.txt,https://www.nederlandwereldwijd.nl/paspoort-id-kaart/nooddocument/zuid-sudan,Nooddocument aanvragen in Zuid-Sudan | NederlandWereldwijd,57,lange-zin,advies,Als u weer thuis bent levert u uw laissez-passer in bij uw gemeente en vraagt u daar een nieuw paspoort of ID-kaart aan.,Als u weer thuis bent levert u uw laissez-passer in bij uw gemeente en vraagt u daar een nieuw paspoort of ID-kaart aan.,Zin van 23 woorden; boven de 20 wordt een zin lastig te volgen.,Knip de zin in tweeën.
0675_paspoort-id-kaart_nooddocument_zweden.txt,https://www.nederlandwereldwijd.nl/paspoort-id-kaart/nooddocument/zweden,Nooddocument aanvragen in Zweden | NederlandWereldwijd,7,lange-zin,advies,Vraag aan de maatschappij waarmee u reist of u met een kopie van uw paspoort of ID-kaart en uw ticket kunt reizen.,Vraag aan de maatschappij waarmee u reist of u met een kopie van uw paspoort of ID-kaart en uw ticket kunt reizen.,Zin van 22 woorden; boven de 20 wordt een zin lastig te volgen.,Knip de zin in tweeën.
0675_paspoort-id-kaart_nooddocument_zweden.txt,https://www.nederlandwereldwijd.nl/paspoort-id-kaart/nooddocument/zweden,Nooddocument aanvragen in Zweden | NederlandWereldwijd,28,lange-zin,advies,Ga daarom op zoek naar een fotograaf die bekend is met de eisen aan een pasfoto voor een Nederlands paspoort of ID-kaart...,Ga daarom op zoek naar een fotograaf die bekend is met de eisen aan een pasfoto voor een Nederlands paspoort of ID-kaart...,Zin van 22 woorden; boven de 20 wordt een zin lastig te volgen.,Knip de zin in tweeën.
0675_paspoort-id-kaart_nooddocument_zweden.txt,https://www.nederlandwereldwijd.nl/paspoort-id-kaart/nooddocument/zweden,Nooddocument aanvragen in Zweden | NederlandWereldwijd,38,lijdende-vorm,advies,worden aanvragen niet verwerkt,In het weekend is de ambassade gesloten en worden aanvragen niet verwerkt.,Lijdende vorm: de lezer ziet niet wie er iets doet.,"Schrijf actief, bijvoorbeeld 'wij sturen' of 'u ontvangt'."
0675_paspoort-id-kaart_nooddocument_zweden.txt,https://www.nederlandwereldwijd.nl/paspoort-id-kaart/nooddocument/zweden,Nooddocument aanvragen in Zweden | NederlandWereldwijd,61,lange-zin,advies,Als u weer thuis bent levert u uw laissez-passer in bij uw gemeente en vraagt u daar een nieuw paspoort of ID-kaart aan.,Als u weer thuis bent levert u uw laissez-passer in bij uw gemeente en vraagt u daar een nieuw paspoort of ID-kaart aan.,Zin van 23 woorden; boven de 20 wordt een zin lastig te volgen.,Knip de zin in tweeën.
0676_paspoort-id-kaart_nooddocument_zwitserland.txt,https://www.nederlandwereldwijd.nl/paspoort-id-kaart/nooddocument/zwitserland,Nooddocument aanvragen in Zwitserland | NederlandWereldwijd,7,lange-zin,advies,Vraag aan de maatschappij waarmee u reist of u met een kopie van uw paspoort of ID-kaart en uw ticket kunt reizen.,Vraag aan de maatschappij waarmee u reist of u met een kopie van uw paspoort of ID-kaart en uw ticket kunt reizen.,Zin van 22 woorden; boven de 20 wordt een zin lastig te volgen.,Knip de zin in tweeën.
0676_paspoort-id-kaart_nooddocument_zwitserland.txt,https://www.nederlandwereldwijd.nl/paspoort-id-kaart/nooddocument/zwitserland,Nooddocument aanvragen in Zwitserland | NederlandWereldwijd,28,lange-zin,advies,Ga daarom op zoek naar een fotograaf die bekend is met de eisen aan een pasfoto voor een Nederlands paspoort of ID-kaart...,Ga daarom op zoek naar een fotograaf die bekend is met de eisen aan een pasfoto voor een Nederlands paspoort of ID-kaart...,Zin van 22 woorden; boven de 20 wordt een zin lastig te volgen.,Knip de zin in tweeën.
0676_paspoort-id-kaart_nooddocument_zwitserland.txt,https://www.nederlandwereldwijd.nl/paspoort-id-kaart/nooddocument/zwitserland,Nooddocument aanvragen in Zwitserland | NederlandWereldwijd,38,lijdende-vorm,advies,worden aanvragen niet verwerkt,In het weekend is de ambassade gesloten en worden aanvragen niet verwerkt.,Lijdende vorm: de lezer ziet niet wie er iets doet.,"Schrijf actief, bijvoorbeeld 'wij sturen' of 'u ontvangt'."
0676_paspoort-id-kaart_nooddocument_zwitserland.txt,https://www.nederlandwereldwijd.nl/paspoort-id-kaart/nooddocument/zwitserland,Nooddocument aanvragen in Zwitserland | NederlandWereldwijd,61,lange-zin,advies,Als u weer thuis bent levert u uw laissez-passer in bij uw gemeente en vraagt u daar een nieuw paspoort of ID-kaart aan.,Als u weer thuis bent levert u uw laissez-passer in bij uw gemeente en vraagt u daar een nieuw paspoort of ID-kaart aan.,Zin van 23 woorden; boven de 20 wordt een zin lastig te volgen.,Knip de zin in tweeën.
0677_paspoort-id-kaart_paspoort-id-kaart-vernieuwen.txt,https://www.nederlandwereldwijd.nl/paspoort-id-kaart/paspoort-id-kaart-vernieuwen,Vernieuwen van een Nederlands paspoort of ID-kaart vanuit het buitenland | NederlandWereldwijd,6,lange-zin,advies,Let op: Het aanvragen van een Nederlands paspoort of ID-kaart in het buitenland kost vaak meer tijd dan u misschien verw...,Let op: Het aanvragen van een Nederlands paspoort of ID-kaart in het buitenland kost vaak meer tijd dan u misschien verw...,Zin van 21 woorden; boven de 20 wordt een zin lastig te volgen.,Knip de zin in tweeën.
0678_paspoort-id-kaart_paspoort-kind.txt,https://www.nederlandwereldwijd.nl/paspoort-id-kaart/paspoort-kind,Voor mijn kind een Nederlands paspoort of ID-kaart aanvragen of vernieuwen in het buitenland | NederlandWereldwijd,6,lange-zin,advies,Let op: Het aanvragen van een Nederlands paspoort of ID-kaart in het buitenland kost vaak meer tijd dan u misschien verw...,Let op: Het aanvragen van een Nederlands paspoort of ID-kaart in het buitenland kost vaak meer tijd dan u misschien verw...,Zin van 21 woorden; boven de 20 wordt een zin lastig te volgen.,Knip de zin in tweeën.
0679_paspoort-id-kaart_status-aanvraag.txt,https://www.nederlandwereldwijd.nl/paspoort-id-kaart/status-aanvraag,Hoe volg ik de status van de aanvraag van mijn paspoort of ID-kaart vanuit het buitenland? | NederlandWereldwijd,4,lange-zin,advies,Lees meer over de verwerkingstijd op de pagina Hoelang duurt het om een Nederlands paspoort of ID-kaart aan te vragen in...,Lees meer over de verwerkingstijd op de pagina Hoelang duurt het om een Nederlands paspoort of ID-kaart aan te vragen in...,Zin van 23 woorden; boven de 20 wordt een zin lastig te volgen.,Knip de zin in tweeën.
0679_paspoort-id-kaart_status-aanvraag.txt,https://www.nederlandwereldwijd.nl/paspoort-id-kaart/status-aanvraag,Hoe volg ik de status van de aanvraag van mijn paspoort of ID-kaart vanuit het buitenland? | NederlandWereldwijd,27,lange-zin,advies,"Het nummer begint altijd met de eerste twee letters van de stad waar u de aanvraag heeft gedaan, gevolgd door ‘NL’ en de...","Het nummer begint altijd met de eerste twee letters van de stad waar u de aanvraag heeft gedaan, gevolgd door ‘NL’ en de...",Zin van 24 woorden; boven de 20 wordt een zin lastig te volgen.,Knip de zin in tweeën.
0680_paspoort-id-kaart_tijdsduur-aanvragen.txt,https://www.nederlandwereldwijd.nl/paspoort-id-kaart/tijdsduur-aanvragen,Hoelang duurt de aanvraag van een paspoort of ID-kaart in het buitenland? | NederlandWereldwijd,8,lijdende-vorm,advies,wordt gemaakt,uw paspoort of ID-kaart in Nederland wordt gemaakt en naar het buitenland wordt verzonden,Lijdende vorm: de lezer ziet niet wie er iets doet.,"Schrijf actief, bijvoorbeeld 'wij sturen' of 'u ontvangt'."
0681_paspoort-id-kaart_verlopen.txt,https://www.nederlandwereldwijd.nl/paspoort-id-kaart/verlopen,"Mijn Nederlandse paspoort of ID-kaart is bijna verlopen in het buitenland, wat moet ik doen? | NederlandWereldwijd",3,lange-zin,advies,Let op: Het aanvragen van een Nederlands paspoort of ID-kaart in het buitenland kost vaak meer tijd dan u misschien verw...,Let op: Het aanvragen van een Nederlands paspoort of ID-kaart in het buitenland kost vaak meer tijd dan u misschien verw...,Zin van 21 woorden; boven de 20 wordt een zin lastig te volgen.,Knip de zin in tweeën.
0682_paspoort-id-kaart_verschil.txt,https://www.nederlandwereldwijd.nl/paspoort-id-kaart/verschil,Wat is het verschil tussen een paspoort en een ID-kaart? | NederlandWereldwijd,21,lange-zin,advies,"Dan moet u uw paspoort zelf ophalen bij de ambassade, het consulaat-generaal of de externe dienstverlener waar u deze he...","Dan moet u uw paspoort zelf ophalen bij de ambassade, het consulaat-generaal of de externe dienstverlener waar u deze he...",Zin van 21 woorden; boven de 20 wordt een zin lastig te volgen.,Knip de zin in tweeën.
0682_paspoort-id-kaart_verschil.txt,https://www.nederlandwereldwijd.nl/paspoort-id-kaart/verschil,Wat is het verschil tussen een paspoort en een ID-kaart? | NederlandWereldwijd,23,lange-zin,advies,"Een ID-kaart met DigiD-inlogfunctie moet u om veiligheidsredenen zelf ophalen bij de ambassade, het consulaat-generaal o...","Een ID-kaart met DigiD-inlogfunctie moet u om veiligheidsredenen zelf ophalen bij de ambassade, het consulaat-generaal o...",Zin van 25 woorden; boven de 20 wordt een zin lastig te volgen.,Knip de zin in tweeën.
0682_paspoort-id-kaart_verschil.txt,https://www.nederlandwereldwijd.nl/paspoort-id-kaart/verschil,Wat is het verschil tussen een paspoort en een ID-kaart? | NederlandWereldwijd,25,lange-zin,advies,Kinderen tot 18 jaarEen paspoort kan vanaf 18 jaar zonder toestemming van de ouders worden aangevraagd.Een ID-kaart kan ...,Kinderen tot 18 jaarEen paspoort kan vanaf 18 jaar zonder toestemming van de ouders worden aangevraagd.Een ID-kaart kan ...,Zin van 28 woorden; boven de 20 wordt een zin lastig te volgen.,Knip de zin in tweeën.
0683_paspoort-id-kaart_vervangende-toestemming-minderjarige-verenigd-koninkrijk.txt,https://www.nederlandwereldwijd.nl/paspoort-id-kaart/vervangende-toestemming-minderjarige-verenigd-koninkrijk,Paspoort of ID-kaart minderjarige in het Verenigd Koninkrijk: vervangende toestemming via de rechtbank | NederlandWereldwijd,1,lange-zin,advies,Voor een paspoort- of ID-kaartaanvraag van een minderjarig kind (voor ID-kaart geldt: jonger dan 12 jaar) is toestemming...,Voor een paspoort- of ID-kaartaanvraag van een minderjarig kind (voor ID-kaart geldt: jonger dan 12 jaar) is toestemming...,Zin van 29 woorden; boven de 20 wordt een zin lastig te volgen.,Knip de zin in tweeën.
0683_paspoort-id-kaart_vervangende-toestemming-minderjarige-verenigd-koninkrijk.txt,https://www.nederlandwereldwijd.nl/paspoort-id-kaart/vervangende-toestemming-minderjarige-verenigd-koninkrijk,Paspoort of ID-kaart minderjarige in het Verenigd Koninkrijk: vervangende toestemming via de rechtbank | NederlandWereldwijd,1,lange-zin,advies,Geeft bij gezamenlijk gezag één van de personen die het gezag heeft geen toestemming voor de aanvraag van een paspoort o...,Geeft bij gezamenlijk gezag één van de personen die het gezag heeft geen toestemming voor de aanvraag van een paspoort o...,Zin van 25 woorden; boven de 20 wordt een zin lastig te volgen.,Knip de zin in tweeën.
0683_paspoort-id-kaart_vervangende-toestemming-minderjarige-verenigd-koninkrijk.txt,https://www.nederlandwereldwijd.nl/paspoort-id-kaart/vervangende-toestemming-minderjarige-verenigd-koninkrijk,Paspoort of ID-kaart minderjarige in het Verenigd Koninkrijk: vervangende toestemming via de rechtbank | NederlandWereldwijd,3,lange-zin,advies,Vervangende toestemming in de vorm van een ‘residence order’ of ‘parental responsibility order’ ten gunste van één van d...,Vervangende toestemming in de vorm van een ‘residence order’ of ‘parental responsibility order’ ten gunste van één van d...,Zin van 35 woorden; boven de 20 wordt een zin lastig te volgen.,Knip de zin in tweeën.
0683_paspoort-id-kaart_vervangende-toestemming-minderjarige-verenigd-koninkrijk.txt,https://www.nederlandwereldwijd.nl/paspoort-id-kaart/vervangende-toestemming-minderjarige-verenigd-koninkrijk,Paspoort of ID-kaart minderjarige in het Verenigd Koninkrijk: vervangende toestemming via de rechtbank | NederlandWereldwijd,3,lange-zin,advies,De rechtbank dient te verklaren dat het toestemming geeft voor de afgifte van een Nederlands paspoort of ID-kaart in pla...,De rechtbank dient te verklaren dat het toestemming geeft voor de afgifte van een Nederlands paspoort of ID-kaart in pla...,Zin van 39 woorden; boven de 20 wordt een zin lastig te volgen.,Knip de zin in tweeën.
0683_paspoort-id-kaart_vervangende-toestemming-minderjarige-verenigd-koninkrijk.txt,https://www.nederlandwereldwijd.nl/paspoort-id-kaart/vervangende-toestemming-minderjarige-verenigd-koninkrijk,Paspoort of ID-kaart minderjarige in het Verenigd Koninkrijk: vervangende toestemming via de rechtbank | NederlandWereldwijd,4,lange-zin,advies,"Woont het minderjarige kind in het Verenigd Koninkrijk, neem dan contact op met een advocaat of met uw lokale citizens a...","Woont het minderjarige kind in het Verenigd Koninkrijk, neem dan contact op met een advocaat of met uw lokale citizens a...",Zin van 30 woorden; boven de 20 wordt een zin lastig te volgen.,Knip de zin in tweeën.
0684_paspoort-id-kaart_verzendinstructies-rd-zweden.txt,https://www.nederlandwereldwijd.nl/paspoort-id-kaart/verzendinstructies-rd-zweden,Verzendinstructies met PostNord | NederlandWereldwijd,9,lange-zin,advies,"Als zowel uw nieuwe als uw oude paspoort worden verzonden (uw oude paspoort is nog niet verlopen), kies dan 250 g (2 pas...","Als zowel uw nieuwe als uw oude paspoort worden verzonden (uw oude paspoort is nog niet verlopen), kies dan 250 g (2 pas...",Zin van 23 woorden; boven de 20 wordt een zin lastig te volgen.,Knip de zin in tweeën.
0684_paspoort-id-kaart_verzendinstructies-rd-zweden.txt,https://www.nederlandwereldwijd.nl/paspoort-id-kaart/verzendinstructies-rd-zweden,Verzendinstructies met PostNord | NederlandWereldwijd,11,lijdende-vorm,advies,worden gestuurd,"Vul in aan wie de brief moet worden gestuurd (uzelf), naar welk adres en hoe de ontvanger moet worden ingelicht (vul zowel het mobiele nummer als het e-mailadres in).",Lijdende vorm: de lezer ziet niet wie er iets doet.,"Schrijf actief, bijvoorbeeld 'wij sturen' of 'u ontvangt'."
0684_paspoort-id-kaart_verzendinstructies-rd-zweden.txt,https://www.nederlandwereldwijd.nl/paspoort-id-kaart/verzendinstructies-rd-zweden,Verzendinstructies met PostNord | NederlandWereldwijd,11,lange-zin,advies,"Vul in aan wie de brief moet worden gestuurd (uzelf), naar welk adres en hoe de ontvanger moet worden ingelicht (vul zow...","Vul in aan wie de brief moet worden gestuurd (uzelf), naar welk adres en hoe de ontvanger moet worden ingelicht (vul zow...",Zin van 29 woorden; boven de 20 wordt een zin lastig te volgen.,Knip de zin in tweeën.
0685_paspoort-id-kaart_waar-aanvragen.txt,https://www.nederlandwereldwijd.nl/paspoort-id-kaart/waar-aanvragen,Waar kan ik een Nederlands paspoort of ID-kaart aanvragen als ik in het buitenland woon? | NederlandWereldwijd,3,lange-zin,advies,Let op: Het aanvragen van een Nederlands paspoort of ID-kaart in het buitenland kost vaak meer tijd dan u misschien verw...,Let op: Het aanvragen van een Nederlands paspoort of ID-kaart in het buitenland kost vaak meer tijd dan u misschien verw...,Zin van 21 woorden; boven de 20 wordt een zin lastig te volgen.,Knip de zin in tweeën.
0685_paspoort-id-kaart_waar-aanvragen.txt,https://www.nederlandwereldwijd.nl/paspoort-id-kaart/waar-aanvragen,Waar kan ik een Nederlands paspoort of ID-kaart aanvragen als ik in het buitenland woon? | NederlandWereldwijd,21,lange-zin,advies,Ook dan kunt u bij een Nederlandse ambassade of consulaat-generaal of een aanvraaglocatie van VFS Global een Nederlands ...,Ook dan kunt u bij een Nederlandse ambassade of consulaat-generaal of een aanvraaglocatie van VFS Global een Nederlands ...,Zin van 22 woorden; boven de 20 wordt een zin lastig te volgen.,Knip de zin in tweeën.
0685_paspoort-id-kaart_waar-aanvragen.txt,https://www.nederlandwereldwijd.nl/paspoort-id-kaart/waar-aanvragen,Waar kan ik een Nederlands paspoort of ID-kaart aanvragen als ik in het buitenland woon? | NederlandWereldwijd,45,lange-zin,advies,"U kunt geen paspoort aanvragen bij een grensgemeente als u ingeschreven staat in het Caribisch gebied (Bonaire, Sint Eus...","U kunt geen paspoort aanvragen bij een grensgemeente als u ingeschreven staat in het Caribisch gebied (Bonaire, Sint Eus...",Zin van 21 woorden; boven de 20 wordt een zin lastig te volgen.,Knip de zin in tweeën.
0686_paspoort-id-kaart_waar-aanvragen-canada.txt,https://www.nederlandwereldwijd.nl/paspoort-id-kaart/waar-aanvragen-canada,Paspoort of ID-kaart aanvragen als u in Canada woont | NederlandWereldwijd,12,lange-zin,advies,In uw persoonlijke checklist (uit stap 1) ziet u dat u documenten uit Canada nodig heeft om een paspoort of ID-kaart aan...,In uw persoonlijke checklist (uit stap 1) ziet u dat u documenten uit Canada nodig heeft om een paspoort of ID-kaart aan...,Zin van 24 woorden; boven de 20 wordt een zin lastig te volgen.,Knip de zin in tweeën.
0686_paspoort-id-kaart_waar-aanvragen-canada.txt,https://www.nederlandwereldwijd.nl/paspoort-id-kaart/waar-aanvragen-canada,Paspoort of ID-kaart aanvragen als u in Canada woont | NederlandWereldwijd,34,lange-zin,advies,"Dan neemt u een Amerikaans naturalisatiecertificaat, Amerikaans certificaat van burgerschap, of een bewijs van geboorte ...","Dan neemt u een Amerikaans naturalisatiecertificaat, Amerikaans certificaat van burgerschap, of een bewijs van geboorte ...",Zin van 27 woorden; boven de 20 wordt een zin lastig te volgen.,Knip de zin in tweeën.
0686_paspoort-id-kaart_waar-aanvragen-canada.txt,https://www.nederlandwereldwijd.nl/paspoort-id-kaart/waar-aanvragen-canada,Paspoort of ID-kaart aanvragen als u in Canada woont | NederlandWereldwijd,35,lange-zin,advies,"* Om uw naturalisatiecertificaat te legaliseren, raden wij u aan eerst een 'Certified True Copy' van het document aan te...","* Om uw naturalisatiecertificaat te legaliseren, raden wij u aan eerst een 'Certified True Copy' van het document aan te...",Zin van 25 woorden; boven de 20 wordt een zin lastig te volgen.,Knip de zin in tweeën.
0686_paspoort-id-kaart_waar-aanvragen-canada.txt,https://www.nederlandwereldwijd.nl/paspoort-id-kaart/waar-aanvragen-canada,Paspoort of ID-kaart aanvragen als u in Canada woont | NederlandWereldwijd,58,lange-zin,advies,"U kunt ook een afspraak maken bij een VFS Global kantoor in Toronto, Vancouver of Edmonton om daar een paspoort of ID-ka...","U kunt ook een afspraak maken bij een VFS Global kantoor in Toronto, Vancouver of Edmonton om daar een paspoort of ID-ka...",Zin van 25 woorden; boven de 20 wordt een zin lastig te volgen.,Knip de zin in tweeën.
0686_paspoort-id-kaart_waar-aanvragen-canada.txt,https://www.nederlandwereldwijd.nl/paspoort-id-kaart/waar-aanvragen-canada,Paspoort of ID-kaart aanvragen als u in Canada woont | NederlandWereldwijd,120,lange-zin,advies,"Deze sessie is in de eerste plaats bedoeld voor een beperkte groep aanvragers, namelijk personen van 65 jaar en ouder en...","Deze sessie is in de eerste plaats bedoeld voor een beperkte groep aanvragers, namelijk personen van 65 jaar en ouder en...",Zin van 25 woorden; boven de 20 wordt een zin lastig te volgen.,Knip de zin in tweeën.
0686_paspoort-id-kaart_waar-aanvragen-canada.txt,https://www.nederlandwereldwijd.nl/paspoort-id-kaart/waar-aanvragen-canada,Paspoort of ID-kaart aanvragen als u in Canada woont | NederlandWereldwijd,159,lange-zin,advies,Op de pagina Hoelang duurt het om een Nederlands paspoort of ID-kaart aan te vragen in het buitenland leest u meer over ...,Op de pagina Hoelang duurt het om een Nederlands paspoort of ID-kaart aan te vragen in het buitenland leest u meer over ...,Zin van 29 woorden; boven de 20 wordt een zin lastig te volgen.,Knip de zin in tweeën.
0686_paspoort-id-kaart_waar-aanvragen-canada.txt,https://www.nederlandwereldwijd.nl/paspoort-id-kaart/waar-aanvragen-canada,Paspoort of ID-kaart aanvragen als u in Canada woont | NederlandWereldwijd,163,lange-zin,advies,"U kunt uw nieuwe paspoort of ID-kaart ophalen bij de ambassade in Ottawa, of bij het consulaat-generaal in Toronto of Va...","U kunt uw nieuwe paspoort of ID-kaart ophalen bij de ambassade in Ottawa, of bij het consulaat-generaal in Toronto of Va...",Zin van 21 woorden; boven de 20 wordt een zin lastig te volgen.,Knip de zin in tweeën.
0686_paspoort-id-kaart_waar-aanvragen-canada.txt,https://www.nederlandwereldwijd.nl/paspoort-id-kaart/waar-aanvragen-canada,Paspoort of ID-kaart aanvragen als u in Canada woont | NederlandWereldwijd,188,lange-zin,advies,Bij paspoorten uitgegeven vanaf eind september 2024 staat de naam van de partner vaak op de achterkant van de titelpagin...,Bij paspoorten uitgegeven vanaf eind september 2024 staat de naam van de partner vaak op de achterkant van de titelpagin...,Zin van 26 woorden; boven de 20 wordt een zin lastig te volgen.,Knip de zin in tweeën.
0687_paspoort-id-kaart_waar-let-ik-op-paspoort-kind-buitenland.txt,https://www.nederlandwereldwijd.nl/paspoort-id-kaart/waar-let-ik-op-paspoort-kind-buitenland,Waar let ik op als ik een Nederlands paspoort of ID-kaart voor mijn kind of baby in het buitenland aanvraag? | NederlandWereldwijd,41,lange-zin,advies,Op de kopie moet een handtekening staan van de ouder die niet meekomt naar de afspraak en de datum waarop de kopie gemaa...,Op de kopie moet een handtekening staan van de ouder die niet meekomt naar de afspraak en de datum waarop de kopie gemaa...,Zin van 24 woorden; boven de 20 wordt een zin lastig te volgen.,Knip de zin in tweeën.
0688_paspoort-id-kaart_waar-op-letten.txt,https://www.nederlandwereldwijd.nl/paspoort-id-kaart/waar-op-letten,Waar moet ik op letten als ik een Nederlands paspoort of ID-kaart aanvraag in het buitenland? | NederlandWereldwijd,6,lijdende-vorm,advies,worden gecheckt,Dan moet bij elke aanvraag opnieuw worden gecheckt of u Nederlander bent.,Lijdende vorm: de lezer ziet niet wie er iets doet.,"Schrijf actief, bijvoorbeeld 'wij sturen' of 'u ontvangt'."
0688_paspoort-id-kaart_waar-op-letten.txt,https://www.nederlandwereldwijd.nl/paspoort-id-kaart/waar-op-letten,Waar moet ik op letten als ik een Nederlands paspoort of ID-kaart aanvraag in het buitenland? | NederlandWereldwijd,14,lijdende-vorm,advies,worden genomen,Bovendien kan uw aanvraag niet in behandeling worden genomen als de volgende documenten ontbreken:,Lijdende vorm: de lezer ziet niet wie er iets doet.,"Schrijf actief, bijvoorbeeld 'wij sturen' of 'u ontvangt'."
0694_reizen-paspoort-id-kaart_bosnie-en-herzegovina.txt,https://www.nederlandwereldwijd.nl/reizen-paspoort-id-kaart/bosnie-en-herzegovina,Kan ik naar Bosnië en Herzegovina reizen met een Nederlandse ID-kaart? | NederlandWereldwijd,5,lange-zin,advies,Blijkt bij aankomst in Bosnië en Herzegovina dat uw paspoort of ID-kaart op de geplande vertrekdatum korter dan 3 maande...,Blijkt bij aankomst in Bosnië en Herzegovina dat uw paspoort of ID-kaart op de geplande vertrekdatum korter dan 3 maande...,Zin van 22 woorden; boven de 20 wordt een zin lastig te volgen.,Knip de zin in tweeën.
0723_reizen-paspoort-id-kaart_noord-macedonie.txt,https://www.nederlandwereldwijd.nl/reizen-paspoort-id-kaart/noord-macedonie,Kan ik naar Noord-Macedonië reizen met een Nederlandse ID-kaart? | NederlandWereldwijd,1,lijdende-vorm,advies,wordt geaccepteerd,Vraag vooraf aan uw vliegmaatschappij of uw ID-kaart wordt geaccepteerd.,Lijdende vorm: de lezer ziet niet wie er iets doet.,"Schrijf actief, bijvoorbeeld 'wij sturen' of 'u ontvangt'."
0737_reizen-paspoort-id-kaart_verenigd-koninkrijk.txt,https://www.nederlandwereldwijd.nl/reizen-paspoort-id-kaart/verenigd-koninkrijk,Kan ik naar het Verenigd Koninkrijk reizen met een Nederlandse ID-kaart? | NederlandWereldwijd,3,lange-zin,advies,Woonde u uiterlijk op 31 december 2020 (de overgangsperiode) in het VK en kunt u uw EU (Pre-) Settlement Status aantonen...,Woonde u uiterlijk op 31 december 2020 (de overgangsperiode) in het VK en kunt u uw EU (Pre-) Settlement Status aantonen...,Zin van 21 woorden; boven de 20 wordt een zin lastig te volgen.,Knip de zin in tweeën.
0737_reizen-paspoort-id-kaart_verenigd-koninkrijk.txt,https://www.nederlandwereldwijd.nl/reizen-paspoort-id-kaart/verenigd-koninkrijk,Kan ik naar het Verenigd Koninkrijk reizen met een Nederlandse ID-kaart? | NederlandWereldwijd,3,lange-zin,advies,Dan kunt u nog tot en met 31 december 2025 met een Nederlandse identiteitskaart (ID-kaart) reizen tussen Nederland en he...,Dan kunt u nog tot en met 31 december 2025 met een Nederlandse identiteitskaart (ID-kaart) reizen tussen Nederland en he...,Zin van 21 woorden; boven de 20 wordt een zin lastig te volgen.,Knip de zin in tweeën.
