url,status,titel,woorden,bestand
https://www.nederlandwereldwijd.nl/bsn/bsn-op-nederlands-paspoort,200,Waar vind ik mijn burgerservicenummer (BSN) op een Nederlands paspoort? | NederlandWereldwijd,180,0001_bsn_bsn-op-nederlands-paspoort
https://www.nederlandwereldwijd.nl/bsn/bsn-op-nederlandse-id-kaart,200,Waar vind ik mijn burgerservicenummer (BSN) op een Nederlandse ID-kaart? | NederlandWereldwijd,125,0002_bsn_bsn-op-nederlandse-id-kaart
https://www.nederlandwereldwijd.nl/digid-buiten-nederland/inloggen-id-kaart,200,Inloggen via DigiD met identiteitsbewijs vanuit het buitenland | NederlandWereldwijdTelefoon,932,0003_digid-buiten-nederland_inloggen-id-kaart
https://www.nederlandwereldwijd.nl/naamswijziging/paspoort-id-kaart,200,Hoe kan ik mijn naam wijzigen in mijn Nederlandse paspoort of ID-kaart? | NederlandWereldwijd,734,0004_naamswijziging_paspoort-id-kaart
https://www.nederlandwereldwijd.nl/naamswijziging/paspoort-of-id-kaart-geldig,200,Blijft mijn Nederlandse paspoort of ID-kaart geldig na naamswijziging? | NederlandWereldwijd,343,0005_naamswijziging_paspoort-of-id-kaart-geldig
https://www.nederlandwereldwijd.nl/paspoort-id-kaart,200,Nederlands paspoort of ID-kaart aanvragen in het buitenland | NederlandWereldwijd,221,0006_paspoort-id-kaart
https://www.nederlandwereldwijd.nl/paspoort-id-kaart/aanvraagformulier,200,Waar vind ik het aanvraagformulier Nederlands paspoort of ID-kaart in het buitenland? | NederlandWereldwijd,156,0007_paspoort-id-kaart_aanvraagformulier
https://www.nederlandwereldwijd.nl/paspoort-id-kaart/aanvragen,200,Voor het eerst een Nederlands paspoort of ID-kaart aanvragen vanuit het buitenland | NederlandWereldwijd,599,0008_paspoort-id-kaart_aanvragen
https://www.nederlandwereldwijd.nl/paspoort-id-kaart/aanvragen-grensgemeente,200,Paspoort of ID-kaart aanvragen bij een grensgemeente in Nederland | NederlandWereldwijd,370,0009_paspoort-id-kaart_aanvragen-grensgemeente
https://www.nederlandwereldwijd.nl/paspoort-id-kaart/aanvragen-in-de-buurt,200,Buiten Nederland een paspoort of ID-kaart aanvragen bij u in de buurt | NederlandWereldwijd,959,0010_paspoort-id-kaart_aanvragen-in-de-buurt
https://www.nederlandwereldwijd.nl/paspoort-id-kaart/account-aanmaken-paspoort,200,Hoe maak ik een account aan voor het aanvraagformulier Nederlands paspoort of ID-kaart? | NederlandWereldwijd,299,0011_paspoort-id-kaart_account-aanmaken-paspoort
https://www.nederlandwereldwijd.nl/paspoort-id-kaart/buitenland,200,Nederlands paspoort of ID-kaart aanvragen of verlengen vanuit het buitenland | NederlandWereldwijd,410,0012_paspoort-id-kaart_buitenland
https://www.nederlandwereldwijd.nl/paspoort-id-kaart/buitenland/paspoort-afghanistan,200,Paspoort of ID-kaart aanvragen als u in Afghanistan woont | NederlandWereldwijd,56,0013_paspoort-id-kaart_buitenland_paspoort-afghanistan
https://www.nederlandwereldwijd.nl/paspoort-id-kaart/buitenland/paspoort-albanie,200,Paspoort of ID-kaart aanvragen als u in Albanië woont | NederlandWereldwijd,1216,0014_paspoort-id-kaart_buitenland_paspoort-albanie
https://www.nederlandwereldwijd.nl/paspoort-id-kaart/buitenland/paspoort-algerije,200,Paspoort of ID-kaart aanvragen als u in Algerije woont | NederlandWereldwijd,1126,0015_paspoort-id-kaart_buitenland_paspoort-algerije
https://www.nederlandwereldwijd.nl/paspoort-id-kaart/buitenland/paspoort-amerikaans-samoa,200,Paspoort of ID-kaart aanvragen als u in Amerikaans-Samoa woont | NederlandWereldwijd,1173,0016_paspoort-id-kaart_buitenland_paspoort-amerikaans-samoa
https://www.nederlandwereldwijd.nl/paspoort-id-kaart/buitenland/paspoort-amerikaanse-maagdeneilanden,200,Paspoort of ID-kaart aanvragen als u op de Amerikaanse Maagdeneilanden woont | NederlandWereldwijd,1186,0017_paspoort-id-kaart_buitenland_paspoort-amerikaanse-maagdeneilanden
https://www.nederlandwereldwijd.nl/paspoort-id-kaart/buitenland/paspoort-andorra,200,Paspoort of ID-kaart aanvragen als u in Andorra woont | NederlandWereldwijd,1167,0018_paspoort-id-kaart_buitenland_paspoort-andorra
https://www.nederlandwereldwijd.nl/paspoort-id-kaart/buitenland/paspoort-angola,200,Paspoort of ID-kaart aanvragen als u in Angola woont | NederlandWereldwijd,1121,0019_paspoort-id-kaart_buitenland_paspoort-angola
https://www.nederlandwereldwijd.nl/paspoort-id-kaart/buitenland/paspoort-anguilla,200,Paspoort of ID-kaart aanvragen als u in Anguilla woont | NederlandWereldwijd,1162,0020_paspoort-id-kaart_buitenland_paspoort-anguilla
https://www.nederlandwereldwijd.nl/paspoort-id-kaart/buitenland/paspoort-antigua-en-barbuda,200,Paspoort of ID-kaart aanvragen als u in Antigua en Barbuda woont | NederlandWereldwijd,1183,0021_paspoort-id-kaart_buitenland_paspoort-antigua-en-barbuda
https://www.nederlandwereldwijd.nl/paspoort-id-kaart/buitenland/paspoort-argentinie,200,Paspoort of ID-kaart aanvragen als u in Argentinië woont | NederlandWereldwijd,1193,0022_paspoort-id-kaart_buitenland_paspoort-argentinie
https://www.nederlandwereldwijd.nl/paspoort-id-kaart/buitenland/paspoort-armenie,200,Paspoort of ID-kaart aanvragen als u in Armenië woont | NederlandWereldwijd,1270,0023_paspoort-id-kaart_buitenland_paspoort-armenie
https://www.nederlandwereldwijd.nl/paspoort-id-kaart/buitenland/paspoort-australie,200,Nederlands paspoort of ID-kaart vernieuwen of aanvragen als u in Australië woont | NederlandWereldwijd,1631,0024_paspoort-id-kaart_buitenland_paspoort-australie
https://www.nederlandwereldwijd.nl/paspoort-id-kaart/buitenland/paspoort-azerbeidzjan,200,Paspoort of ID-kaart aanvragen als u in Azerbeidzjan woont | NederlandWereldwijd,1852,0025_paspoort-id-kaart_buitenland_paspoort-azerbeidzjan
https://www.nederlandwereldwijd.nl/paspoort-id-kaart/buitenland/paspoort-bahamas,200,Paspoort of ID-kaart aanvragen als u op de Bahama's woont | NederlandWereldwijd,1195,0026_paspoort-id-kaart_buitenland_paspoort-bahamas
https://www.nederlandwereldwijd.nl/paspoort-id-kaart/buitenland/paspoort-bahrein,200,Paspoort of ID-kaart aanvragen als u in Bahrein woont | NederlandWereldwijd,1126,0027_paspoort-id-kaart_buitenland_paspoort-bahrein
https://www.nederlandwereldwijd.nl/paspoort-id-kaart/buitenland/paspoort-bangladesh,200,Paspoort of ID-kaart aanvragen als u in Bangladesh woont | NederlandWereldwijd,1110,0028_paspoort-id-kaart_buitenland_paspoort-bangladesh
https://www.nederlandwereldwijd.nl/paspoort-id-kaart/buitenland/paspoort-barbados,200,Paspoort of ID-kaart aanvragen als u in Barbados woont | NederlandWereldwijd,1161,0029_paspoort-id-kaart_buitenland_paspoort-barbados
https://www.nederlandwereldwijd.nl/paspoort-id-kaart/buitenland/paspoort-belarus-wit-rusland,200,Paspoort of ID-kaart aanvragen als u in Belarus (Wit-Rusland) woont | NederlandWereldwijd,1170,0030_paspoort-id-kaart_buitenland_paspoort-belarus-wit-rusland
https://www.nederlandwereldwijd.nl/paspoort-id-kaart/buitenland/paspoort-belgie,200,Paspoort of ID-kaart aanvragen als u in België woont | NederlandWereldwijd,1313,0031_paspoort-id-kaart_buitenland_paspoort-belgie
https://www.nederlandwereldwijd.nl/paspoort-id-kaart/buitenland/paspoort-belize,200,Paspoort of ID-kaart aanvragen als u in Belize woont | NederlandWereldwijd,1122,0032_paspoort-id-kaart_buitenland_paspoort-belize
https://www.nederlandwereldwijd.nl/paspoort-id-kaart/buitenland/paspoort-benin,200,Paspoort of ID-kaart aanvragen als u in Benin woont | NederlandWereldwijd,1150,0033_paspoort-id-kaart_buitenland_paspoort-benin
https://www.nederlandwereldwijd.nl/paspoort-id-kaart/buitenland/paspoort-bhutan,200,Paspoort of ID-kaart aanvragen als u in Bhutan woont | NederlandWereldwijd,1269,0034_paspoort-id-kaart_buitenland_paspoort-bhutan
https://www.nederlandwereldwijd.nl/paspoort-id-kaart/buitenland/paspoort-bolivia,200,Paspoort of ID-kaart aanvragen als u in Bolivia woont | NederlandWereldwijd,1435,0035_paspoort-id-kaart_buitenland_paspoort-bolivia
https://www.nederlandwereldwijd.nl/paspoort-id-kaart/buitenland/paspoort-bosnie-en-herzegovina,200,Paspoort of ID-kaart aanvragen als u in Bosnië en Herzegovina woont | NederlandWereldwijd,1215,0036_paspoort-id-kaart_buitenland_paspoort-bosnie-en-herzegovina
https://www.nederlandwereldwijd.nl/paspoort-id-kaart/buitenland/paspoort-botswana,200,Paspoort of ID-kaart aanvragen als u in Botswana woont | NederlandWereldwijd,1219,0037_paspoort-id-kaart_buitenland_paspoort-botswana
https://www.nederlandwereldwijd.nl/paspoort-id-kaart/buitenland/paspoort-brazilie,200,Paspoort of ID-kaart aanvragen als u in Brazilië woont | NederlandWereldwijd,1164,0038_paspoort-id-kaart_buitenland_paspoort-brazilie
https://www.nederlandwereldwijd.nl/paspoort-id-kaart/buitenland/paspoort-britse-maagdeneilanden,200,Paspoort of ID-kaart aanvragen als u op de Britse Maagdeneilanden woont | NederlandWereldwijd,1174,0039_paspoort-id-kaart_buitenland_paspoort-britse-maagdeneilanden
https://www.nederlandwereldwijd.nl/paspoort-id-kaart/buitenland/paspoort-brunei-darussalam,200,Paspoort of ID-kaart aanvragen als u in Brunei Darussalam woont | NederlandWereldwijd,1158,0040_paspoort-id-kaart_buitenland_paspoort-brunei-darussalam
https://www.nederlandwereldwijd.nl/paspoort-id-kaart/buitenland/paspoort-bulgarije,200,Paspoort of ID-kaart aanvragen als u in Bulgarije woont | NederlandWereldwijd,1260,0041_paspoort-id-kaart_buitenland_paspoort-bulgarije
https://www.nederlandwereldwijd.nl/paspoort-id-kaart/buitenland/paspoort-burkina-faso,200,Paspoort of ID-kaart aanvragen als u in Burkina Faso woont | NederlandWereldwijd,1162,0042_paspoort-id-kaart_buitenland_paspoort-burkina-faso
https://www.nederlandwereldwijd.nl/paspoort-id-kaart/buitenland/paspoort-burundi,200,Paspoort of ID-kaart aanvragen als u in Burundi woont | NederlandWereldwijd,1142,0043_paspoort-id-kaart_buitenland_paspoort-burundi
https://www.nederlandwereldwijd.nl/paspoort-id-kaart/buitenland/paspoort-cambodja,200,Paspoort of ID-kaart aanvragen als u in Cambodja woont | NederlandWereldwijd,1154,0044_paspoort-id-kaart_buitenland_paspoort-cambodja
https://www.nederlandwereldwijd.nl/paspoort-id-kaart/buitenland/paspoort-canada,200,Paspoort of ID-kaart aanvragen als u in Canada woont | NederlandWereldwijd,2699,0045_paspoort-id-kaart_buitenland_paspoort-canada
https://www.nederlandwereldwijd.nl/paspoort-id-kaart/buitenland/paspoort-centraal-afrikaanse-republiek,200,Paspoort of ID-kaart aanvragen als u in de Centraal-Afrikaanse Republiek woont | NederlandWereldwijd,1140,0046_paspoort-id-kaart_buitenland_paspoort-centraal-afrikaanse-republiek
https://www.nederlandwereldwijd.nl/paspoort-id-kaart/buitenland/paspoort-chili,200,Paspoort of ID-kaart aanvragen als u in Chili woont | NederlandWereldwijd,1153,0047_paspoort-id-kaart_buitenland_paspoort-chili
https://www.nederlandwereldwijd.nl/paspoort-id-kaart/buitenland/paspoort-china,200,Paspoort of ID-kaart aanvragen als u in China woont | NederlandWereldwijd,1451,0048_paspoort-id-kaart_buitenland_paspoort-china
https://www.nederlandwereldwijd.nl/paspoort-id-kaart/buitenland/paspoort-colombia,200,Paspoort of ID-kaart aanvragen als u in Colombia woont | NederlandWereldwijd,1150,0049_paspoort-id-kaart_buitenland_paspoort-colombia
https://www.nederlandwereldwijd.nl/paspoort-id-kaart/buitenland/paspoort-comoren,200,Paspoort of ID-kaart aanvragen als u in de Comoren woont | NederlandWereldwijd,1152,0050_paspoort-id-kaart_buitenland_paspoort-comoren
https://www.nederlandwereldwijd.nl/paspoort-id-kaart/buitenland/paspoort-congo-de-republiek,200,Paspoort of ID-kaart aanvragen als u in de Republiek Congo woont | NederlandWereldwijd,1140,0051_paspoort-id-kaart_buitenland_paspoort-congo-de-republiek
https://www.nederlandwereldwijd.nl/paspoort-id-kaart/buitenland/paspoort-congo-democratische-republiek,200,Paspoort of ID-kaart aanvragen als u in de Democratische Republiek Congo woont | NederlandWereldwijd,1114,0052_paspoort-id-kaart_buitenland_paspoort-congo-democratische-republiek
https://www.nederlandwereldwijd.nl/paspoort-id-kaart/buitenland/paspoort-cookeilanden,200,Paspoort of ID-kaart aanvragen als op de Cookeilanden woont | NederlandWereldwijd,1182,0053_paspoort-id-kaart_buitenland_paspoort-cookeilanden
https://www.nederlandwereldwijd.nl/paspoort-id-kaart/buitenland/paspoort-costa-rica,200,Paspoort of ID-kaart aanvragen als u in Costa Rica woont | NederlandWereldwijd,1255,0054_paspoort-id-kaart_buitenland_paspoort-costa-rica
https://www.nederlandwereldwijd.nl/paspoort-id-kaart/buitenland/paspoort-cuba,200,Paspoort of ID-kaart aanvragen als u in Cuba woont | NederlandWereldwijd,1117,0055_paspoort-id-kaart_buitenland_paspoort-cuba
https://www.nederlandwereldwijd.nl/paspoort-id-kaart/buitenland/paspoort-cyprus,200,Paspoort of ID-kaart aanvragen als u in Cyprus woont | NederlandWereldwijd,1196,0056_paspoort-id-kaart_buitenland_paspoort-cyprus
https://www.nederlandwereldwijd.nl/paspoort-id-kaart/buitenland/paspoort-denemarken,200,Paspoort of ID-kaart aanvragen als u in Denemarken woont | NederlandWereldwijd,1606,0057_paspoort-id-kaart_buitenland_paspoort-denemarken
https://www.nederlandwereldwijd.nl/paspoort-id-kaart/buitenland/paspoort-djibouti,200,Paspoort of ID-kaart aanvragen als u in Djibouti woont | NederlandWereldwijd,1154,0058_paspoort-id-kaart_buitenland_paspoort-djibouti
https://www.nederlandwereldwijd.nl/paspoort-id-kaart/buitenland/paspoort-dominica,200,Paspoort of ID-kaart aanvragen als u in Dominica woont | NederlandWereldwijd,1176,0059_paspoort-id-kaart_buitenland_paspoort-dominica
https://www.nederlandwereldwijd.nl/paspoort-id-kaart/buitenland/paspoort-dominicaanse-republiek,200,Paspoort of ID-kaart aanvragen als u in de Dominicaanse Republiek woont | NederlandWereldwijd,1333,0060_paspoort-id-kaart_buitenland_paspoort-dominicaanse-republiek
https://www.nederlandwereldwijd.nl/paspoort-id-kaart/buitenland/paspoort-duitsland,200,Nederlands paspoort of ID-kaart vernieuwen of voor het eerst aanvragen als u in Duitsland woont | NederlandWereldwijd,1377,0061_paspoort-id-kaart_buitenland_paspoort-duitsland
https://www.nederlandwereldwijd.nl/paspoort-id-kaart/buitenland/paspoort-ecuador,200,Paspoort of ID-kaart aanvragen als u in Ecuador woont | NederlandWereldwijd,1145,0062_paspoort-id-kaart_buitenland_paspoort-ecuador
https://www.nederlandwereldwijd.nl/paspoort-id-kaart/buitenland/paspoort-egypte,200,Paspoort of ID-kaart aanvragen als u in Egypte woont | NederlandWereldwijd,1199,0063_paspoort-id-kaart_buitenland_paspoort-egypte
https://www.nederlandwereldwijd.nl/paspoort-id-kaart/buitenland/paspoort-el-salvador,200,Paspoort of ID-kaart aanvragen als u in El Salvador woont | NederlandWereldwijd,1279,0064_paspoort-id-kaart_buitenland_paspoort-el-salvador
https://www.nederlandwereldwijd.nl/paspoort-id-kaart/buitenland/paspoort-equatoriaal-guinea,200,Paspoort of ID-kaart aanvragen als u in Equatoriaal-Guinea woont | NederlandWereldwijd,1149,0065_paspoort-id-kaart_buitenland_paspoort-equatoriaal-guinea
https://www.nederlandwereldwijd.nl/paspoort-id-kaart/buitenland/paspoort-eritrea,200,Paspoort of ID-kaart aanvragen als u in Eritrea woont | NederlandWereldwijd,1152,0066_paspoort-id-kaart_buitenland_paspoort-eritrea
https://www.nederlandwereldwijd.nl/paspoort-id-kaart/buitenland/paspoort-estland,200,Paspoort of ID-kaart aanvragen als u in Estland woont | NederlandWereldwijd,1199,0067_paspoort-id-kaart_buitenland_paspoort-estland
https://www.nederlandwereldwijd.nl/paspoort-id-kaart/buitenland/paspoort-eswatini,200,Paspoort of ID-kaart aanvragen als u in Eswatini woont | NederlandWereldwijd,1232,0068_paspoort-id-kaart_buitenland_paspoort-eswatini
https://www.nederlandwereldwijd.nl/paspoort-id-kaart/buitenland/paspoort-ethiopie,200,Paspoort of ID-kaart aanvragen als u in Ethiopië woont | NederlandWereldwijd,1483,0069_paspoort-id-kaart_buitenland_paspoort-ethiopie
https://www.nederlandwereldwijd.nl/paspoort-id-kaart/buitenland/paspoort-fiji,200,Paspoort of ID-kaart aanvragen als u in Fiji woont | NederlandWereldwijd,1173,0070_paspoort-id-kaart_buitenland_paspoort-fiji
https://www.nederlandwereldwijd.nl/paspoort-id-kaart/buitenland/paspoort-filipijnen,200,Paspoort of ID-kaart aanvragen als u in de Filipijnen woont | NederlandWereldwijd,1397,0071_paspoort-id-kaart_buitenland_paspoort-filipijnen
https://www.nederlandwereldwijd.nl/paspoort-id-kaart/buitenland/paspoort-finland,200,Paspoort of ID-kaart aanvragen als u in Finland woont | NederlandWereldwijd,1420,0072_paspoort-id-kaart_buitenland_paspoort-finland
https://www.nederlandwereldwijd.nl/paspoort-id-kaart/buitenland/paspoort-frankrijk,200,Nederlands paspoort of ID-kaart vernieuwen of aanvragen als u in Frankrijk woont | NederlandWereldwijd,1145,0073_paspoort-id-kaart_buitenland_paspoort-frankrijk
https://www.nederlandwereldwijd.nl/paspoort-id-kaart/buitenland/paspoort-frans-guyana,200,Paspoort of ID-kaart aanvragen als u in Frans-Guyana woont | NederlandWereldwijd,1115,0074_paspoort-id-kaart_buitenland_paspoort-frans-guyana
https://www.nederlandwereldwijd.nl/paspoort-id-kaart/buitenland/paspoort-frans-polynesie,200,Paspoort of ID-kaart aanvragen als u in Frans-Polynesië woont | NederlandWereldwijd,1174,0075_paspoort-id-kaart_buitenland_paspoort-frans-polynesie
https://www.nederlandwereldwijd.nl/paspoort-id-kaart/buitenland/paspoort-gabon,200,Paspoort of ID-kaart aanvragen als u in Gabon woont | NederlandWereldwijd,1151,0076_paspoort-id-kaart_buitenland_paspoort-gabon
https://www.nederlandwereldwijd.nl/paspoort-id-kaart/buitenland/paspoort-gambia,200,Paspoort of ID-kaart aanvragen als u in Gambia woont | NederlandWereldwijd,1181,0077_paspoort-id-kaart_buitenland_paspoort-gambia
https://www.nederlandwereldwijd.nl/paspoort-id-kaart/buitenland/paspoort-georgie,200,Paspoort of ID-kaart aanvragen als u in Georgië woont | NederlandWereldwijd,1057,0078_paspoort-id-kaart_buitenland_paspoort-georgie
https://www.nederlandwereldwijd.nl/paspoort-id-kaart/buitenland/paspoort-ghana,200,Paspoort of ID-kaart aanvragen als u in Ghana woont | NederlandWereldwijd,1270,0079_paspoort-id-kaart_buitenland_paspoort-ghana
https://www.nederlandwereldwijd.nl/paspoort-id-kaart/buitenland/paspoort-grenada,200,Paspoort of ID-kaart aanvragen als u in Grenada woont | NederlandWereldwijd,1169,0080_paspoort-id-kaart_buitenland_paspoort-grenada
https://www.nederlandwereldwijd.nl/paspoort-id-kaart/buitenland/paspoort-griekenland,200,Paspoort of ID-kaart aanvragen als u in Griekenland woont | NederlandWereldwijd,1517,0081_paspoort-id-kaart_buitenland_paspoort-griekenland
https://www.nederlandwereldwijd.nl/paspoort-id-kaart/buitenland/paspoort-groenland,200,Paspoort of ID-kaart aanvragen als u in Groenland woont | NederlandWereldwijd,1177,0082_paspoort-id-kaart_buitenland_paspoort-groenland
https://www.nederlandwereldwijd.nl/paspoort-id-kaart/buitenland/paspoort-guadeloupe,200,Paspoort of ID-kaart aanvragen als u in Guadeloupe woont | NederlandWereldwijd,1162,0083_paspoort-id-kaart_buitenland_paspoort-guadeloupe
https://www.nederlandwereldwijd.nl/paspoort-id-kaart/buitenland/paspoort-guatemala,200,Paspoort of ID-kaart aanvragen als u in Guatemala woont | NederlandWereldwijd,1273,0084_paspoort-id-kaart_buitenland_paspoort-guatemala
https://www.nederlandwereldwijd.nl/paspoort-id-kaart/buitenland/paspoort-guinee,200,Paspoort of ID-kaart aanvragen als u in Guinee woont | NederlandWereldwijd,1684,0085_paspoort-id-kaart_buitenland_paspoort-guinee
https://www.nederlandwereldwijd.nl/paspoort-id-kaart/buitenland/paspoort-guinee-bissau,200,Paspoort of ID-kaart aanvragen als u in Guinee-Bissau woont | NederlandWereldwijd,1181,0086_paspoort-id-kaart_buitenland_paspoort-guinee-bissau
https://www.nederlandwereldwijd.nl/paspoort-id-kaart/buitenland/paspoort-guyana,200,Paspoort of ID-kaart aanvragen als u in Guyana woont | NederlandWereldwijd,1107,0087_paspoort-id-kaart_buitenland_paspoort-guyana
https://www.nederlandwereldwijd.nl/paspoort-id-kaart/buitenland/paspoort-haiti,200,Paspoort of ID-kaart aanvragen als u in Haïti woont | NederlandWereldwijd,1121,0088_paspoort-id-kaart_buitenland_paspoort-haiti
https://www.nederlandwereldwijd.nl/paspoort-id-kaart/buitenland/paspoort-heilige-stoel,200,Paspoort of ID-kaart aanvragen als u in Heilige Stoel / Vaticaanstad woont | NederlandWereldwijd,1144,0089_paspoort-id-kaart_buitenland_paspoort-heilige-stoel
https://www.nederlandwereldwijd.nl/paspoort-id-kaart/buitenland/paspoort-honduras,200,Paspoort of ID-kaart aanvragen als u in Honduras woont | NederlandWereldwijd,1278,0090_paspoort-id-kaart_buitenland_paspoort-honduras
https://www.nederlandwereldwijd.nl/paspoort-id-kaart/buitenland/paspoort-hongarije,200,Paspoort of ID-kaart aanvragen als u in Hongarije woont | NederlandWereldwijd,1119,0091_paspoort-id-kaart_buitenland_paspoort-hongarije
https://www.nederlandwereldwijd.nl/paspoort-id-kaart/buitenland/paspoort-hongkong,200,Paspoort of ID-kaart aanvragen als u in Hongkong SAR woont | NederlandWereldwijd,1220,0092_paspoort-id-kaart_buitenland_paspoort-hongkong
https://www.nederlandwereldwijd.nl/paspoort-id-kaart/buitenland/paspoort-ierland,200,Paspoort of ID-kaart aanvragen als u in Ierland woont | NederlandWereldwijd,1243,0093_paspoort-id-kaart_buitenland_paspoort-ierland
https://www.nederlandwereldwijd.nl/paspoort-id-kaart/buitenland/paspoort-ijsland,200,Paspoort of ID-kaart aanvragen als u in IJsland woont | NederlandWereldwijd,1163,0094_paspoort-id-kaart_buitenland_paspoort-ijsland
https://www.nederlandwereldwijd.nl/paspoort-id-kaart/buitenland/paspoort-india,200,Paspoort of ID-kaart aanvragen als u in India woont | NederlandWereldwijd,1432,0095_paspoort-id-kaart_buitenland_paspoort-india
https://www.nederlandwereldwijd.nl/paspoort-id-kaart/buitenland/paspoort-indonesie,200,Paspoort of ID-kaart aanvragen als u in Indonesië bent | NederlandWereldwijd,1203,0096_paspoort-id-kaart_buitenland_paspoort-indonesie
https://www.nederlandwereldwijd.nl/paspoort-id-kaart/buitenland/paspoort-irak,200,Paspoort of ID-kaart aanvragen als u in Irak woont | NederlandWereldwijd,2100,0097_paspoort-id-kaart_buitenland_paspoort-irak
https://www.nederlandwereldwijd.nl/paspoort-id-kaart/buitenland/paspoort-iran,200,Paspoort of ID-kaart aanvragen als u in Iran woont | NederlandWereldwijd,1302,0098_paspoort-id-kaart_buitenland_paspoort-iran
https://www.nederlandwereldwijd.nl/paspoort-id-kaart/buitenland/paspoort-israel,200,Paspoort of ID-kaart aanvragen als u in Israël woont | NederlandWereldwijd,1208,0099_paspoort-id-kaart_buitenland_paspoort-israel
https://www.nederlandwereldwijd.nl/paspoort-id-kaart/buitenland/paspoort-italie,200,Paspoort of ID-kaart aanvragen als u in Italië woont | NederlandWereldwijd,1695,0100_paspoort-id-kaart_buitenland_paspoort-italie
https://www.nederlandwereldwijd.nl/paspoort-id-kaart/buitenland/paspoort-ivoorkust,200,Paspoort of ID-kaart aanvragen als u in Ivoorkust woont | NederlandWereldwijd,1158,0101_paspoort-id-kaart_buitenland_paspoort-ivoorkust
https://www.nederlandwereldwijd.nl/paspoort-id-kaart/buitenland/paspoort-jamaica,200,Paspoort of ID-kaart aanvragen als u in Jamaica woont | NederlandWereldwijd,1128,0102_paspoort-id-kaart_buitenland_paspoort-jamaica
https://www.nederlandwereldwijd.nl/paspoort-id-kaart/buitenland/paspoort-japan,200,Paspoort of ID-kaart aanvragen als u in Japan woont | NederlandWereldwijd,1159,0103_paspoort-id-kaart_buitenland_paspoort-japan
https://www.nederlandwereldwijd.nl/paspoort-id-kaart/buitenland/paspoort-jemen,200,Paspoort of ID-kaart aanvragen als u in Jemen woont | NederlandWereldwijd,54,0104_paspoort-id-kaart_buitenland_paspoort-jemen
https://www.nederlandwereldwijd.nl/paspoort-id-kaart/buitenland/paspoort-jordanie,200,Paspoort of ID-kaart aanvragen als u in Jordanië woont | NederlandWereldwijd,1194,0105_paspoort-id-kaart_buitenland_paspoort-jordanie
https://www.nederlandwereldwijd.nl/paspoort-id-kaart/buitenland/paspoort-kaaimaneilanden,200,Paspoort of ID-kaart aanvragen als u op de Kaaimaneilanden woont | NederlandWereldwijd,1186,0106_paspoort-id-kaart_buitenland_paspoort-kaaimaneilanden
https://www.nederlandwereldwijd.nl/paspoort-id-kaart/buitenland/paspoort-kaapverdie,200,Paspoort of ID-kaart aanvragen als u in Kaapverdië woont | NederlandWereldwijd,1190,0107_paspoort-id-kaart_buitenland_paspoort-kaapverdie
https://www.nederlandwereldwijd.nl/paspoort-id-kaart/buitenland/paspoort-kameroen,200,Paspoort of ID-kaart aanvragen als u in Kameroen woont | NederlandWereldwijd,1158,0108_paspoort-id-kaart_buitenland_paspoort-kameroen
https://www.nederlandwereldwijd.nl/paspoort-id-kaart/buitenland/paspoort-kazachstan,200,Paspoort of ID-kaart aanvragen als u in Kazachstan woont | NederlandWereldwijd,1450,0109_paspoort-id-kaart_buitenland_paspoort-kazachstan
https://www.nederlandwereldwijd.nl/paspoort-id-kaart/buitenland/paspoort-kenia,200,Paspoort of ID-kaart aanvragen als u in Kenia woont | NederlandWereldwijd,1242,0110_paspoort-id-kaart_buitenland_paspoort-kenia
https://www.nederlandwereldwijd.nl/paspoort-id-kaart/buitenland/paspoort-kirgizie,200,Paspoort of ID-kaart aanvragen als u in Kirgizië woont | NederlandWereldwijd,1463,0111_paspoort-id-kaart_buitenland_paspoort-kirgizie
https://www.nederlandwereldwijd.nl/paspoort-id-kaart/buitenland/paspoort-kiribati,200,Paspoort of ID-kaart aanvragen als u in Kiribati woont | NederlandWereldwijd,1177,0112_paspoort-id-kaart_buitenland_paspoort-kiribati
https://www.nederlandwereldwijd.nl/paspoort-id-kaart/buitenland/paspoort-koeweit,200,Paspoort of ID-kaart aanvragen als u in Koeweit woont | NederlandWereldwijd,1124,0113_paspoort-id-kaart_buitenland_paspoort-koeweit
https://www.nederlandwereldwijd.nl/paspoort-id-kaart/buitenland/paspoort-kosovo,200,Paspoort of ID-kaart aanvragen als u in Kosovo woont | NederlandWereldwijd,1158,0114_paspoort-id-kaart_buitenland_paspoort-kosovo
https://www.nederlandwereldwijd.nl/paspoort-id-kaart/buitenland/paspoort-kroatie,200,Paspoort of ID-kaart aanvragen als u in Kroatië woont | NederlandWereldwijd,1221,0115_paspoort-id-kaart_buitenland_paspoort-kroatie
https://www.nederlandwereldwijd.nl/paspoort-id-kaart/buitenland/paspoort-laos,200,Paspoort of ID-kaart aanvragen als u in Laos woont | NederlandWereldwijd,1165,0116_paspoort-id-kaart_buitenland_paspoort-laos
https://www.nederlandwereldwijd.nl/paspoort-id-kaart/buitenland/paspoort-lesotho,200,Paspoort of ID-kaart aanvragen als u in Lesotho woont | NederlandWereldwijd,1234,0117_paspoort-id-kaart_buitenland_paspoort-lesotho
https://www.nederlandwereldwijd.nl/paspoort-id-kaart/buitenland/paspoort-letland,200,Paspoort of ID-kaart aanvragen als u in Letland woont | NederlandWereldwijd,1781,0118_paspoort-id-kaart_buitenland_paspoort-letland
https://www.nederlandwereldwijd.nl/paspoort-id-kaart/buitenland/paspoort-libanon,200,Paspoort of ID-kaart aanvragen als u in Libanon woont | NederlandWereldwijd,1233,0119_paspoort-id-kaart_buitenland_paspoort-libanon
https://www.nederlandwereldwijd.nl/paspoort-id-kaart/buitenland/paspoort-liberia,200,Paspoort of ID-kaart aanvragen als u in Liberia woont | NederlandWereldwijd,1168,0120_paspoort-id-kaart_buitenland_paspoort-liberia
https://www.nederlandwereldwijd.nl/paspoort-id-kaart/buitenland/paspoort-libie,200,Paspoort of ID-kaart aanvragen als u in Libië woont | NederlandWereldwijd,52,0121_paspoort-id-kaart_buitenland_paspoort-libie
https://www.nederlandwereldwijd.nl/paspoort-id-kaart/buitenland/paspoort-liechtenstein,200,Paspoort of ID-kaart aanvragen als u in Liechtenstein woont | NederlandWereldwijd,1202,0122_paspoort-id-kaart_buitenland_paspoort-liechtenstein
https://www.nederlandwereldwijd.nl/paspoort-id-kaart/buitenland/paspoort-litouwen,200,Paspoort of ID-kaart aanvragen als u in Litouwen woont | NederlandWereldwijd,1800,0123_paspoort-id-kaart_buitenland_paspoort-litouwen
https://www.nederlandwereldwijd.nl/paspoort-id-kaart/buitenland/paspoort-luxemburg,200,Paspoort of ID-kaart aanvragen als u in Luxemburg woont | NederlandWereldwijd,1932,0124_paspoort-id-kaart_buitenland_paspoort-luxemburg
https://www.nederlandwereldwijd.nl/paspoort-id-kaart/buitenland/paspoort-macau-sar,200,Paspoort of ID-kaart aanvragen als u in Macau SAR woont | NederlandWereldwijd,1163,0125_paspoort-id-kaart_buitenland_paspoort-macau-sar
https://www.nederlandwereldwijd.nl/paspoort-id-kaart/buitenland/paspoort-madagaskar,200,Paspoort of ID-kaart aanvragen als u in Madagaskar woont | NederlandWereldwijd,1135,0126_paspoort-id-kaart_buitenland_paspoort-madagaskar
https://www.nederlandwereldwijd.nl/paspoort-id-kaart/buitenland/paspoort-malawi,200,Paspoort of ID-kaart aanvragen als u in Malawi woont | NederlandWereldwijd,1183,0127_paspoort-id-kaart_buitenland_paspoort-malawi
https://www.nederlandwereldwijd.nl/paspoort-id-kaart/buitenland/paspoort-maldiven,200,Paspoort of ID-kaart aanvragen als u op de Maldiven woont | NederlandWereldwijd,1143,0128_paspoort-id-kaart_buitenland_paspoort-maldiven
https://www.nederlandwereldwijd.nl/paspoort-id-kaart/buitenland/paspoort-maleisie,200,Paspoort of ID-kaart aanvragen als u in Maleisië woont | NederlandWereldwijd,1145,0129_paspoort-id-kaart_buitenland_paspoort-maleisie
https://www.nederlandwereldwijd.nl/paspoort-id-kaart/buitenland/paspoort-mali,200,Paspoort of ID-kaart aanvragen als u in Mali woont | NederlandWereldwijd,1130,0130_paspoort-id-kaart_buitenland_paspoort-mali
https://www.nederlandwereldwijd.nl/paspoort-id-kaart/buitenland/paspoort-malta,200,Paspoort of ID-kaart aanvragen als u in Malta woont | NederlandWereldwijd,1170,0131_paspoort-id-kaart_buitenland_paspoort-malta
https://www.nederlandwereldwijd.nl/paspoort-id-kaart/buitenland/paspoort-marokko,200,Nederlands paspoort of ID-kaart vernieuwen of aanvragen als u in Marokko woont | NederlandWereldwijd,941,0132_paspoort-id-kaart_buitenland_paspoort-marokko
https://www.nederlandwereldwijd.nl/paspoort-id-kaart/buitenland/paspoort-marshalleilanden,200,Paspoort of ID-kaart aanvragen als u op de Marshalleilanden woont | NederlandWereldwijd,1170,0133_paspoort-id-kaart_buitenland_paspoort-marshalleilanden
https://www.nederlandwereldwijd.nl/paspoort-id-kaart/buitenland/paspoort-martinique,200,Paspoort of ID-kaart aanvragen als u in Martinique woont | NederlandWereldwijd,1169,0134_paspoort-id-kaart_buitenland_paspoort-martinique
https://www.nederlandwereldwijd.nl/paspoort-id-kaart/buitenland/paspoort-mauritanie,200,Paspoort of ID-kaart aanvragen als u in Mauritanië woont | NederlandWereldwijd,1181,0135_paspoort-id-kaart_buitenland_paspoort-mauritanie
https://www.nederlandwereldwijd.nl/paspoort-id-kaart/buitenland/paspoort-mauritius,200,Paspoort of ID-kaart aanvragen als u in Mauritius woont | NederlandWereldwijd,1145,0136_paspoort-id-kaart_buitenland_paspoort-mauritius
https://www.nederlandwereldwijd.nl/paspoort-id-kaart/buitenland/paspoort-mexico,200,Paspoort of ID-kaart aanvragen als u in Mexico woont | NederlandWereldwijd,1227,0137_paspoort-id-kaart_buitenland_paspoort-mexico
https://www.nederlandwereldwijd.nl/paspoort-id-kaart/buitenland/paspoort-micronesie,200,Paspoort of ID-kaart aanvragen als u in Micronesië woont | NederlandWereldwijd,1152,0138_paspoort-id-kaart_buitenland_paspoort-micronesie
https://www.nederlandwereldwijd.nl/paspoort-id-kaart/buitenland/paspoort-moldavie,200,Paspoort of ID-kaart aanvragen als u in Moldavië woont | NederlandWereldwijd,1246,0139_paspoort-id-kaart_buitenland_paspoort-moldavie
https://www.nederlandwereldwijd.nl/paspoort-id-kaart/buitenland/paspoort-monaco,200,Paspoort of ID-kaart aanvragen als u in Monaco woont | NederlandWereldwijd,1147,0140_paspoort-id-kaart_buitenland_paspoort-monaco
https://www.nederlandwereldwijd.nl/paspoort-id-kaart/buitenland/paspoort-mongolie,200,Paspoort of ID-kaart aanvragen als u in Mongolië woont | NederlandWereldwijd,1313,0141_paspoort-id-kaart_buitenland_paspoort-mongolie
https://www.nederlandwereldwijd.nl/paspoort-id-kaart/buitenland/paspoort-montenegro,200,Paspoort of ID-kaart aanvragen als u in Montenegro woont | NederlandWereldwijd,1280,0142_paspoort-id-kaart_buitenland_paspoort-montenegro
https://www.nederlandwereldwijd.nl/paspoort-id-kaart/buitenland/paspoort-montserrat,200,Paspoort of ID-kaart aanvragen als u in Montserrat woont | NederlandWereldwijd,1169,0143_paspoort-id-kaart_buitenland_paspoort-montserrat
https://www.nederlandwereldwijd.nl/paspoort-id-kaart/buitenland/paspoort-mozambique,200,Paspoort of ID-kaart aanvragen als u in Mozambique woont | NederlandWereldwijd,1146,0144_paspoort-id-kaart_buitenland_paspoort-mozambique
https://www.nederlandwereldwijd.nl/paspoort-id-kaart/buitenland/paspoort-myanmar,200,Paspoort of ID-kaart aanvragen als u in Myanmar woont | NederlandWereldwijd,1175,0145_paspoort-id-kaart_buitenland_paspoort-myanmar
https://www.nederlandwereldwijd.nl/paspoort-id-kaart/buitenland/paspoort-namibie,200,Paspoort of ID-kaart aanvragen als u in Namibië woont | NederlandWereldwijd,1252,0146_paspoort-id-kaart_buitenland_paspoort-namibie
https://www.nederlandwereldwijd.nl/paspoort-id-kaart/buitenland/paspoort-nauru,200,Paspoort of ID-kaart aanvragen als u in Naoero (Nauru) woont | NederlandWereldwijd,1358,0147_paspoort-id-kaart_buitenland_paspoort-nauru
https://www.nederlandwereldwijd.nl/paspoort-id-kaart/buitenland/paspoort-nepal,200,Paspoort of ID-kaart aanvragen als u in Nepal woont | NederlandWereldwijd,1269,0148_paspoort-id-kaart_buitenland_paspoort-nepal
https://www.nederlandwereldwijd.nl/paspoort-id-kaart/buitenland/paspoort-nicaragua,200,Paspoort of ID-kaart aanvragen als u in Nicaragua woont | NederlandWereldwijd,1085,0149_paspoort-id-kaart_buitenland_paspoort-nicaragua
https://www.nederlandwereldwijd.nl/paspoort-id-kaart/buitenland/paspoort-nieuw-caledonie,200,Paspoort of ID-kaart aanvragen als u in Nieuw-Caledonië woont | NederlandWereldwijd,1179,0150_paspoort-id-kaart_buitenland_paspoort-nieuw-caledonie
https://www.nederlandwereldwijd.nl/paspoort-id-kaart/buitenland/paspoort-nieuw-zeeland,200,Paspoort of ID-kaart aanvragen als u in Nieuw-Zeeland woont | NederlandWereldwijd,1892,0151_paspoort-id-kaart_buitenland_paspoort-nieuw-zeeland
https://www.nederlandwereldwijd.nl/paspoort-id-kaart/buitenland/paspoort-niger,200,Paspoort of ID-kaart aanvragen als u in Niger woont | NederlandWereldwijd,1163,0152_paspoort-id-kaart_buitenland_paspoort-niger
https://www.nederlandwereldwijd.nl/paspoort-id-kaart/buitenland/paspoort-nigeria,200,Paspoort of ID-kaart aanvragen als u in Nigeria woont | NederlandWereldwijd,1167,0153_paspoort-id-kaart_buitenland_paspoort-nigeria
https://www.nederlandwereldwijd.nl/paspoort-id-kaart/buitenland/paspoort-niue,200,Paspoort of ID-kaart aanvragen als u in Niue woont | NederlandWereldwijd,1187,0154_paspoort-id-kaart_buitenland_paspoort-niue
https://www.nederlandwereldwijd.nl/paspoort-id-kaart/buitenland/paspoort-noord-korea,200,Paspoort of ID-kaart aanvragen als u in Noord-Korea woont | NederlandWereldwijd,1156,0155_paspoort-id-kaart_buitenland_paspoort-noord-korea
https://www.nederlandwereldwijd.nl/paspoort-id-kaart/buitenland/paspoort-noord-macedonie,200,Paspoort of ID-kaart aanvragen als u in Noord-Macedonië woont | NederlandWereldwijd,1260,0156_paspoort-id-kaart_buitenland_paspoort-noord-macedonie
https://www.nederlandwereldwijd.nl/paspoort-id-kaart/buitenland/paspoort-noorwegen,200,Paspoort of ID-kaart aanvragen als u in Noorwegen woont | NederlandWereldwijd,1742,0157_paspoort-id-kaart_buitenland_paspoort-noorwegen
https://www.nederlandwereldwijd.nl/paspoort-id-kaart/buitenland/paspoort-oekraine,200,Paspoort of ID-kaart aanvragen als u in Oekraïne woont | NederlandWereldwijd,93,0158_paspoort-id-kaart_buitenland_paspoort-oekraine
https://www.nederlandwereldwijd.nl/paspoort-id-kaart/buitenland/paspoort-oezbekistan,200,Paspoort of ID-kaart aanvragen als u in Oezbekistan woont | NederlandWereldwijd,1457,0159_paspoort-id-kaart_buitenland_paspoort-oezbekistan
https://www.nederlandwereldwijd.nl/paspoort-id-kaart/buitenland/paspoort-oman,200,Paspoort of ID-kaart aanvragen als u in Oman woont | NederlandWereldwijd,1075,0160_paspoort-id-kaart_buitenland_paspoort-oman
https://www.nederlandwereldwijd.nl/paspoort-id-kaart/buitenland/paspoort-oost-timor,200,Paspoort of ID-kaart aanvragen als u in Oost-Timor woont | NederlandWereldwijd,1091,0161_paspoort-id-kaart_buitenland_paspoort-oost-timor
https://www.nederlandwereldwijd.nl/paspoort-id-kaart/buitenland/paspoort-oostenrijk,200,Paspoort of ID-kaart aanvragen als u in Oostenrijk woont | NederlandWereldwijd,1520,0162_paspoort-id-kaart_buitenland_paspoort-oostenrijk
https://www.nederlandwereldwijd.nl/paspoort-id-kaart/buitenland/paspoort-pakistan,200,Paspoort of ID-kaart aanvragen als u in Pakistan woont | NederlandWereldwijd,1215,0163_paspoort-id-kaart_buitenland_paspoort-pakistan
https://www.nederlandwereldwijd.nl/paspoort-id-kaart/buitenland/paspoort-palau,200,Paspoort of ID-kaart aanvragen als u in Palau woont | NederlandWereldwijd,1171,0164_paspoort-id-kaart_buitenland_paspoort-palau
https://www.nederlandwereldwijd.nl/paspoort-id-kaart/buitenland/paspoort-palestijnse-gebieden,200,Paspoort of ID-kaart aanvragen als u in de Palestijnse Gebieden woont | NederlandWereldwijd,1034,0165_paspoort-id-kaart_buitenland_paspoort-palestijnse-gebieden
https://www.nederlandwereldwijd.nl/paspoort-id-kaart/buitenland/paspoort-panama,200,Paspoort of ID-kaart aanvragen als u in Panama woont | NederlandWereldwijd,1161,0166_paspoort-id-kaart_buitenland_paspoort-panama
https://www.nederlandwereldwijd.nl/paspoort-id-kaart/buitenland/paspoort-papoea-nieuw-guinea,200,Paspoort of ID-kaart aanvragen als u in Papoea-Nieuw-Guinea woont | NederlandWereldwijd,1360,0167_paspoort-id-kaart_buitenland_paspoort-papoea-nieuw-guinea
https://www.nederlandwereldwijd.nl/paspoort-id-kaart/buitenland/paspoort-paraguay,200,Paspoort of ID-kaart aanvragen als u in Paraguay woont | NederlandWereldwijd,1179,0168_paspoort-id-kaart_buitenland_paspoort-paraguay
https://www.nederlandwereldwijd.nl/paspoort-id-kaart/buitenland/paspoort-peru,200,Paspoort of ID-kaart aanvragen als u in Peru woont | NederlandWereldwijd,1286,0169_paspoort-id-kaart_buitenland_paspoort-peru
https://www.nederlandwereldwijd.nl/paspoort-id-kaart/buitenland/paspoort-pitcairneilanden,200,Paspoort of ID-kaart aanvragen als u op de Pitcairneilanden woont | NederlandWereldwijd,1187,0170_paspoort-id-kaart_buitenland_paspoort-pitcairneilanden
https://www.nederlandwereldwijd.nl/paspoort-id-kaart/buitenland/paspoort-polen,200,Paspoort of ID-kaart aanvragen als u in Polen woont | NederlandWereldwijd,1486,0171_paspoort-id-kaart_buitenland_paspoort-polen
https://www.nederlandwereldwijd.nl/paspoort-id-kaart/buitenland/paspoort-portugal,200,Paspoort of ID-kaart aanvragen als u in Portugal woont | NederlandWereldwijd,1842,0172_paspoort-id-kaart_buitenland_paspoort-portugal
https://www.nederlandwereldwijd.nl/paspoort-id-kaart/buitenland/paspoort-puerto-rico,200,Paspoort of ID-kaart aanvragen als u in Puerto Rico woont | NederlandWereldwijd,1189,0173_paspoort-id-kaart_buitenland_paspoort-puerto-rico
https://www.nederlandwereldwijd.nl/paspoort-id-kaart/buitenland/paspoort-qatar,200,Paspoort of ID-kaart aanvragen als u in Qatar woont | NederlandWereldwijd,1066,0174_paspoort-id-kaart_buitenland_paspoort-qatar
https://www.nederlandwereldwijd.nl/paspoort-id-kaart/buitenland/paspoort-reunion,200,Paspoort of ID-kaart aanvragen als u in Réunion woont | NederlandWereldwijd,1188,0175_paspoort-id-kaart_buitenland_paspoort-reunion
https://www.nederlandwereldwijd.nl/paspoort-id-kaart/buitenland/paspoort-roemenie,200,Paspoort of ID-kaart aanvragen als u in Roemenië woont | NederlandWereldwijd,1262,0176_paspoort-id-kaart_buitenland_paspoort-roemenie
https://www.nederlandwereldwijd.nl/paspoort-id-kaart/buitenland/paspoort-rusland,200,Paspoort of ID-kaart aanvragen als u in Rusland woont | NederlandWereldwijd,1185,0177_paspoort-id-kaart_buitenland_paspoort-rusland
https://www.nederlandwereldwijd.nl/paspoort-id-kaart/buitenland/paspoort-rwanda,200,Paspoort of ID-kaart aanvragen als u in Rwanda woont | NederlandWereldwijd,1064,0178_paspoort-id-kaart_buitenland_paspoort-rwanda
https://www.nederlandwereldwijd.nl/paspoort-id-kaart/buitenland/paspoort-saint-kitts-en-nevis,200,Paspoort of ID-kaart aanvragen als u in Saint Kitts en Nevis woont | NederlandWereldwijd,1199,0179_paspoort-id-kaart_buitenland_paspoort-saint-kitts-en-nevis
https://www.nederlandwereldwijd.nl/paspoort-id-kaart/buitenland/paspoort-saint-lucia,200,Paspoort of ID-kaart aanvragen als u in Saint Lucia woont | NederlandWereldwijd,1188,0180_paspoort-id-kaart_buitenland_paspoort-saint-lucia
https://www.nederlandwereldwijd.nl/paspoort-id-kaart/buitenland/paspoort-saint-vincent-en-de-grenadines,200,Paspoort of ID-kaart aanvragen als u in Saint Vincent en de Grenadines woont | NederlandWereldwijd,1195,0181_paspoort-id-kaart_buitenland_paspoort-saint-vincent-en-de-grenadines
https://www.nederlandwereldwijd.nl/paspoort-id-kaart/buitenland/paspoort-salomonseilanden,200,Paspoort of ID-kaart aanvragen als u in de Salomonseilanden woont | NederlandWereldwijd,1378,0182_paspoort-id-kaart_buitenland_paspoort-salomonseilanden
https://www.nederlandwereldwijd.nl/paspoort-id-kaart/buitenland/paspoort-samoa,200,Paspoort of ID-kaart aanvragen als u in Samoa woont | NederlandWereldwijd,1188,0183_paspoort-id-kaart_buitenland_paspoort-samoa
https://www.nederlandwereldwijd.nl/paspoort-id-kaart/buitenland/paspoort-san-marino,200,Paspoort of ID-kaart aanvragen als u in San Marino woont | NederlandWereldwijd,1157,0184_paspoort-id-kaart_buitenland_paspoort-san-marino
https://www.nederlandwereldwijd.nl/paspoort-id-kaart/buitenland/paspoort-sao-tome-en-principe,200,Paspoort of ID-kaart aanvragen als u in Sao Tomé en Principe woont | NederlandWereldwijd,1129,0185_paspoort-id-kaart_buitenland_paspoort-sao-tome-en-principe
https://www.nederlandwereldwijd.nl/paspoort-id-kaart/buitenland/paspoort-saoedi-arabie,200,Paspoort of ID-kaart aanvragen als u in Saoedi-Arabië woont | NederlandWereldwijd,1196,0186_paspoort-id-kaart_buitenland_paspoort-saoedi-arabie
https://www.nederlandwereldwijd.nl/paspoort-id-kaart/buitenland/paspoort-senegal,200,Nederlands paspoort of ID-kaart vernieuwen of voor het eerst aanvragen als u in Senegal woont | NederlandWereldwijd,1244,0187_paspoort-id-kaart_buitenland_paspoort-senegal
https://www.nederlandwereldwijd.nl/paspoort-id-kaart/buitenland/paspoort-servie,200,Paspoort of ID-kaart aanvragen als u in Servië woont | NederlandWereldwijd,1169,0188_paspoort-id-kaart_buitenland_paspoort-servie
https://www.nederlandwereldwijd.nl/paspoort-id-kaart/buitenland/paspoort-seychellen,200,Paspoort of ID-kaart aanvragen als u in de Seychellen woont | NederlandWereldwijd,1143,0189_paspoort-id-kaart_buitenland_paspoort-seychellen
https://www.nederlandwereldwijd.nl/paspoort-id-kaart/buitenland/paspoort-sierra-leone,200,Paspoort of ID-kaart aanvragen als u in Sierra Leone woont | NederlandWereldwijd,1222,0190_paspoort-id-kaart_buitenland_paspoort-sierra-leone
https://www.nederlandwereldwijd.nl/paspoort-id-kaart/buitenland/paspoort-singapore,200,Paspoort of ID-kaart aanvragen als u in Singapore woont | NederlandWereldwijd,1123,0191_paspoort-id-kaart_buitenland_paspoort-singapore
https://www.nederlandwereldwijd.nl/paspoort-id-kaart/buitenland/paspoort-slovenie,200,Paspoort of ID-kaart aanvragen als u in Slovenië woont | NederlandWereldwijd,1483,0192_paspoort-id-kaart_buitenland_paspoort-slovenie
https://www.nederlandwereldwijd.nl/paspoort-id-kaart/buitenland/paspoort-slowakije,200,Paspoort of ID-kaart aanvragen als u in Slowakije woont | NederlandWereldwijd,1165,0193_paspoort-id-kaart_buitenland_paspoort-slowakije
https://www.nederlandwereldwijd.nl/paspoort-id-kaart/buitenland/paspoort-somalie,200,Paspoort of ID-kaart aanvragen als u in Somalië woont | NederlandWereldwijd,191,0194_paspoort-id-kaart_buitenland_paspoort-somalie
https://www.nederlandwereldwijd.nl/paspoort-id-kaart/buitenland/paspoort-spanje,200,Nederlands paspoort of ID-kaart vernieuwen of voor het eerst aanvragen als u in Spanje woont | NederlandWereldwijd,1779,0195_paspoort-id-kaart_buitenland_paspoort-spanje
https://www.nederlandwereldwijd.nl/paspoort-id-kaart/buitenland/paspoort-sri-lanka,200,Paspoort of ID-kaart aanvragen als u in Sri Lanka woont | NederlandWereldwijd,1096,0196_paspoort-id-kaart_buitenland_paspoort-sri-lanka
https://www.nederlandwereldwijd.nl/paspoort-id-kaart/buitenland/paspoort-sudan,200,Paspoort of ID-kaart aanvragen als u in Sudan woont | NederlandWereldwijd,52,0197_paspoort-id-kaart_buitenland_paspoort-sudan
https://www.nederlandwereldwijd.nl/paspoort-id-kaart/buitenland/paspoort-suriname,200,Paspoort of ID-kaart aanvragen als u in Suriname woont | NederlandWereldwijd,1192,0198_paspoort-id-kaart_buitenland_paspoort-suriname
https://www.nederlandwereldwijd.nl/paspoort-id-kaart/buitenland/paspoort-syrie,200,Paspoort of ID-kaart aanvragen als u in Syrië woont | NederlandWereldwijd,52,0199_paspoort-id-kaart_buitenland_paspoort-syrie
https://www.nederlandwereldwijd.nl/paspoort-id-kaart/buitenland/paspoort-tadzjikistan,200,Paspoort of ID-kaart aanvragen als u in Tadzjikistan woont | NederlandWereldwijd,1470,0200_paspoort-id-kaart_buitenland_paspoort-tadzjikistan
https://www.nederlandwereldwijd.nl/paspoort-id-kaart/buitenland/paspoort-taiwan,200,Paspoort of ID-kaart aanvragen als u in Taiwan woont | NederlandWereldwijd,1175,0201_paspoort-id-kaart_buitenland_paspoort-taiwan
https://www.nederlandwereldwijd.nl/paspoort-id-kaart/buitenland/paspoort-tanzania,200,Paspoort of ID-kaart aanvragen als u in Tanzania woont | NederlandWereldwijd,1096,0202_paspoort-id-kaart_buitenland_paspoort-tanzania
https://www.nederlandwereldwijd.nl/paspoort-id-kaart/buitenland/paspoort-thailand,200,Paspoort of ID-kaart aanvragen als u in Thailand woont | NederlandWereldwijd,1586,0203_paspoort-id-kaart_buitenland_paspoort-thailand
https://www.nederlandwereldwijd.nl/paspoort-id-kaart/buitenland/paspoort-togo,200,Paspoort of ID-kaart aanvragen als u in Togo woont | NederlandWereldwijd,1165,0204_paspoort-id-kaart_buitenland_paspoort-togo
https://www.nederlandwereldwijd.nl/paspoort-id-kaart/buitenland/paspoort-tokelau-eilanden,200,Paspoort of ID-kaart aanvragen als u op de Tokelau-eilanden woont | NederlandWereldwijd,1180,0205_paspoort-id-kaart_buitenland_paspoort-tokelau-eilanden
https://www.nederlandwereldwijd.nl/paspoort-id-kaart/buitenland/paspoort-tonga,200,Paspoort of ID-kaart aanvragen als u in Tonga woont | NederlandWereldwijd,1182,0206_paspoort-id-kaart_buitenland_paspoort-tonga
https://www.nederlandwereldwijd.nl/paspoort-id-kaart/buitenland/paspoort-trinidad-en-tobago,200,Paspoort of ID-kaart aanvragen als u in Trinidad en Tobago woont | NederlandWereldwijd,1167,0207_paspoort-id-kaart_buitenland_paspoort-trinidad-en-tobago
https://www.nederlandwereldwijd.nl/paspoort-id-kaart/buitenland/paspoort-tsjaad,200,Paspoort of ID-kaart aanvragen als u in Tsjaad woont | NederlandWereldwijd,830,0208_paspoort-id-kaart_buitenland_paspoort-tsjaad
https://www.nederlandwereldwijd.nl/paspoort-id-kaart/buitenland/paspoort-tsjechie,200,Paspoort of ID-kaart aanvragen als u in Tsjechië woont | NederlandWereldwijd,1258,0209_paspoort-id-kaart_buitenland_paspoort-tsjechie
https://www.nederlandwereldwijd.nl/paspoort-id-kaart/buitenland/paspoort-tunesie,200,Paspoort of ID-kaart aanvragen als u in Tunesië woont | NederlandWereldwijd,1083,0210_paspoort-id-kaart_buitenland_paspoort-tunesie
https://www.nederlandwereldwijd.nl/paspoort-id-kaart/buitenland/paspoort-turkije,200,Nederlands paspoort of ID-kaart vernieuwen of aanvragen als u in Turkije woont | NederlandWereldwijd,1469,0211_paspoort-id-kaart_buitenland_paspoort-turkije
https://www.nederlandwereldwijd.nl/paspoort-id-kaart/buitenland/paspoort-turkmenistan,200,Paspoort of ID-kaart aanvragen als u in Turkmenistan woont | NederlandWereldwijd,1454,0212_paspoort-id-kaart_buitenland_paspoort-turkmenistan
https://www.nederlandwereldwijd.nl/paspoort-id-kaart/buitenland/paspoort-turks-en-caicoseilanden,200,Paspoort of ID-kaart aanvragen als u op de Turks- en Caicoseilanden woont | NederlandWereldwijd,1210,0213_paspoort-id-kaart_buitenland_paspoort-turks-en-caicoseilanden
https://www.nederlandwereldwijd.nl/paspoort-id-kaart/buitenland/paspoort-tuvalu,200,Paspoort of ID-kaart aanvragen als u in Tuvalu woont | NederlandWereldwijd,1172,0214_paspoort-id-kaart_buitenland_paspoort-tuvalu
https://www.nederlandwereldwijd.nl/paspoort-id-kaart/buitenland/paspoort-uganda,200,Paspoort of ID-kaart aanvragen als u in Uganda woont | NederlandWereldwijd,1130,0215_paspoort-id-kaart_buitenland_paspoort-uganda
https://www.nederlandwereldwijd.nl/paspoort-id-kaart/buitenland/paspoort-uruguay,200,Paspoort of ID-kaart aanvragen als u in Uruguay woont | NederlandWereldwijd,1180,0216_paspoort-id-kaart_buitenland_paspoort-uruguay
https://www.nederlandwereldwijd.nl/paspoort-id-kaart/buitenland/paspoort-vanuatu,200,Paspoort of ID-kaart aanvragen als u in Vanuatu woont | NederlandWereldwijd,1367,0217_paspoort-id-kaart_buitenland_paspoort-vanuatu
https://www.nederlandwereldwijd.nl/paspoort-id-kaart/buitenland/paspoort-venezuela,200,Paspoort of ID-kaart aanvragen als u in Venezuela woont | NederlandWereldwijd,1167,0218_paspoort-id-kaart_buitenland_paspoort-venezuela
https://www.nederlandwereldwijd.nl/paspoort-id-kaart/buitenland/paspoort-verenigd-koninkrijk,200,Nederlands paspoort of ID-kaart vernieuwen of aanvragen als u in het Verenigd Koninkrijk woont | NederlandWereldwijd,1710,0219_paspoort-id-kaart_buitenland_paspoort-verenigd-koninkrijk
https://www.nederlandwereldwijd.nl/paspoort-id-kaart/buitenland/paspoort-verenigde-arabische-emiraten,200,Paspoort of ID-kaart aanvragen als u in de Verenigde Arabische Emiraten woont | NederlandWereldwijd,1325,0220_paspoort-id-kaart_buitenland_paspoort-verenigde-arabische-emiraten
https://www.nederlandwereldwijd.nl/paspoort-id-kaart/buitenland/paspoort-verenigde-staten-van-amerika,200,Nederlands paspoort of ID-kaart vernieuwen of aanvragen als u in de Verenigde Staten van Amerika woont | NederlandWereldwijd,2881,0221_paspoort-id-kaart_buitenland_paspoort-verenigde-staten-van-amerika
https://www.nederlandwereldwijd.nl/paspoort-id-kaart/buitenland/paspoort-vietnam,200,Paspoort of ID-kaart aanvragen als u in Vietnam woont | NederlandWereldwijd,1111,0222_paspoort-id-kaart_buitenland_paspoort-vietnam
https://www.nederlandwereldwijd.nl/paspoort-id-kaart/buitenland/paspoort-wallis-en-futuna,200,Paspoort of ID-kaart aanvragen als u in Wallis en Futuna woont | NederlandWereldwijd,1189,0223_paspoort-id-kaart_buitenland_paspoort-wallis-en-futuna
https://www.nederlandwereldwijd.nl/paspoort-id-kaart/buitenland/paspoort-zambia,200,Paspoort of ID-kaart aanvragen als u in Zambia woont | NederlandWereldwijd,1177,0224_paspoort-id-kaart_buitenland_paspoort-zambia
https://www.nederlandwereldwijd.nl/paspoort-id-kaart/buitenland/paspoort-zimbabwe,200,Paspoort of ID-kaart aanvragen als u in Zimbabwe woont | NederlandWereldwijd,1145,0225_paspoort-id-kaart_buitenland_paspoort-zimbabwe
https://www.nederlandwereldwijd.nl/paspoort-id-kaart/buitenland/paspoort-zuid-afrika,200,Nederlands paspoort of ID-kaart vernieuwen of aanvragen als u in Zuid-Afrika woont | NederlandWereldwijd,1417,0226_paspoort-id-kaart_buitenland_paspoort-zuid-afrika
https://www.nederlandwereldwijd.nl/paspoort-id-kaart/buitenland/paspoort-zuid-korea,200,Paspoort of ID-kaart aanvragen als u in Zuid-Korea woont | NederlandWereldwijd,1190,0227_paspoort-id-kaart_buitenland_paspoort-zuid-korea
https://www.nederlandwereldwijd.nl/paspoort-id-kaart/buitenland/paspoort-zuid-sudan,200,Paspoort of ID-kaart aanvragen als u in Zuid-Sudan woont | NederlandWereldwijd,51,0228_paspoort-id-kaart_buitenland_paspoort-zuid-sudan
https://www.nederlandwereldwijd.nl/paspoort-id-kaart/buitenland/paspoort-zweden,200,Paspoort of ID-kaart aanvragen als u in Zweden woont | NederlandWereldwijd,1746,0229_paspoort-id-kaart_buitenland_paspoort-zweden
https://www.nederlandwereldwijd.nl/paspoort-id-kaart/buitenland/paspoort-zwitserland,200,Nederlands paspoort of ID-kaart vernieuwen of aanvragen als u in Zwitserland woont | NederlandWereldwijd,1090,0230_paspoort-id-kaart_buitenland_paspoort-zwitserland
https://www.nederlandwereldwijd.nl/paspoort-id-kaart/eisen-pasfoto,200,Eisen aan pasfoto voor Nederlands paspoort of ID-kaart | NederlandWereldwijd,732,0231_paspoort-id-kaart_eisen-pasfoto
https://www.nederlandwereldwijd.nl/paspoort-id-kaart/hoe-aanvragen-andere-nationaliteit,200,Hoe vraag ik een Nederlands paspoort of ID-kaart in het buitenland aan nadat ik een andere nationaliteit heb aangenomen? | NederlandWereldwijd,293,0232_paspoort-id-kaart_hoe-aanvragen-andere-nationaliteit
https://www.nederlandwereldwijd.nl/paspoort-id-kaart/india-uitreisvisum,200,Aanvraag uitreisvisum voor India | NederlandWereldwijd,177,0233_paspoort-id-kaart_india-uitreisvisum
https://www.nederlandwereldwijd.nl/paspoort-id-kaart/kosten-buitenland,200,Wat kost een Nederlands paspoort of ID-kaart als ik in het buitenland woon? | NederlandWereldwijd,839,0234_paspoort-id-kaart_kosten-buitenland
https://www.nederlandwereldwijd.nl/paspoort-id-kaart/kwijt-gestolen,200,"Mijn paspoort of ID-kaart is kwijt of gestolen in het buitenland, wat nu? | NederlandWereldwijd",871,0235_paspoort-id-kaart_kwijt-gestolen
https://www.nederlandwereldwijd.nl/paspoort-id-kaart/langer-dan-2-jaar-verlopen-frankrijk,200,Paspoort of ID-kaart langer dan 2 jaar verlopen en meerderjarig in Frankrijk | NederlandWereldwijd,459,0236_paspoort-id-kaart_langer-dan-2-jaar-verlopen-frankrijk
https://www.nederlandwereldwijd.nl/paspoort-id-kaart/naam-wijzigen-verenigd-koninkrijk,200,Naam wijzigen in Verenigd Koninkrijk | NederlandWereldwijd,332,0237_paspoort-id-kaart_naam-wijzigen-verenigd-koninkrijk
https://www.nederlandwereldwijd.nl/paspoort-id-kaart/nederlandse-pasfotos-laten-maken,200,Nederlandse pasfoto’s laten maken buiten Nederland | NederlandWereldwijd,298,0238_paspoort-id-kaart_nederlandse-pasfotos-laten-maken
https://www.nederlandwereldwijd.nl/paspoort-id-kaart/nederlandse-pasfotos-laten-maken/pasfoto-afghanistan,200,Nederlandse pasfoto's laten maken in Afghanistan | NederlandWereldwijd,31,0239_paspoort-id-kaart_nederlandse-pasfotos-laten-maken_pasfoto-afghanistan
https://www.nederlandwereldwijd.nl/paspoort-id-kaart/nederlandse-pasfotos-laten-maken/pasfoto-albanie,200,Nederlandse pasfoto's laten maken in Albanië | NederlandWereldwijd,174,0240_paspoort-id-kaart_nederlandse-pasfotos-laten-maken_pasfoto-albanie
https://www.nederlandwereldwijd.nl/paspoort-id-kaart/nederlandse-pasfotos-laten-maken/pasfoto-algerije,200,Nederlandse pasfoto's laten maken in Algerije | NederlandWereldwijd,117,0241_paspoort-id-kaart_nederlandse-pasfotos-laten-maken_pasfoto-algerije
https://www.nederlandwereldwijd.nl/paspoort-id-kaart/nederlandse-pasfotos-laten-maken/pasfoto-amerikaans-samoa,200,Nederlandse pasfoto's laten maken op Amerikaans-Samoa | NederlandWereldwijd,147,0242_paspoort-id-kaart_nederlandse-pasfotos-laten-maken_pasfoto-amerikaans-samoa
https://www.nederlandwereldwijd.nl/paspoort-id-kaart/nederlandse-pasfotos-laten-maken/pasfoto-amerikaanse-maagdeneilanden,200,Nederlandse pasfoto's laten maken op de Amerikaanse-Maagdeneilanden | NederlandWereldwijd,133,0243_paspoort-id-kaart_nederlandse-pasfotos-laten-maken_pasfoto-amerikaanse-maagdenei
https://www.nederlandwereldwijd.nl/paspoort-id-kaart/nederlandse-pasfotos-laten-maken/pasfoto-andorra,200,Nederlandse pasfoto's laten maken in Andorra | NederlandWereldwijd,147,0244_paspoort-id-kaart_nederlandse-pasfotos-laten-maken_pasfoto-andorra
https://www.nederlandwereldwijd.nl/paspoort-id-kaart/nederlandse-pasfotos-laten-maken/pasfoto-angola,200,Nederlandse pasfoto's laten maken in Angola | NederlandWereldwijd,115,0245_paspoort-id-kaart_nederlandse-pasfotos-laten-maken_pasfoto-angola
https://www.nederlandwereldwijd.nl/paspoort-id-kaart/nederlandse-pasfotos-laten-maken/pasfoto-anguilla,200,Nederlandse pasfoto's laten maken in Anguilla | NederlandWereldwijd,155,0246_paspoort-id-kaart_nederlandse-pasfotos-laten-maken_pasfoto-anguilla
https://www.nederlandwereldwijd.nl/paspoort-id-kaart/nederlandse-pasfotos-laten-maken/pasfoto-antigua-en-barbuda,200,Nederlandse pasfoto's laten maken in Antigua en Barbuda | NederlandWereldwijd,159,0247_paspoort-id-kaart_nederlandse-pasfotos-laten-maken_pasfoto-antigua-en-barbuda
https://www.nederlandwereldwijd.nl/paspoort-id-kaart/nederlandse-pasfotos-laten-maken/pasfoto-argentinie,200,Nederlandse pasfoto's laten maken in Argentinië | NederlandWereldwijd,140,0248_paspoort-id-kaart_nederlandse-pasfotos-laten-maken_pasfoto-argentinie
https://www.nederlandwereldwijd.nl/paspoort-id-kaart/nederlandse-pasfotos-laten-maken/pasfoto-armenie,200,Nederlandse pasfoto's laten maken in Armenië | NederlandWereldwijd,129,0249_paspoort-id-kaart_nederlandse-pasfotos-laten-maken_pasfoto-armenie
https://www.nederlandwereldwijd.nl/paspoort-id-kaart/nederlandse-pasfotos-laten-maken/pasfoto-australie,200,Nederlandse pasfoto's laten maken in Australië | NederlandWereldwijd,269,0250_paspoort-id-kaart_nederlandse-pasfotos-laten-maken_pasfoto-australie
https://www.nederlandwereldwijd.nl/paspoort-id-kaart/nederlandse-pasfotos-laten-maken/pasfoto-azerbeidzjan,200,Nederlandse pasfoto's laten maken in Azerbeidzjan | NederlandWereldwijd,191,0251_paspoort-id-kaart_nederlandse-pasfotos-laten-maken_pasfoto-azerbeidzjan
https://www.nederlandwereldwijd.nl/paspoort-id-kaart/nederlandse-pasfotos-laten-maken/pasfoto-bahamas,200,Nederlandse pasfoto's laten maken op de Bahama's | NederlandWereldwijd,118,0252_paspoort-id-kaart_nederlandse-pasfotos-laten-maken_pasfoto-bahamas
https://www.nederlandwereldwijd.nl/paspoort-id-kaart/nederlandse-pasfotos-laten-maken/pasfoto-bahrein,200,Nederlandse pasfoto's laten maken in Bahrein | NederlandWereldwijd,129,0253_paspoort-id-kaart_nederlandse-pasfotos-laten-maken_pasfoto-bahrein
https://www.nederlandwereldwijd.nl/paspoort-id-kaart/nederlandse-pasfotos-laten-maken/pasfoto-bangladesh,200,Nederlandse pasfoto's laten maken in Bangladesh | NederlandWereldwijd,117,0254_paspoort-id-kaart_nederlandse-pasfotos-laten-maken_pasfoto-bangladesh
https://www.nederlandwereldwijd.nl/paspoort-id-kaart/nederlandse-pasfotos-laten-maken/pasfoto-barbados,200,Nederlandse pasfoto's laten maken in Barbados | NederlandWereldwijd,155,0255_paspoort-id-kaart_nederlandse-pasfotos-laten-maken_pasfoto-barbados
https://www.nederlandwereldwijd.nl/paspoort-id-kaart/nederlandse-pasfotos-laten-maken/pasfoto-belarus-wit-rusland,200,Nederlandse pasfoto's laten maken in Belarus (Wit-Rusland) | NederlandWereldwijd,149,0256_paspoort-id-kaart_nederlandse-pasfotos-laten-maken_pasfoto-belarus-wit-rusland
https://www.nederlandwereldwijd.nl/paspoort-id-kaart/nederlandse-pasfotos-laten-maken/pasfoto-belgie,200,Nederlandse pasfoto's laten maken in België | NederlandWereldwijd,171,0257_paspoort-id-kaart_nederlandse-pasfotos-laten-maken_pasfoto-belgie
https://www.nederlandwereldwijd.nl/paspoort-id-kaart/nederlandse-pasfotos-laten-maken/pasfoto-belize,200,Nederlandse pasfoto's laten maken in Belize | NederlandWereldwijd,147,0258_paspoort-id-kaart_nederlandse-pasfotos-laten-maken_pasfoto-belize
https://www.nederlandwereldwijd.nl/paspoort-id-kaart/nederlandse-pasfotos-laten-maken/pasfoto-benin,200,Nederlandse pasfoto's laten maken in Benin | NederlandWereldwijd,129,0259_paspoort-id-kaart_nederlandse-pasfotos-laten-maken_pasfoto-benin
https://www.nederlandwereldwijd.nl/paspoort-id-kaart/nederlandse-pasfotos-laten-maken/pasfoto-bhutan,200,Nederlandse pasfoto's laten maken in Bhutan | NederlandWereldwijd,147,0260_paspoort-id-kaart_nederlandse-pasfotos-laten-maken_pasfoto-bhutan
https://www.nederlandwereldwijd.nl/paspoort-id-kaart/nederlandse-pasfotos-laten-maken/pasfoto-bolivia,200,Nederlandse pasfoto's laten maken in Bolivia | NederlandWereldwijd,147,0261_paspoort-id-kaart_nederlandse-pasfotos-laten-maken_pasfoto-bolivia
https://www.nederlandwereldwijd.nl/paspoort-id-kaart/nederlandse-pasfotos-laten-maken/pasfoto-bosnie-en-herzegovina,200,Nederlandse pasfoto's laten maken in Bosnië en Herzegovina | NederlandWereldwijd,89,0262_paspoort-id-kaart_nederlandse-pasfotos-laten-maken_pasfoto-bosnie-en-herzegovina
https://www.nederlandwereldwijd.nl/paspoort-id-kaart/nederlandse-pasfotos-laten-maken/pasfoto-botswana,200,Nederlandse pasfoto's laten maken in Botswana | NederlandWereldwijd,147,0263_paspoort-id-kaart_nederlandse-pasfotos-laten-maken_pasfoto-botswana
https://www.nederlandwereldwijd.nl/paspoort-id-kaart/nederlandse-pasfotos-laten-maken/pasfoto-brazilie,200,Nederlandse pasfoto's laten maken in Brazilië | NederlandWereldwijd,232,0264_paspoort-id-kaart_nederlandse-pasfotos-laten-maken_pasfoto-brazilie
https://www.nederlandwereldwijd.nl/paspoort-id-kaart/nederlandse-pasfotos-laten-maken/pasfoto-britse-maagdeneilanden,200,Nederlandse pasfoto's laten maken op de Britse Maagdeneilanden | NederlandWereldwijd,159,0265_paspoort-id-kaart_nederlandse-pasfotos-laten-maken_pasfoto-britse-maagdeneilande
https://www.nederlandwereldwijd.nl/paspoort-id-kaart/nederlandse-pasfotos-laten-maken/pasfoto-brunei-darussalam,200,Nederlandse pasfoto's laten maken in Brunei Darussalam | NederlandWereldwijd,149,0266_paspoort-id-kaart_nederlandse-pasfotos-laten-maken_pasfoto-brunei-darussalam
https://www.nederlandwereldwijd.nl/paspoort-id-kaart/nederlandse-pasfotos-laten-maken/pasfoto-bulgarije,200,Nederlandse pasfoto's laten maken in Bulgarije | NederlandWereldwijd,114,0267_paspoort-id-kaart_nederlandse-pasfotos-laten-maken_pasfoto-bulgarije
https://www.nederlandwereldwijd.nl/paspoort-id-kaart/nederlandse-pasfotos-laten-maken/pasfoto-burkina-faso,200,Nederlandse pasfoto's laten maken in Burkina Faso | NederlandWereldwijd,149,0268_paspoort-id-kaart_nederlandse-pasfotos-laten-maken_pasfoto-burkina-faso
https://www.nederlandwereldwijd.nl/paspoort-id-kaart/nederlandse-pasfotos-laten-maken/pasfoto-burundi,200,Nederlandse pasfoto's laten maken in Burundi | NederlandWereldwijd,147,0269_paspoort-id-kaart_nederlandse-pasfotos-laten-maken_pasfoto-burundi
https://www.nederlandwereldwijd.nl/paspoort-id-kaart/nederlandse-pasfotos-laten-maken/pasfoto-cambodja,200,Nederlandse pasfoto's laten maken in Cambodja | NederlandWereldwijd,147,0270_paspoort-id-kaart_nederlandse-pasfotos-laten-maken_pasfoto-cambodja
https://www.nederlandwereldwijd.nl/paspoort-id-kaart/nederlandse-pasfotos-laten-maken/pasfoto-canada,200,Nederlandse pasfoto's laten maken in Canada | NederlandWereldwijd,221,0271_paspoort-id-kaart_nederlandse-pasfotos-laten-maken_pasfoto-canada
https://www.nederlandwereldwijd.nl/paspoort-id-kaart/nederlandse-pasfotos-laten-maken/pasfoto-centraal-afrikaanse-republiek,200,Nederlandse pasfoto's laten maken in de Centraal-Afrikaanse Republiek | NederlandWereldwijd,163,0272_paspoort-id-kaart_nederlandse-pasfotos-laten-maken_pasfoto-centraal-afrikaanse-r
https://www.nederlandwereldwijd.nl/paspoort-id-kaart/nederlandse-pasfotos-laten-maken/pasfoto-chili,200,Nederlandse pasfoto's laten maken in Chili | NederlandWereldwijd,152,0273_paspoort-id-kaart_nederlandse-pasfotos-laten-maken_pasfoto-chili
https://www.nederlandwereldwijd.nl/paspoort-id-kaart/nederlandse-pasfotos-laten-maken/pasfoto-china,200,Nederlandse pasfoto's laten maken in China | NederlandWereldwijd,165,0274_paspoort-id-kaart_nederlandse-pasfotos-laten-maken_pasfoto-china
https://www.nederlandwereldwijd.nl/paspoort-id-kaart/nederlandse-pasfotos-laten-maken/pasfoto-colombia,200,Nederlandse pasfoto's laten maken in Colombia | NederlandWereldwijd,85,0275_paspoort-id-kaart_nederlandse-pasfotos-laten-maken_pasfoto-colombia
https://www.nederlandwereldwijd.nl/paspoort-id-kaart/nederlandse-pasfotos-laten-maken/pasfoto-comoren,200,Nederlandse pasfoto's laten maken in de Comoren | NederlandWereldwijd,149,0276_paspoort-id-kaart_nederlandse-pasfotos-laten-maken_pasfoto-comoren
https://www.nederlandwereldwijd.nl/paspoort-id-kaart/nederlandse-pasfotos-laten-maken/pasfoto-congo-de-republiek,200,Nederlandse pasfoto's laten maken in de Republiek Congo | NederlandWereldwijd,163,0277_paspoort-id-kaart_nederlandse-pasfotos-laten-maken_pasfoto-congo-de-republiek
https://www.nederlandwereldwijd.nl/paspoort-id-kaart/nederlandse-pasfotos-laten-maken/pasfoto-congo-democratische-republiek,200,Nederlandse pasfoto's laten maken in de Democratische Republiek Congo | NederlandWereldwijd,128,0278_paspoort-id-kaart_nederlandse-pasfotos-laten-maken_pasfoto-congo-democratische-r
https://www.nederlandwereldwijd.nl/paspoort-id-kaart/nederlandse-pasfotos-laten-maken/pasfoto-cookeilanden,200,Nederlandse pasfoto's laten maken op de Cookeilanden | NederlandWereldwijd,149,0279_paspoort-id-kaart_nederlandse-pasfotos-laten-maken_pasfoto-cookeilanden
https://www.nederlandwereldwijd.nl/paspoort-id-kaart/nederlandse-pasfotos-laten-maken/pasfoto-costa-rica,200,Nederlandse pasfoto's laten maken in Costa Rica | NederlandWereldwijd,121,0280_paspoort-id-kaart_nederlandse-pasfotos-laten-maken_pasfoto-costa-rica
https://www.nederlandwereldwijd.nl/paspoort-id-kaart/nederlandse-pasfotos-laten-maken/pasfoto-cuba,200,Nederlandse pasfoto's laten maken in Cuba | NederlandWereldwijd,129,0281_paspoort-id-kaart_nederlandse-pasfotos-laten-maken_pasfoto-cuba
https://www.nederlandwereldwijd.nl/paspoort-id-kaart/nederlandse-pasfotos-laten-maken/pasfoto-cyprus,200,Nederlandse pasfoto's laten maken in Cyprus | NederlandWereldwijd,202,0282_paspoort-id-kaart_nederlandse-pasfotos-laten-maken_pasfoto-cyprus
https://www.nederlandwereldwijd.nl/paspoort-id-kaart/nederlandse-pasfotos-laten-maken/pasfoto-denemarken,200,Nederlandse pasfoto's laten maken in Denemarken | NederlandWereldwijd,118,0283_paspoort-id-kaart_nederlandse-pasfotos-laten-maken_pasfoto-denemarken
https://www.nederlandwereldwijd.nl/paspoort-id-kaart/nederlandse-pasfotos-laten-maken/pasfoto-djibouti,200,Nederlandse pasfoto's laten maken in Djibouti | NederlandWereldwijd,147,0284_paspoort-id-kaart_nederlandse-pasfotos-laten-maken_pasfoto-djibouti
https://www.nederlandwereldwijd.nl/paspoort-id-kaart/nederlandse-pasfotos-laten-maken/pasfoto-dominica,200,Nederlandse pasfoto's laten maken op Dominica | NederlandWereldwijd,155,0285_paspoort-id-kaart_nederlandse-pasfotos-laten-maken_pasfoto-dominica
https://www.nederlandwereldwijd.nl/paspoort-id-kaart/nederlandse-pasfotos-laten-maken/pasfoto-dominicaanse-republiek,200,Nederlandse pasfoto's laten maken in de Dominicaanse Republiek | NederlandWereldwijd,118,0286_paspoort-id-kaart_nederlandse-pasfotos-laten-maken_pasfoto-dominicaanse-republie
https://www.nederlandwereldwijd.nl/paspoort-id-kaart/nederlandse-pasfotos-laten-maken/pasfoto-duitsland,200,Nederlandse pasfoto's laten maken in Duitsland | NederlandWereldwijd,164,0287_paspoort-id-kaart_nederlandse-pasfotos-laten-maken_pasfoto-duitsland
https://www.nederlandwereldwijd.nl/paspoort-id-kaart/nederlandse-pasfotos-laten-maken/pasfoto-ecuador,200,Nederlandse pasfoto's laten maken in Ecuador | NederlandWereldwijd,147,0288_paspoort-id-kaart_nederlandse-pasfotos-laten-maken_pasfoto-ecuador
https://www.nederlandwereldwijd.nl/paspoort-id-kaart/nederlandse-pasfotos-laten-maken/pasfoto-egypte,200,Nederlandse pasfoto's laten maken in Egypte | NederlandWereldwijd,125,0289_paspoort-id-kaart_nederlandse-pasfotos-laten-maken_pasfoto-egypte
https://www.nederlandwereldwijd.nl/paspoort-id-kaart/nederlandse-pasfotos-laten-maken/pasfoto-el-salvador,200,Nederlandse pasfoto's laten maken in El Salvador | NederlandWereldwijd,153,0290_paspoort-id-kaart_nederlandse-pasfotos-laten-maken_pasfoto-el-salvador
https://www.nederlandwereldwijd.nl/paspoort-id-kaart/nederlandse-pasfotos-laten-maken/pasfoto-equatoriaal-guinea,200,Nederlandse pasfoto's laten maken in Equatoriaal-Guinea | NederlandWereldwijd,129,0291_paspoort-id-kaart_nederlandse-pasfotos-laten-maken_pasfoto-equatoriaal-guinea
https://www.nederlandwereldwijd.nl/paspoort-id-kaart/nederlandse-pasfotos-laten-maken/pasfoto-eritrea,200,Nederlandse pasfoto's laten maken in Eritrea | NederlandWereldwijd,147,0292_paspoort-id-kaart_nederlandse-pasfotos-laten-maken_pasfoto-eritrea
https://www.nederlandwereldwijd.nl/paspoort-id-kaart/nederlandse-pasfotos-laten-maken/pasfoto-estland,200,Nederlandse pasfoto's laten maken in Estland | NederlandWereldwijd,147,0293_paspoort-id-kaart_nederlandse-pasfotos-laten-maken_pasfoto-estland
https://www.nederlandwereldwijd.nl/paspoort-id-kaart/nederlandse-pasfotos-laten-maken/pasfoto-eswatini,200,Nederlandse pasfoto's laten maken in Eswatini | NederlandWereldwijd,147,0294_paspoort-id-kaart_nederlandse-pasfotos-laten-maken_pasfoto-eswatini
https://www.nederlandwereldwijd.nl/paspoort-id-kaart/nederlandse-pasfotos-laten-maken/pasfoto-ethiopie,200,Nederlandse pasfoto's laten maken in Ethiopië | NederlandWereldwijd,147,0295_paspoort-id-kaart_nederlandse-pasfotos-laten-maken_pasfoto-ethiopie
https://www.nederlandwereldwijd.nl/paspoort-id-kaart/nederlandse-pasfotos-laten-maken/pasfoto-fiji,200,Nederlandse pasfoto's laten maken op Fiji | NederlandWereldwijd,147,0296_paspoort-id-kaart_nederlandse-pasfotos-laten-maken_pasfoto-fiji
https://www.nederlandwereldwijd.nl/paspoort-id-kaart/nederlandse-pasfotos-laten-maken/pasfoto-filipijnen,200,Nederlandse pasfoto's laten maken in de Filipijnen | NederlandWereldwijd,117,0297_paspoort-id-kaart_nederlandse-pasfotos-laten-maken_pasfoto-filipijnen
https://www.nederlandwereldwijd.nl/paspoort-id-kaart/nederlandse-pasfotos-laten-maken/pasfoto-finland,200,Nederlandse pasfoto's laten maken in Finland | NederlandWereldwijd,144,0298_paspoort-id-kaart_nederlandse-pasfotos-laten-maken_pasfoto-finland
https://www.nederlandwereldwijd.nl/paspoort-id-kaart/nederlandse-pasfotos-laten-maken/pasfoto-frankrijk,200,Nederlandse pasfoto's laten maken in Frankrijk | NederlandWereldwijd,147,0299_paspoort-id-kaart_nederlandse-pasfotos-laten-maken_pasfoto-frankrijk
https://www.nederlandwereldwijd.nl/paspoort-id-kaart/nederlandse-pasfotos-laten-maken/pasfoto-frans-guyana,200,Nederlandse pasfoto's laten maken in Frans-Guyana | NederlandWereldwijd,147,0300_paspoort-id-kaart_nederlandse-pasfotos-laten-maken_pasfoto-frans-guyana
https://www.nederlandwereldwijd.nl/paspoort-id-kaart/nederlandse-pasfotos-laten-maken/pasfoto-frans-polynesie,200,Nederlandse pasfoto's laten maken op Frans-Polynesië | NederlandWereldwijd,147,0301_paspoort-id-kaart_nederlandse-pasfotos-laten-maken_pasfoto-frans-polynesie
https://www.nederlandwereldwijd.nl/paspoort-id-kaart/nederlandse-pasfotos-laten-maken/pasfoto-gabon,200,Nederlandse pasfoto's laten maken in Gabon | NederlandWereldwijd,129,0302_paspoort-id-kaart_nederlandse-pasfotos-laten-maken_pasfoto-gabon
https://www.nederlandwereldwijd.nl/paspoort-id-kaart/nederlandse-pasfotos-laten-maken/pasfoto-gambia,200,Nederlandse pasfoto's laten maken in Gambia | NederlandWereldwijd,147,0303_paspoort-id-kaart_nederlandse-pasfotos-laten-maken_pasfoto-gambia
https://www.nederlandwereldwijd.nl/paspoort-id-kaart/nederlandse-pasfotos-laten-maken/pasfoto-georgie,200,Nederlandse pasfoto's laten maken in Georgië | NederlandWereldwijd,129,0304_paspoort-id-kaart_nederlandse-pasfotos-laten-maken_pasfoto-georgie
https://www.nederlandwereldwijd.nl/paspoort-id-kaart/nederlandse-pasfotos-laten-maken/pasfoto-ghana,200,Nederlandse pasfoto's laten maken in Ghana | NederlandWereldwijd,112,0305_paspoort-id-kaart_nederlandse-pasfotos-laten-maken_pasfoto-ghana
https://www.nederlandwereldwijd.nl/paspoort-id-kaart/nederlandse-pasfotos-laten-maken/pasfoto-grenada,200,Nederlandse pasfoto's laten maken op Grenada | NederlandWereldwijd,155,0306_paspoort-id-kaart_nederlandse-pasfotos-laten-maken_pasfoto-grenada
https://www.nederlandwereldwijd.nl/paspoort-id-kaart/nederlandse-pasfotos-laten-maken/pasfoto-griekenland,200,Nederlandse pasfoto's laten maken in Griekenland | NederlandWereldwijd,112,0307_paspoort-id-kaart_nederlandse-pasfotos-laten-maken_pasfoto-griekenland
https://www.nederlandwereldwijd.nl/paspoort-id-kaart/nederlandse-pasfotos-laten-maken/pasfoto-groenland,200,Nederlandse pasfoto's laten maken in Groenland | NederlandWereldwijd,147,0308_paspoort-id-kaart_nederlandse-pasfotos-laten-maken_pasfoto-groenland
https://www.nederlandwereldwijd.nl/paspoort-id-kaart/nederlandse-pasfotos-laten-maken/pasfoto-guadeloupe,200,Nederlandse pasfoto's laten maken op Guadeloupe | NederlandWereldwijd,155,0309_paspoort-id-kaart_nederlandse-pasfotos-laten-maken_pasfoto-guadeloupe
https://www.nederlandwereldwijd.nl/paspoort-id-kaart/nederlandse-pasfotos-laten-maken/pasfoto-guatemala,200,Nederlandse pasfoto's laten maken in Guatemala | NederlandWereldwijd,151,0310_paspoort-id-kaart_nederlandse-pasfotos-laten-maken_pasfoto-guatemala
https://www.nederlandwereldwijd.nl/paspoort-id-kaart/nederlandse-pasfotos-laten-maken/pasfoto-guinee,200,Nederlandse pasfoto's laten maken in Guinee | NederlandWereldwijd,147,0311_paspoort-id-kaart_nederlandse-pasfotos-laten-maken_pasfoto-guinee
https://www.nederlandwereldwijd.nl/paspoort-id-kaart/nederlandse-pasfotos-laten-maken/pasfoto-guinee-bissau,200,Nederlandse pasfoto's laten maken in Guinee-Bissau | NederlandWereldwijd,147,0312_paspoort-id-kaart_nederlandse-pasfotos-laten-maken_pasfoto-guinee-bissau
https://www.nederlandwereldwijd.nl/paspoort-id-kaart/nederlandse-pasfotos-laten-maken/pasfoto-guyana,200,Nederlandse pasfoto's laten maken in Guyana | NederlandWereldwijd,147,0313_paspoort-id-kaart_nederlandse-pasfotos-laten-maken_pasfoto-guyana
https://www.nederlandwereldwijd.nl/paspoort-id-kaart/nederlandse-pasfotos-laten-maken/pasfoto-haiti,200,Nederlandse pasfoto's laten maken in Haïti | NederlandWereldwijd,155,0314_paspoort-id-kaart_nederlandse-pasfotos-laten-maken_pasfoto-haiti
https://www.nederlandwereldwijd.nl/paspoort-id-kaart/nederlandse-pasfotos-laten-maken/pasfoto-heilige-stoel,200,Nederlandse pasfoto's laten maken in Heilige Stoel / Vaticaanstad | NederlandWereldwijd,153,0315_paspoort-id-kaart_nederlandse-pasfotos-laten-maken_pasfoto-heilige-stoel
https://www.nederlandwereldwijd.nl/paspoort-id-kaart/nederlandse-pasfotos-laten-maken/pasfoto-honduras,200,Nederlandse pasfoto's laten maken in Honduras | NederlandWereldwijd,151,0316_paspoort-id-kaart_nederlandse-pasfotos-laten-maken_pasfoto-honduras
https://www.nederlandwereldwijd.nl/paspoort-id-kaart/nederlandse-pasfotos-laten-maken/pasfoto-hongarije,200,Nederlandse pasfoto's laten maken in Hongarije | NederlandWereldwijd,127,0317_paspoort-id-kaart_nederlandse-pasfotos-laten-maken_pasfoto-hongarije
https://www.nederlandwereldwijd.nl/paspoort-id-kaart/nederlandse-pasfotos-laten-maken/pasfoto-hongkong,200,Nederlandse pasfoto's laten maken in Hongkong SAR | NederlandWereldwijd,135,0318_paspoort-id-kaart_nederlandse-pasfotos-laten-maken_pasfoto-hongkong
https://www.nederlandwereldwijd.nl/paspoort-id-kaart/nederlandse-pasfotos-laten-maken/pasfoto-ierland,200,Nederlandse pasfoto's laten maken in Ierland | NederlandWereldwijd,116,0319_paspoort-id-kaart_nederlandse-pasfotos-laten-maken_pasfoto-ierland
https://www.nederlandwereldwijd.nl/paspoort-id-kaart/nederlandse-pasfotos-laten-maken/pasfoto-ijsland,200,Nederlandse pasfoto's laten maken in IJsland | NederlandWereldwijd,75,0320_paspoort-id-kaart_nederlandse-pasfotos-laten-maken_pasfoto-ijsland
https://www.nederlandwereldwijd.nl/paspoort-id-kaart/nederlandse-pasfotos-laten-maken/pasfoto-india,200,Nederlandse pasfoto's laten maken in India | NederlandWereldwijd,86,0321_paspoort-id-kaart_nederlandse-pasfotos-laten-maken_pasfoto-india
https://www.nederlandwereldwijd.nl/paspoort-id-kaart/nederlandse-pasfotos-laten-maken/pasfoto-indonesie,200,Nederlandse pasfoto's laten maken in Indonesië | NederlandWereldwijd,129,0322_paspoort-id-kaart_nederlandse-pasfotos-laten-maken_pasfoto-indonesie
https://www.nederlandwereldwijd.nl/paspoort-id-kaart/nederlandse-pasfotos-laten-maken/pasfoto-irak,200,Nederlandse pasfoto's laten maken in Irak | NederlandWereldwijd,162,0323_paspoort-id-kaart_nederlandse-pasfotos-laten-maken_pasfoto-irak
https://www.nederlandwereldwijd.nl/paspoort-id-kaart/nederlandse-pasfotos-laten-maken/pasfoto-iran,200,Nederlandse pasfoto's laten maken in Iran | NederlandWereldwijd,165,0324_paspoort-id-kaart_nederlandse-pasfotos-laten-maken_pasfoto-iran
https://www.nederlandwereldwijd.nl/paspoort-id-kaart/nederlandse-pasfotos-laten-maken/pasfoto-israel,200,Nederlandse pasfoto's laten maken in Israël | NederlandWereldwijd,117,0325_paspoort-id-kaart_nederlandse-pasfotos-laten-maken_pasfoto-israel
https://www.nederlandwereldwijd.nl/paspoort-id-kaart/nederlandse-pasfotos-laten-maken/pasfoto-italie,200,Nederlandse pasfoto's laten maken in Italië | NederlandWereldwijd,135,0326_paspoort-id-kaart_nederlandse-pasfotos-laten-maken_pasfoto-italie
https://www.nederlandwereldwijd.nl/paspoort-id-kaart/nederlandse-pasfotos-laten-maken/pasfoto-ivoorkust,200,Nederlandse pasfoto's laten maken in Ivoorkust | NederlandWereldwijd,147,0327_paspoort-id-kaart_nederlandse-pasfotos-laten-maken_pasfoto-ivoorkust
https://www.nederlandwereldwijd.nl/paspoort-id-kaart/nederlandse-pasfotos-laten-maken/pasfoto-jamaica,200,Nederlandse pasfoto's laten maken op Jamaica | NederlandWereldwijd,129,0328_paspoort-id-kaart_nederlandse-pasfotos-laten-maken_pasfoto-jamaica
https://www.nederlandwereldwijd.nl/paspoort-id-kaart/nederlandse-pasfotos-laten-maken/pasfoto-japan,200,Nederlandse pasfoto's laten maken in Japan | NederlandWereldwijd,134,0329_paspoort-id-kaart_nederlandse-pasfotos-laten-maken_pasfoto-japan
https://www.nederlandwereldwijd.nl/paspoort-id-kaart/nederlandse-pasfotos-laten-maken/pasfoto-jemen,200,Fotografen in Jemen die bekend zijn met de Nederlandse eisen voor pasfoto's | NederlandWereldwijd,99,0330_paspoort-id-kaart_nederlandse-pasfotos-laten-maken_pasfoto-jemen
https://www.nederlandwereldwijd.nl/paspoort-id-kaart/nederlandse-pasfotos-laten-maken/pasfoto-jordanie,200,Nederlandse pasfoto's laten maken in Jordanië | NederlandWereldwijd,133,0331_paspoort-id-kaart_nederlandse-pasfotos-laten-maken_pasfoto-jordanie
https://www.nederlandwereldwijd.nl/paspoort-id-kaart/nederlandse-pasfotos-laten-maken/pasfoto-kaaimaneilanden,200,Nederlandse pasfoto's laten maken op de Kaaimaneilanden | NederlandWereldwijd,157,0332_paspoort-id-kaart_nederlandse-pasfotos-laten-maken_pasfoto-kaaimaneilanden
https://www.nederlandwereldwijd.nl/paspoort-id-kaart/nederlandse-pasfotos-laten-maken/pasfoto-kaapverdie,200,Nederlandse pasfoto's laten maken in Kaapverdië | NederlandWereldwijd,147,0333_paspoort-id-kaart_nederlandse-pasfotos-laten-maken_pasfoto-kaapverdie
https://www.nederlandwereldwijd.nl/paspoort-id-kaart/nederlandse-pasfotos-laten-maken/pasfoto-kameroen,200,Nederlandse pasfoto's laten maken in Kameroen | NederlandWereldwijd,129,0334_paspoort-id-kaart_nederlandse-pasfotos-laten-maken_pasfoto-kameroen
https://www.nederlandwereldwijd.nl/paspoort-id-kaart/nederlandse-pasfotos-laten-maken/pasfoto-kazachstan,200,Nederlandse pasfoto's laten maken in Kazachstan | NederlandWereldwijd,158,0335_paspoort-id-kaart_nederlandse-pasfotos-laten-maken_pasfoto-kazachstan
https://www.nederlandwereldwijd.nl/paspoort-id-kaart/nederlandse-pasfotos-laten-maken/pasfoto-kenia,200,Nederlandse pasfoto's laten maken in Kenia | NederlandWereldwijd,115,0336_paspoort-id-kaart_nederlandse-pasfotos-laten-maken_pasfoto-kenia
https://www.nederlandwereldwijd.nl/paspoort-id-kaart/nederlandse-pasfotos-laten-maken/pasfoto-kirgizie,200,Nederlandse pasfoto's laten maken in Kirgizië | NederlandWereldwijd,147,0337_paspoort-id-kaart_nederlandse-pasfotos-laten-maken_pasfoto-kirgizie
https://www.nederlandwereldwijd.nl/paspoort-id-kaart/nederlandse-pasfotos-laten-maken/pasfoto-kiribati,200,Nederlandse pasfoto's laten maken op Kiribati | NederlandWereldwijd,147,0338_paspoort-id-kaart_nederlandse-pasfotos-laten-maken_pasfoto-kiribati
https://www.nederlandwereldwijd.nl/paspoort-id-kaart/nederlandse-pasfotos-laten-maken/pasfoto-koeweit,200,Nederlandse pasfoto's laten maken in Koeweit | NederlandWereldwijd,129,0339_paspoort-id-kaart_nederlandse-pasfotos-laten-maken_pasfoto-koeweit
https://www.nederlandwereldwijd.nl/paspoort-id-kaart/nederlandse-pasfotos-laten-maken/pasfoto-kosovo,200,Nederlandse pasfoto's laten maken in Kosovo | NederlandWereldwijd,147,0340_paspoort-id-kaart_nederlandse-pasfotos-laten-maken_pasfoto-kosovo
https://www.nederlandwereldwijd.nl/paspoort-id-kaart/nederlandse-pasfotos-laten-maken/pasfoto-kroatie,200,Nederlandse pasfoto's laten maken in Kroatië | NederlandWereldwijd,174,0341_paspoort-id-kaart_nederlandse-pasfotos-laten-maken_pasfoto-kroatie
https://www.nederlandwereldwijd.nl/paspoort-id-kaart/nederlandse-pasfotos-laten-maken/pasfoto-laos,200,Nederlandse pasfoto's laten maken in Laos | NederlandWereldwijd,147,0342_paspoort-id-kaart_nederlandse-pasfotos-laten-maken_pasfoto-laos
https://www.nederlandwereldwijd.nl/paspoort-id-kaart/nederlandse-pasfotos-laten-maken/pasfoto-lesotho,200,Nederlandse pasfoto's laten maken in Lesotho | NederlandWereldwijd,150,0343_paspoort-id-kaart_nederlandse-pasfotos-laten-maken_pasfoto-lesotho
https://www.nederlandwereldwijd.nl/paspoort-id-kaart/nederlandse-pasfotos-laten-maken/pasfoto-letland,200,Nederlandse pasfoto's laten maken in Letland | NederlandWereldwijd,150,0344_paspoort-id-kaart_nederlandse-pasfotos-laten-maken_pasfoto-letland
https://www.nederlandwereldwijd.nl/paspoort-id-kaart/nederlandse-pasfotos-laten-maken/pasfoto-libanon,200,Nederlandse pasfoto's laten maken in Libanon | NederlandWereldwijd,117,0345_paspoort-id-kaart_nederlandse-pasfotos-laten-maken_pasfoto-libanon
https://www.nederlandwereldwijd.nl/paspoort-id-kaart/nederlandse-pasfotos-laten-maken/pasfoto-liberia,200,Nederlandse pasfoto's laten maken in Liberia | NederlandWereldwijd,147,0346_paspoort-id-kaart_nederlandse-pasfotos-laten-maken_pasfoto-liberia
https://www.nederlandwereldwijd.nl/paspoort-id-kaart/nederlandse-pasfotos-laten-maken/pasfoto-libie,200,Nederlandse pasfoto’s laten maken in Libië | NederlandWereldwijd,147,0347_paspoort-id-kaart_nederlandse-pasfotos-laten-maken_pasfoto-libie
https://www.nederlandwereldwijd.nl/paspoort-id-kaart/nederlandse-pasfotos-laten-maken/pasfoto-liechtenstein,200,Nederlandse pasfoto's laten maken in Liechtenstein | NederlandWereldwijd,147,0348_paspoort-id-kaart_nederlandse-pasfotos-laten-maken_pasfoto-liechtenstein
https://www.nederlandwereldwijd.nl/paspoort-id-kaart/nederlandse-pasfotos-laten-maken/pasfoto-litouwen,200,Nederlandse pasfoto's laten maken in Litouwen | NederlandWereldwijd,162,0349_paspoort-id-kaart_nederlandse-pasfotos-laten-maken_pasfoto-litouwen
https://www.nederlandwereldwijd.nl/paspoort-id-kaart/nederlandse-pasfotos-laten-maken/pasfoto-luxemburg,200,Nederlandse pasfoto's laten maken in Luxemburg | NederlandWereldwijd,154,0350_paspoort-id-kaart_nederlandse-pasfotos-laten-maken_pasfoto-luxemburg
https://www.nederlandwereldwijd.nl/paspoort-id-kaart/nederlandse-pasfotos-laten-maken/pasfoto-macau-sar,200,Nederlandse pasfoto's laten maken in Macau SAR | NederlandWereldwijd,149,0351_paspoort-id-kaart_nederlandse-pasfotos-laten-maken_pasfoto-macau-sar
https://www.nederlandwereldwijd.nl/paspoort-id-kaart/nederlandse-pasfotos-laten-maken/pasfoto-madagaskar,200,Nederlandse pasfoto’s laten maken in Madagaskar | NederlandWereldwijd,147,0352_paspoort-id-kaart_nederlandse-pasfotos-laten-maken_pasfoto-madagaskar
https://www.nederlandwereldwijd.nl/paspoort-id-kaart/nederlandse-pasfotos-laten-maken/pasfoto-malawi,200,Nederlandse pasfoto's laten maken in Malawi | NederlandWereldwijd,129,0353_paspoort-id-kaart_nederlandse-pasfotos-laten-maken_pasfoto-malawi
https://www.nederlandwereldwijd.nl/paspoort-id-kaart/nederlandse-pasfotos-laten-maken/pasfoto-maldiven,200,Nederlandse pasfoto's laten maken op de Maldiven | NederlandWereldwijd,131,0354_paspoort-id-kaart_nederlandse-pasfotos-laten-maken_pasfoto-maldiven
https://www.nederlandwereldwijd.nl/paspoort-id-kaart/nederlandse-pasfotos-laten-maken/pasfoto-maleisie,200,Nederlandse pasfoto's laten maken in Maleisië | NederlandWereldwijd,144,0355_paspoort-id-kaart_nederlandse-pasfotos-laten-maken_pasfoto-maleisie
https://www.nederlandwereldwijd.nl/paspoort-id-kaart/nederlandse-pasfotos-laten-maken/pasfoto-mali,200,Nederlandse pasfoto's laten maken in Mali | NederlandWereldwijd,118,0356_paspoort-id-kaart_nederlandse-pasfotos-laten-maken_pasfoto-mali
https://www.nederlandwereldwijd.nl/paspoort-id-kaart/nederlandse-pasfotos-laten-maken/pasfoto-malta,200,Nederlandse pasfoto's laten maken in Malta | NederlandWereldwijd,138,0357_paspoort-id-kaart_nederlandse-pasfotos-laten-maken_pasfoto-malta
https://www.nederlandwereldwijd.nl/paspoort-id-kaart/nederlandse-pasfotos-laten-maken/pasfoto-marokko,200,Nederlandse pasfoto's laten maken in Marokko | NederlandWereldwijd,116,0358_paspoort-id-kaart_nederlandse-pasfotos-laten-maken_pasfoto-marokko
https://www.nederlandwereldwijd.nl/paspoort-id-kaart/nederlandse-pasfotos-laten-maken/pasfoto-marshalleilanden,200,Nederlandse pasfoto's laten maken op de Marshalleilanden | NederlandWereldwijd,153,0359_paspoort-id-kaart_nederlandse-pasfotos-laten-maken_pasfoto-marshalleilanden
https://www.nederlandwereldwijd.nl/paspoort-id-kaart/nederlandse-pasfotos-laten-maken/pasfoto-martinique,200,Nederlandse pasfoto's laten maken op Martinique | NederlandWereldwijd,155,0360_paspoort-id-kaart_nederlandse-pasfotos-laten-maken_pasfoto-martinique
https://www.nederlandwereldwijd.nl/paspoort-id-kaart/nederlandse-pasfotos-laten-maken/pasfoto-mauritanie,200,Nederlandse pasfoto's laten maken in Mauritanië | NederlandWereldwijd,147,0361_paspoort-id-kaart_nederlandse-pasfotos-laten-maken_pasfoto-mauritanie
https://www.nederlandwereldwijd.nl/paspoort-id-kaart/nederlandse-pasfotos-laten-maken/pasfoto-mauritius,200,Nederlandse pasfoto's laten maken in Mauritius | NederlandWereldwijd,147,0362_paspoort-id-kaart_nederlandse-pasfotos-laten-maken_pasfoto-mauritius
https://www.nederlandwereldwijd.nl/paspoort-id-kaart/nederlandse-pasfotos-laten-maken/pasfoto-mexico,200,Nederlandse pasfoto's laten maken in Mexico | NederlandWereldwijd,308,0363_paspoort-id-kaart_nederlandse-pasfotos-laten-maken_pasfoto-mexico
https://www.nederlandwereldwijd.nl/paspoort-id-kaart/nederlandse-pasfotos-laten-maken/pasfoto-micronesie,200,Nederlandse pasfoto's laten maken op Micronesië | NederlandWereldwijd,151,0364_paspoort-id-kaart_nederlandse-pasfotos-laten-maken_pasfoto-micronesie
https://www.nederlandwereldwijd.nl/paspoort-id-kaart/nederlandse-pasfotos-laten-maken/pasfoto-moldavie,200,Nederlandse pasfoto's laten maken in Moldavië | NederlandWereldwijd,147,0365_paspoort-id-kaart_nederlandse-pasfotos-laten-maken_pasfoto-moldavie
https://www.nederlandwereldwijd.nl/paspoort-id-kaart/nederlandse-pasfotos-laten-maken/pasfoto-monaco,200,Nederlandse pasfoto's laten maken in Monaco | NederlandWereldwijd,147,0366_paspoort-id-kaart_nederlandse-pasfotos-laten-maken_pasfoto-monaco
https://www.nederlandwereldwijd.nl/paspoort-id-kaart/nederlandse-pasfotos-laten-maken/pasfoto-mongolie,200,Nederlandse pasfoto's laten maken in Mongolië | NederlandWereldwijd,147,0367_paspoort-id-kaart_nederlandse-pasfotos-laten-maken_pasfoto-mongolie
https://www.nederlandwereldwijd.nl/paspoort-id-kaart/nederlandse-pasfotos-laten-maken/pasfoto-montenegro,200,Nederlandse pasfoto's laten maken in Montenegro | NederlandWereldwijd,147,0368_paspoort-id-kaart_nederlandse-pasfotos-laten-maken_pasfoto-montenegro
https://www.nederlandwereldwijd.nl/paspoort-id-kaart/nederlandse-pasfotos-laten-maken/pasfoto-montserrat,200,Nederlandse pasfoto's laten maken in Montserrat | NederlandWereldwijd,155,0369_paspoort-id-kaart_nederlandse-pasfotos-laten-maken_pasfoto-montserrat
https://www.nederlandwereldwijd.nl/paspoort-id-kaart/nederlandse-pasfotos-laten-maken/pasfoto-mozambique,200,Nederlandse pasfoto's laten maken in Mozambique | NederlandWereldwijd,118,0370_paspoort-id-kaart_nederlandse-pasfotos-laten-maken_pasfoto-mozambique
https://www.nederlandwereldwijd.nl/paspoort-id-kaart/nederlandse-pasfotos-laten-maken/pasfoto-myanmar,200,Nederlandse pasfoto's laten maken in Myanmar | NederlandWereldwijd,124,0371_paspoort-id-kaart_nederlandse-pasfotos-laten-maken_pasfoto-myanmar
https://www.nederlandwereldwijd.nl/paspoort-id-kaart/nederlandse-pasfotos-laten-maken/pasfoto-namibie,200,Nederlandse pasfoto's laten maken in Namibië | NederlandWereldwijd,147,0372_paspoort-id-kaart_nederlandse-pasfotos-laten-maken_pasfoto-namibie
https://www.nederlandwereldwijd.nl/paspoort-id-kaart/nederlandse-pasfotos-laten-maken/pasfoto-nauru,200,Nederlandse pasfoto's laten maken op Naoero (Nauru) | NederlandWereldwijd,147,0373_paspoort-id-kaart_nederlandse-pasfotos-laten-maken_pasfoto-nauru
https://www.nederlandwereldwijd.nl/paspoort-id-kaart/nederlandse-pasfotos-laten-maken/pasfoto-nepal,200,Nederlandse pasfoto's laten maken in Nepal | NederlandWereldwijd,147,0374_paspoort-id-kaart_nederlandse-pasfotos-laten-maken_pasfoto-nepal
https://www.nederlandwereldwijd.nl/paspoort-id-kaart/nederlandse-pasfotos-laten-maken/pasfoto-nicaragua,200,Nederlandse pasfoto's laten maken in Nicaragua | NederlandWereldwijd,151,0375_paspoort-id-kaart_nederlandse-pasfotos-laten-maken_pasfoto-nicaragua
https://www.nederlandwereldwijd.nl/paspoort-id-kaart/nederlandse-pasfotos-laten-maken/pasfoto-nieuw-caledonie,200,Nederlandse pasfoto's laten maken op Nieuw-Caledonië | NederlandWereldwijd,147,0376_paspoort-id-kaart_nederlandse-pasfotos-laten-maken_pasfoto-nieuw-caledonie
https://www.nederlandwereldwijd.nl/paspoort-id-kaart/nederlandse-pasfotos-laten-maken/pasfoto-nieuw-zeeland,200,Nederlandse pasfoto's laten maken in Nieuw-Zeeland | NederlandWereldwijd,182,0377_paspoort-id-kaart_nederlandse-pasfotos-laten-maken_pasfoto-nieuw-zeeland
https://www.nederlandwereldwijd.nl/paspoort-id-kaart/nederlandse-pasfotos-laten-maken/pasfoto-niger,200,Nederlandse pasfoto's laten maken in Niger | NederlandWereldwijd,147,0378_paspoort-id-kaart_nederlandse-pasfotos-laten-maken_pasfoto-niger
https://www.nederlandwereldwijd.nl/paspoort-id-kaart/nederlandse-pasfotos-laten-maken/pasfoto-nigeria,200,Nederlandse pasfoto's laten maken in Nigeria | NederlandWereldwijd,129,0379_paspoort-id-kaart_nederlandse-pasfotos-laten-maken_pasfoto-nigeria
https://www.nederlandwereldwijd.nl/paspoort-id-kaart/nederlandse-pasfotos-laten-maken/pasfoto-niue,200,Nederlandse pasfoto's laten maken op Niue | NederlandWereldwijd,147,0380_paspoort-id-kaart_nederlandse-pasfotos-laten-maken_pasfoto-niue
https://www.nederlandwereldwijd.nl/paspoort-id-kaart/nederlandse-pasfotos-laten-maken/pasfoto-noord-korea,200,Nederlandse pasfoto's laten maken in Noord-Korea | NederlandWereldwijd,147,0381_paspoort-id-kaart_nederlandse-pasfotos-laten-maken_pasfoto-noord-korea
https://www.nederlandwereldwijd.nl/paspoort-id-kaart/nederlandse-pasfotos-laten-maken/pasfoto-noord-macedonie,200,Nederlandse pasfoto's laten maken in Noord-Macedonië | NederlandWereldwijd,142,0382_paspoort-id-kaart_nederlandse-pasfotos-laten-maken_pasfoto-noord-macedonie
https://www.nederlandwereldwijd.nl/paspoort-id-kaart/nederlandse-pasfotos-laten-maken/pasfoto-noorwegen,200,Nederlandse pasfoto's laten maken in Noorwegen | NederlandWereldwijd,112,0383_paspoort-id-kaart_nederlandse-pasfotos-laten-maken_pasfoto-noorwegen
https://www.nederlandwereldwijd.nl/paspoort-id-kaart/nederlandse-pasfotos-laten-maken/pasfoto-oekraine,200,Nederlandse pasfoto's laten maken in Oekraïne | NederlandWereldwijd,114,0384_paspoort-id-kaart_nederlandse-pasfotos-laten-maken_pasfoto-oekraine
https://www.nederlandwereldwijd.nl/paspoort-id-kaart/nederlandse-pasfotos-laten-maken/pasfoto-oezbekistan,200,Nederlandse pasfoto's laten maken in Oezbekistan | NederlandWereldwijd,147,0385_paspoort-id-kaart_nederlandse-pasfotos-laten-maken_pasfoto-oezbekistan
https://www.nederlandwereldwijd.nl/paspoort-id-kaart/nederlandse-pasfotos-laten-maken/pasfoto-oman,200,Nederlandse pasfoto's laten maken in Oman | NederlandWereldwijd,118,0386_paspoort-id-kaart_nederlandse-pasfotos-laten-maken_pasfoto-oman
https://www.nederlandwereldwijd.nl/paspoort-id-kaart/nederlandse-pasfotos-laten-maken/pasfoto-oost-timor,200,Nederlandse pasfoto's laten maken in Oost-Timor | NederlandWereldwijd,129,0387_paspoort-id-kaart_nederlandse-pasfotos-laten-maken_pasfoto-oost-timor
https://www.nederlandwereldwijd.nl/paspoort-id-kaart/nederlandse-pasfotos-laten-maken/pasfoto-oostenrijk,200,Nederlandse pasfoto’s laten maken in Oostenrijk | NederlandWereldwijd,120,0388_paspoort-id-kaart_nederlandse-pasfotos-laten-maken_pasfoto-oostenrijk
https://www.nederlandwereldwijd.nl/paspoort-id-kaart/nederlandse-pasfotos-laten-maken/pasfoto-pakistan,200,Nederlandse pasfoto's laten maken in Pakistan | NederlandWereldwijd,117,0389_paspoort-id-kaart_nederlandse-pasfotos-laten-maken_pasfoto-pakistan
https://www.nederlandwereldwijd.nl/paspoort-id-kaart/nederlandse-pasfotos-laten-maken/pasfoto-palau,200,Nederlandse pasfoto's laten maken op Palau | NederlandWereldwijd,151,0390_paspoort-id-kaart_nederlandse-pasfotos-laten-maken_pasfoto-palau
https://www.nederlandwereldwijd.nl/paspoort-id-kaart/nederlandse-pasfotos-laten-maken/pasfoto-palestijnse-gebieden,200,Nederlandse pasfoto's laten maken in de Palestijnse Gebieden | NederlandWereldwijd,119,0391_paspoort-id-kaart_nederlandse-pasfotos-laten-maken_pasfoto-palestijnse-gebieden
https://www.nederlandwereldwijd.nl/paspoort-id-kaart/nederlandse-pasfotos-laten-maken/pasfoto-panama,200,Nederlandse pasfoto's laten maken in Panama | NederlandWereldwijd,118,0392_paspoort-id-kaart_nederlandse-pasfotos-laten-maken_pasfoto-panama
https://www.nederlandwereldwijd.nl/paspoort-id-kaart/nederlandse-pasfotos-laten-maken/pasfoto-papoea-nieuw-guinea,200,Nederlandse pasfoto's laten maken in Papoea-Nieuw-Guinea | NederlandWereldwijd,147,0393_paspoort-id-kaart_nederlandse-pasfotos-laten-maken_pasfoto-papoea-nieuw-guinea
https://www.nederlandwereldwijd.nl/paspoort-id-kaart/nederlandse-pasfotos-laten-maken/pasfoto-paraguay,200,Nederlandse pasfoto's laten maken in Paraguay | NederlandWereldwijd,147,0394_paspoort-id-kaart_nederlandse-pasfotos-laten-maken_pasfoto-paraguay
https://www.nederlandwereldwijd.nl/paspoort-id-kaart/nederlandse-pasfotos-laten-maken/pasfoto-peru,200,Nederlandse pasfoto's laten maken in Peru | NederlandWereldwijd,130,0395_paspoort-id-kaart_nederlandse-pasfotos-laten-maken_pasfoto-peru
https://www.nederlandwereldwijd.nl/paspoort-id-kaart/nederlandse-pasfotos-laten-maken/pasfoto-pitcairneilanden,200,Nederlandse pasfoto's laten maken op de Pitcairneilanden | NederlandWereldwijd,149,0396_paspoort-id-kaart_nederlandse-pasfotos-laten-maken_pasfoto-pitcairneilanden
https://www.nederlandwereldwijd.nl/paspoort-id-kaart/nederlandse-pasfotos-laten-maken/pasfoto-polen,200,Nederlandse pasfoto's laten maken in Polen | NederlandWereldwijd,114,0397_paspoort-id-kaart_nederlandse-pasfotos-laten-maken_pasfoto-polen
https://www.nederlandwereldwijd.nl/paspoort-id-kaart/nederlandse-pasfotos-laten-maken/pasfoto-portugal,200,Nederlandse pasfoto's laten maken in Portugal | NederlandWereldwijd,184,0398_paspoort-id-kaart_nederlandse-pasfotos-laten-maken_pasfoto-portugal
https://www.nederlandwereldwijd.nl/paspoort-id-kaart/nederlandse-pasfotos-laten-maken/pasfoto-puerto-rico,200,Nederlandse pasfoto's laten maken op Puerto Rico | NederlandWereldwijd,120,0399_paspoort-id-kaart_nederlandse-pasfotos-laten-maken_pasfoto-puerto-rico
https://www.nederlandwereldwijd.nl/paspoort-id-kaart/nederlandse-pasfotos-laten-maken/pasfoto-qatar,200,Nederlandse pasfoto's laten maken in Qatar | NederlandWereldwijd,113,0400_paspoort-id-kaart_nederlandse-pasfotos-laten-maken_pasfoto-qatar
https://www.nederlandwereldwijd.nl/paspoort-id-kaart/nederlandse-pasfotos-laten-maken/pasfoto-reunion,200,Nederlandse pasfoto’s laten maken in Réunion | NederlandWereldwijd,147,0401_paspoort-id-kaart_nederlandse-pasfotos-laten-maken_pasfoto-reunion
https://www.nederlandwereldwijd.nl/paspoort-id-kaart/nederlandse-pasfotos-laten-maken/pasfoto-roemenie,200,Nederlandse pasfoto's laten maken in Roemenië | NederlandWereldwijd,155,0402_paspoort-id-kaart_nederlandse-pasfotos-laten-maken_pasfoto-roemenie
https://www.nederlandwereldwijd.nl/paspoort-id-kaart/nederlandse-pasfotos-laten-maken/pasfoto-rusland,200,Nederlandse pasfoto's laten maken in Rusland | NederlandWereldwijd,149,0403_paspoort-id-kaart_nederlandse-pasfotos-laten-maken_pasfoto-rusland
https://www.nederlandwereldwijd.nl/paspoort-id-kaart/nederlandse-pasfotos-laten-maken/pasfoto-rwanda,200,Nederlandse pasfoto's laten maken in Rwanda | NederlandWereldwijd,115,0404_paspoort-id-kaart_nederlandse-pasfotos-laten-maken_pasfoto-rwanda
https://www.nederlandwereldwijd.nl/paspoort-id-kaart/nederlandse-pasfotos-laten-maken/pasfoto-saint-kitts-en-nevis,200,Nederlandse pasfoto's laten maken op Saint Kitts en Nevis | NederlandWereldwijd,161,0405_paspoort-id-kaart_nederlandse-pasfotos-laten-maken_pasfoto-saint-kitts-en-nevis
https://www.nederlandwereldwijd.nl/paspoort-id-kaart/nederlandse-pasfotos-laten-maken/pasfoto-saint-lucia,200,Nederlandse pasfoto's laten maken op Saint Lucia | NederlandWereldwijd,157,0406_paspoort-id-kaart_nederlandse-pasfotos-laten-maken_pasfoto-saint-lucia
https://www.nederlandwereldwijd.nl/paspoort-id-kaart/nederlandse-pasfotos-laten-maken/pasfoto-saint-vincent-en-de-grenadines,200,Nederlandse pasfoto's laten maken op Saint Vincent en de Grenadines | NederlandWereldwijd,163,0407_paspoort-id-kaart_nederlandse-pasfotos-laten-maken_pasfoto-saint-vincent-en-de-g
https://www.nederlandwereldwijd.nl/paspoort-id-kaart/nederlandse-pasfotos-laten-maken/pasfoto-salomonseilanden,200,Nederlandse pasfoto's laten maken op de Salomonseilanden | NederlandWereldwijd,149,0408_paspoort-id-kaart_nederlandse-pasfotos-laten-maken_pasfoto-salomonseilanden
https://www.nederlandwereldwijd.nl/paspoort-id-kaart/nederlandse-pasfotos-laten-maken/pasfoto-samoa,200,Nederlandse pasfoto’s laten maken in Samoa | NederlandWereldwijd,147,0409_paspoort-id-kaart_nederlandse-pasfotos-laten-maken_pasfoto-samoa
https://www.nederlandwereldwijd.nl/paspoort-id-kaart/nederlandse-pasfotos-laten-maken/pasfoto-san-marino,200,Nederlandse pasfoto's laten maken in San Marino | NederlandWereldwijd,149,0410_paspoort-id-kaart_nederlandse-pasfotos-laten-maken_pasfoto-san-marino
https://www.nederlandwereldwijd.nl/paspoort-id-kaart/nederlandse-pasfotos-laten-maken/pasfoto-sao-tome-en-principe,200,Nederlandse pasfoto’s laten maken in Sao Tomé en Principe | NederlandWereldwijd,153,0411_paspoort-id-kaart_nederlandse-pasfotos-laten-maken_pasfoto-sao-tome-en-principe
https://www.nederlandwereldwijd.nl/paspoort-id-kaart/nederlandse-pasfotos-laten-maken/pasfoto-saoedi-arabie,200,Nederlandse pasfoto's laten maken in Saoedi-Arabië | NederlandWereldwijd,128,0412_paspoort-id-kaart_nederlandse-pasfotos-laten-maken_pasfoto-saoedi-arabie
https://www.nederlandwereldwijd.nl/paspoort-id-kaart/nederlandse-pasfotos-laten-maken/pasfoto-senegal,200,Nederlandse pasfoto’s laten maken in Senegal | NederlandWereldwijd,114,0413_paspoort-id-kaart_nederlandse-pasfotos-laten-maken_pasfoto-senegal
https://www.nederlandwereldwijd.nl/paspoort-id-kaart/nederlandse-pasfotos-laten-maken/pasfoto-servie,200,Nederlandse pasfoto's laten maken in Servië | NederlandWereldwijd,142,0414_paspoort-id-kaart_nederlandse-pasfotos-laten-maken_pasfoto-servie
https://www.nederlandwereldwijd.nl/paspoort-id-kaart/nederlandse-pasfotos-laten-maken/pasfoto-seychellen,200,Nederlandse pasfoto's laten maken in de Seychellen | NederlandWereldwijd,149,0415_paspoort-id-kaart_nederlandse-pasfotos-laten-maken_pasfoto-seychellen
https://www.nederlandwereldwijd.nl/paspoort-id-kaart/nederlandse-pasfotos-laten-maken/pasfoto-sierra-leone,200,Nederlandse pasfoto's laten maken in Sierra Leone | NederlandWereldwijd,149,0416_paspoort-id-kaart_nederlandse-pasfotos-laten-maken_pasfoto-sierra-leone
https://www.nederlandwereldwijd.nl/paspoort-id-kaart/nederlandse-pasfotos-laten-maken/pasfoto-singapore,200,Nederlandse pasfoto's laten maken in Singapore | NederlandWereldwijd,120,0417_paspoort-id-kaart_nederlandse-pasfotos-laten-maken_pasfoto-singapore
https://www.nederlandwereldwijd.nl/paspoort-id-kaart/nederlandse-pasfotos-laten-maken/pasfoto-slovenie,200,Nederlandse pasfoto's laten maken in Slovenië | NederlandWereldwijd,131,0418_paspoort-id-kaart_nederlandse-pasfotos-laten-maken_pasfoto-slovenie
https://www.nederlandwereldwijd.nl/paspoort-id-kaart/nederlandse-pasfotos-laten-maken/pasfoto-slowakije,200,Nederlandse pasfoto’s laten maken in Slowakije | NederlandWereldwijd,162,0419_paspoort-id-kaart_nederlandse-pasfotos-laten-maken_pasfoto-slowakije
https://www.nederlandwereldwijd.nl/paspoort-id-kaart/nederlandse-pasfotos-laten-maken/pasfoto-somalie,200,Nederlandse pasfoto's laten maken in Somalië | NederlandWereldwijd,147,0420_paspoort-id-kaart_nederlandse-pasfotos-laten-maken_pasfoto-somalie
https://www.nederlandwereldwijd.nl/paspoort-id-kaart/nederlandse-pasfotos-laten-maken/pasfoto-spanje,200,Nederlandse pasfoto's laten maken in Spanje | NederlandWereldwijd,441,0421_paspoort-id-kaart_nederlandse-pasfotos-laten-maken_pasfoto-spanje
https://www.nederlandwereldwijd.nl/paspoort-id-kaart/nederlandse-pasfotos-laten-maken/pasfoto-sri-lanka,200,Nederlandse pasfoto's laten maken in Sri Lanka | NederlandWereldwijd,131,0422_paspoort-id-kaart_nederlandse-pasfotos-laten-maken_pasfoto-sri-lanka
https://www.nederlandwereldwijd.nl/paspoort-id-kaart/nederlandse-pasfotos-laten-maken/pasfoto-sudan,200,Nederlandse pasfoto's laten maken in Sudan | NederlandWereldwijd,119,0423_paspoort-id-kaart_nederlandse-pasfotos-laten-maken_pasfoto-sudan
https://www.nederlandwereldwijd.nl/paspoort-id-kaart/nederlandse-pasfotos-laten-maken/pasfoto-suriname,200,Nederlandse pasfoto's laten maken in Suriname | NederlandWereldwijd,113,0424_paspoort-id-kaart_nederlandse-pasfotos-laten-maken_pasfoto-suriname
https://www.nederlandwereldwijd.nl/paspoort-id-kaart/nederlandse-pasfotos-laten-maken/pasfoto-syrie,200,Nederlandse pasfoto's laten maken in Syrië | NederlandWereldwijd,174,0425_paspoort-id-kaart_nederlandse-pasfotos-laten-maken_pasfoto-syrie
https://www.nederlandwereldwijd.nl/paspoort-id-kaart/nederlandse-pasfotos-laten-maken/pasfoto-tadzjikistan,200,Nederlandse pasfoto's laten maken in Tadzjikistan | NederlandWereldwijd,147,0426_paspoort-id-kaart_nederlandse-pasfotos-laten-maken_pasfoto-tadzjikistan
https://www.nederlandwereldwijd.nl/paspoort-id-kaart/nederlandse-pasfotos-laten-maken/pasfoto-taiwan,200,Nederlandse pasfoto's laten maken in Taiwan | NederlandWereldwijd,129,0427_paspoort-id-kaart_nederlandse-pasfotos-laten-maken_pasfoto-taiwan
https://www.nederlandwereldwijd.nl/paspoort-id-kaart/nederlandse-pasfotos-laten-maken/pasfoto-tanzania,200,Nederlandse pasfoto's laten maken in Tanzania | NederlandWereldwijd,113,0428_paspoort-id-kaart_nederlandse-pasfotos-laten-maken_pasfoto-tanzania
https://www.nederlandwereldwijd.nl/paspoort-id-kaart/nederlandse-pasfotos-laten-maken/pasfoto-thailand,200,Nederlandse pasfoto's laten maken in Thailand | NederlandWereldwijd,78,0429_paspoort-id-kaart_nederlandse-pasfotos-laten-maken_pasfoto-thailand
https://www.nederlandwereldwijd.nl/paspoort-id-kaart/nederlandse-pasfotos-laten-maken/pasfoto-togo,200,Nederlandse pasfoto’s laten maken in Togo | NederlandWereldwijd,147,0430_paspoort-id-kaart_nederlandse-pasfotos-laten-maken_pasfoto-togo
https://www.nederlandwereldwijd.nl/paspoort-id-kaart/nederlandse-pasfotos-laten-maken/pasfoto-tokelau-eilanden,200,Nederlandse pasfoto's laten maken op de Tokelau-eilanden | NederlandWereldwijd,149,0431_paspoort-id-kaart_nederlandse-pasfotos-laten-maken_pasfoto-tokelau-eilanden
https://www.nederlandwereldwijd.nl/paspoort-id-kaart/nederlandse-pasfotos-laten-maken/pasfoto-tonga,200,Nederlandse pasfoto's laten maken op Tonga | NederlandWereldwijd,147,0432_paspoort-id-kaart_nederlandse-pasfotos-laten-maken_pasfoto-tonga
https://www.nederlandwereldwijd.nl/paspoort-id-kaart/nederlandse-pasfotos-laten-maken/pasfoto-trinidad-en-tobago,200,Nederlandse pasfoto's laten maken op Trinidad en Tobago | NederlandWereldwijd,127,0433_paspoort-id-kaart_nederlandse-pasfotos-laten-maken_pasfoto-trinidad-en-tobago
https://www.nederlandwereldwijd.nl/paspoort-id-kaart/nederlandse-pasfotos-laten-maken/pasfoto-tsjaad,200,Nederlandse pasfoto's laten maken in Tsjaad | NederlandWereldwijd,154,0434_paspoort-id-kaart_nederlandse-pasfotos-laten-maken_pasfoto-tsjaad
https://www.nederlandwereldwijd.nl/paspoort-id-kaart/nederlandse-pasfotos-laten-maken/pasfoto-tsjechie,200,Nederlandse pasfoto's laten maken in Tsjechië | NederlandWereldwijd,209,0435_paspoort-id-kaart_nederlandse-pasfotos-laten-maken_pasfoto-tsjechie
https://www.nederlandwereldwijd.nl/paspoort-id-kaart/nederlandse-pasfotos-laten-maken/pasfoto-tunesie,200,Nederlandse pasfoto's laten maken in Tunesië | NederlandWereldwijd,117,0436_paspoort-id-kaart_nederlandse-pasfotos-laten-maken_pasfoto-tunesie
https://www.nederlandwereldwijd.nl/paspoort-id-kaart/nederlandse-pasfotos-laten-maken/pasfoto-turkije,200,Nederlandse pasfoto's laten maken in Turkije | NederlandWereldwijd,134,0437_paspoort-id-kaart_nederlandse-pasfotos-laten-maken_pasfoto-turkije
https://www.nederlandwereldwijd.nl/paspoort-id-kaart/nederlandse-pasfotos-laten-maken/pasfoto-turkmenistan,200,Nederlandse pasfoto's laten maken in Turkmenistan | NederlandWereldwijd,147,0438_paspoort-id-kaart_nederlandse-pasfotos-laten-maken_pasfoto-turkmenistan
https://www.nederlandwereldwijd.nl/paspoort-id-kaart/nederlandse-pasfotos-laten-maken/pasfoto-turks-en-caicoseilanden,200,Nederlandse pasfoto's laten maken op de Turks- en Caicoseilanden | NederlandWereldwijd,161,0439_paspoort-id-kaart_nederlandse-pasfotos-laten-maken_pasfoto-turks-en-caicoseiland
https://www.nederlandwereldwijd.nl/paspoort-id-kaart/nederlandse-pasfotos-laten-maken/pasfoto-tuvalu,200,Nederlandse pasfoto's laten maken op Tuvalu | NederlandWereldwijd,147,0440_paspoort-id-kaart_nederlandse-pasfotos-laten-maken_pasfoto-tuvalu
https://www.nederlandwereldwijd.nl/paspoort-id-kaart/nederlandse-pasfotos-laten-maken/pasfoto-uganda,200,Nederlandse pasfoto's laten maken in Uganda | NederlandWereldwijd,138,0441_paspoort-id-kaart_nederlandse-pasfotos-laten-maken_pasfoto-uganda
https://www.nederlandwereldwijd.nl/paspoort-id-kaart/nederlandse-pasfotos-laten-maken/pasfoto-uruguay,200,Nederlandse pasfoto's laten maken in Uruguay | NederlandWereldwijd,147,0442_paspoort-id-kaart_nederlandse-pasfotos-laten-maken_pasfoto-uruguay
https://www.nederlandwereldwijd.nl/paspoort-id-kaart/nederlandse-pasfotos-laten-maken/pasfoto-vanuatu,200,Nederlandse pasfoto's laten maken op Vanuatu | NederlandWereldwijd,147,0443_paspoort-id-kaart_nederlandse-pasfotos-laten-maken_pasfoto-vanuatu
https://www.nederlandwereldwijd.nl/paspoort-id-kaart/nederlandse-pasfotos-laten-maken/pasfoto-venezuela,200,Nederlandse pasfoto's laten maken in Venezuela | NederlandWereldwijd,119,0444_paspoort-id-kaart_nederlandse-pasfotos-laten-maken_pasfoto-venezuela
https://www.nederlandwereldwijd.nl/paspoort-id-kaart/nederlandse-pasfotos-laten-maken/pasfoto-verenigd-koninkrijk,200,Nederlandse pasfoto's laten maken in het Verenigd Koninkrijk | NederlandWereldwijd,389,0445_paspoort-id-kaart_nederlandse-pasfotos-laten-maken_pasfoto-verenigd-koninkrijk
https://www.nederlandwereldwijd.nl/paspoort-id-kaart/nederlandse-pasfotos-laten-maken/pasfoto-verenigde-arabische-emiraten,200,Nederlandse pasfoto's laten maken in de Verenigde Arabische Emiraten | NederlandWereldwijd,171,0446_paspoort-id-kaart_nederlandse-pasfotos-laten-maken_pasfoto-verenigde-arabische-e
https://www.nederlandwereldwijd.nl/paspoort-id-kaart/nederlandse-pasfotos-laten-maken/pasfoto-verenigde-staten-van-amerika,200,Nederlandse pasfoto's laten maken in de Verenigde Staten van Amerika | NederlandWereldwijd,491,0447_paspoort-id-kaart_nederlandse-pasfotos-laten-maken_pasfoto-verenigde-staten-van-
https://www.nederlandwereldwijd.nl/paspoort-id-kaart/nederlandse-pasfotos-laten-maken/pasfoto-vietnam,200,Nederlandse pasfoto's laten maken in Vietnam | NederlandWereldwijd,130,0448_paspoort-id-kaart_nederlandse-pasfotos-laten-maken_pasfoto-vietnam
https://www.nederlandwereldwijd.nl/paspoort-id-kaart/nederlandse-pasfotos-laten-maken/pasfoto-wallis-en-futuna,200,Nederlandse pasfoto's laten maken op Wallis en Futuna | NederlandWereldwijd,151,0449_paspoort-id-kaart_nederlandse-pasfotos-laten-maken_pasfoto-wallis-en-futuna
https://www.nederlandwereldwijd.nl/paspoort-id-kaart/nederlandse-pasfotos-laten-maken/pasfoto-zambia,200,Nederlandse pasfoto's laten maken in Zambia | NederlandWereldwijd,129,0450_paspoort-id-kaart_nederlandse-pasfotos-laten-maken_pasfoto-zambia
https://www.nederlandwereldwijd.nl/paspoort-id-kaart/nederlandse-pasfotos-laten-maken/pasfoto-zimbabwe,200,Nederlandse pasfoto’s laten maken in Zimbabwe | NederlandWereldwijd,129,0451_paspoort-id-kaart_nederlandse-pasfotos-laten-maken_pasfoto-zimbabwe
https://www.nederlandwereldwijd.nl/paspoort-id-kaart/nederlandse-pasfotos-laten-maken/pasfoto-zuid-afrika,200,Nederlandse pasfoto's laten maken in Zuid-Afrika | NederlandWereldwijd,181,0452_paspoort-id-kaart_nederlandse-pasfotos-laten-maken_pasfoto-zuid-afrika
https://www.nederlandwereldwijd.nl/paspoort-id-kaart/nederlandse-pasfotos-laten-maken/pasfoto-zuid-korea,200,Nederlandse pasfoto's laten maken in Zuid-Korea | NederlandWereldwijd,116,0453_paspoort-id-kaart_nederlandse-pasfotos-laten-maken_pasfoto-zuid-korea
https://www.nederlandwereldwijd.nl/paspoort-id-kaart/nederlandse-pasfotos-laten-maken/pasfoto-zuid-sudan,200,Nederlandse pasfoto's laten maken in Zuid-Sudan | NederlandWereldwijd,129,0454_paspoort-id-kaart_nederlandse-pasfotos-laten-maken_pasfoto-zuid-sudan
https://www.nederlandwereldwijd.nl/paspoort-id-kaart/nederlandse-pasfotos-laten-maken/pasfoto-zweden,200,Nederlandse pasfoto's laten maken in Zweden | NederlandWereldwijd,118,0455_paspoort-id-kaart_nederlandse-pasfotos-laten-maken_pasfoto-zweden
https://www.nederlandwereldwijd.nl/paspoort-id-kaart/nederlandse-pasfotos-laten-maken/pasfoto-zwitserland,200,Nederlandse pasfoto’s laten maken in Zwitserland | NederlandWereldwijd,126,0456_paspoort-id-kaart_nederlandse-pasfotos-laten-maken_pasfoto-zwitserland
https://www.nederlandwereldwijd.nl/paspoort-id-kaart/nooddocument,200,Nooddocument aanvragen buiten Nederland | NederlandWereldwijd,312,0457_paspoort-id-kaart_nooddocument
https://www.nederlandwereldwijd.nl/paspoort-id-kaart/nooddocument/afghanistan,200,Nooddocument aanvragen in Afghanistan | NederlandWereldwijd,81,0458_paspoort-id-kaart_nooddocument_afghanistan
https://www.nederlandwereldwijd.nl/paspoort-id-kaart/nooddocument/albanie,200,Nooddocument aanvragen in Albanië | NederlandWereldwijd,715,0459_paspoort-id-kaart_nooddocument_albanie
https://www.nederlandwereldwijd.nl/paspoort-id-kaart/nooddocument/algerije,200,Nooddocument aanvragen in Algerije | NederlandWereldwijd,746,0460_paspoort-id-kaart_nooddocument_algerije
https://www.nederlandwereldwijd.nl/paspoort-id-kaart/nooddocument/amerikaans-samoa,200,Nooddocument aanvragen op Amerikaans-Samoa | NederlandWereldwijd,715,0461_paspoort-id-kaart_nooddocument_amerikaans-samoa
https://www.nederlandwereldwijd.nl/paspoort-id-kaart/nooddocument/amerikaanse-maagdeneilanden,200,Nooddocument aanvragen op de Amerikaanse Maagdeneilanden | NederlandWereldwijd,721,0462_paspoort-id-kaart_nooddocument_amerikaanse-maagdeneilanden
https://www.nederlandwereldwijd.nl/paspoort-id-kaart/nooddocument/andorra,200,Nooddocument aanvragen in Andorra | NederlandWereldwijd,715,0463_paspoort-id-kaart_nooddocument_andorra
https://www.nederlandwereldwijd.nl/paspoort-id-kaart/nooddocument/angola,200,Nooddocument aanvragen in Angola | NederlandWereldwijd,715,0464_paspoort-id-kaart_nooddocument_angola
https://www.nederlandwereldwijd.nl/paspoort-id-kaart/nooddocument/anguilla,200,Nooddocument aanvragen in Anguilla | NederlandWereldwijd,719,0465_paspoort-id-kaart_nooddocument_anguilla
https://www.nederlandwereldwijd.nl/paspoort-id-kaart/nooddocument/antigua-en-barbuda,200,Nooddocument aanvragen in Antigua en Barbuda | NederlandWereldwijd,723,0466_paspoort-id-kaart_nooddocument_antigua-en-barbuda
https://www.nederlandwereldwijd.nl/paspoort-id-kaart/nooddocument/argentinie,200,Nooddocument aanvragen in Argentinië | NederlandWereldwijd,716,0467_paspoort-id-kaart_nooddocument_argentinie
https://www.nederlandwereldwijd.nl/paspoort-id-kaart/nooddocument/armenie,200,Nooddocument aanvragen in Armenië | NederlandWereldwijd,688,0468_paspoort-id-kaart_nooddocument_armenie
https://www.nederlandwereldwijd.nl/paspoort-id-kaart/nooddocument/australie,200,Nooddocument aanvragen in Australië | NederlandWereldwijd,715,0469_paspoort-id-kaart_nooddocument_australie
https://www.nederlandwereldwijd.nl/paspoort-id-kaart/nooddocument/azerbeidzjan,200,Nooddocument aanvragen in Azerbeidzjan | NederlandWereldwijd,715,0470_paspoort-id-kaart_nooddocument_azerbeidzjan
https://www.nederlandwereldwijd.nl/paspoort-id-kaart/nooddocument/bahamas,200,Nooddocument aanvragen op de Bahama's | NederlandWereldwijd,724,0471_paspoort-id-kaart_nooddocument_bahamas
https://www.nederlandwereldwijd.nl/paspoort-id-kaart/nooddocument/bahrein,200,Nooddocument aanvragen in Bahrein | NederlandWereldwijd,715,0472_paspoort-id-kaart_nooddocument_bahrein
https://www.nederlandwereldwijd.nl/paspoort-id-kaart/nooddocument/bangladesh,200,Nooddocument aanvragen in Bangladesh | NederlandWereldwijd,715,0473_paspoort-id-kaart_nooddocument_bangladesh
https://www.nederlandwereldwijd.nl/paspoort-id-kaart/nooddocument/barbados,200,Nooddocument aanvragen in Barbados | NederlandWereldwijd,722,0474_paspoort-id-kaart_nooddocument_barbados
https://www.nederlandwereldwijd.nl/paspoort-id-kaart/nooddocument/belarus-wit-rusland,200,Nooddocument aanvragen in Belarus (Wit Rusland) | NederlandWereldwijd,726,0475_paspoort-id-kaart_nooddocument_belarus-wit-rusland
https://www.nederlandwereldwijd.nl/paspoort-id-kaart/nooddocument/belgie,200,Nooddocument aanvragen in België | NederlandWereldwijd,200,0476_paspoort-id-kaart_nooddocument_belgie
https://www.nederlandwereldwijd.nl/paspoort-id-kaart/nooddocument/belize,200,Nooddocument aanvragen in Belize | NederlandWereldwijd,716,0477_paspoort-id-kaart_nooddocument_belize
https://www.nederlandwereldwijd.nl/paspoort-id-kaart/nooddocument/benin,200,Nooddocument aanvragen in Benin | NederlandWereldwijd,716,0478_paspoort-id-kaart_nooddocument_benin
https://www.nederlandwereldwijd.nl/paspoort-id-kaart/nooddocument/bhutan,200,Nooddocument aanvragen in Bhutan | NederlandWereldwijd,716,0479_paspoort-id-kaart_nooddocument_bhutan
https://www.nederlandwereldwijd.nl/paspoort-id-kaart/nooddocument/bolivia,200,Nooddocument aanvragen in Bolivia | NederlandWereldwijd,715,0480_paspoort-id-kaart_nooddocument_bolivia
https://www.nederlandwereldwijd.nl/paspoort-id-kaart/nooddocument/bosnie-en-herzegovina,200,Nooddocument aanvragen in Bosnië en Herzegovina | NederlandWereldwijd,721,0481_paspoort-id-kaart_nooddocument_bosnie-en-herzegovina
https://www.nederlandwereldwijd.nl/paspoort-id-kaart/nooddocument/botswana,200,Nooddocument aanvragen in Botswana | NederlandWereldwijd,716,0482_paspoort-id-kaart_nooddocument_botswana
https://www.nederlandwereldwijd.nl/paspoort-id-kaart/nooddocument/brazilie,200,Nooddocument aanvragen in Brazilië | NederlandWereldwijd,774,0483_paspoort-id-kaart_nooddocument_brazilie
https://www.nederlandwereldwijd.nl/paspoort-id-kaart/nooddocument/britse-maagdeneilanden,200,Nooddocument aanvragen op de Britse Maagdeneilanden | NederlandWereldwijd,726,0484_paspoort-id-kaart_nooddocument_britse-maagdeneilanden
https://www.nederlandwereldwijd.nl/paspoort-id-kaart/nooddocument/brunei-darussalam,200,Nooddocument aanvragen in Brunei Darussalam | NederlandWereldwijd,716,0485_paspoort-id-kaart_nooddocument_brunei-darussalam
https://www.nederlandwereldwijd.nl/paspoort-id-kaart/nooddocument/bulgarije,200,Nooddocument aanvragen in Bulgarije | NederlandWereldwijd,769,0486_paspoort-id-kaart_nooddocument_bulgarije
https://www.nederlandwereldwijd.nl/paspoort-id-kaart/nooddocument/burkina-faso,200,Nooddocument aanvragen in Burkina Faso | NederlandWereldwijd,718,0487_paspoort-id-kaart_nooddocument_burkina-faso
https://www.nederlandwereldwijd.nl/paspoort-id-kaart/nooddocument/burundi,200,Nooddocument aanvragen in Burundi | NederlandWereldwijd,715,0488_paspoort-id-kaart_nooddocument_burundi
https://www.nederlandwereldwijd.nl/paspoort-id-kaart/nooddocument/cambodja,200,Nooddocument aanvragen in Cambodja | NederlandWereldwijd,736,0489_paspoort-id-kaart_nooddocument_cambodja
https://www.nederlandwereldwijd.nl/paspoort-id-kaart/nooddocument/canada,200,Nooddocument aanvragen in Canada | NederlandWereldwijd,764,0490_paspoort-id-kaart_nooddocument_canada
https://www.nederlandwereldwijd.nl/paspoort-id-kaart/nooddocument/centraal-afrikaanse-republiek,200,Nooddocument aanvragen in de Centraal-Afrikaanse Republiek | NederlandWereldwijd,715,0491_paspoort-id-kaart_nooddocument_centraal-afrikaanse-republiek
https://www.nederlandwereldwijd.nl/paspoort-id-kaart/nooddocument/chili,200,Nooddocument aanvragen in Chili | NederlandWereldwijd,717,0492_paspoort-id-kaart_nooddocument_chili
https://www.nederlandwereldwijd.nl/paspoort-id-kaart/nooddocument/china,200,Nooddocument aanvragen in China | NederlandWereldwijd,949,0493_paspoort-id-kaart_nooddocument_china
https://www.nederlandwereldwijd.nl/paspoort-id-kaart/nooddocument/colombia,200,Nooddocument aanvragen in Colombia | NederlandWereldwijd,715,0494_paspoort-id-kaart_nooddocument_colombia
https://www.nederlandwereldwijd.nl/paspoort-id-kaart/nooddocument/comoren,200,Nooddocument aanvragen in de Comoren | NederlandWereldwijd,719,0495_paspoort-id-kaart_nooddocument_comoren
https://www.nederlandwereldwijd.nl/paspoort-id-kaart/nooddocument/congo-de-republiek,200,Nooddocument aanvragen in de Republiek Congo | NederlandWereldwijd,721,0496_paspoort-id-kaart_nooddocument_congo-de-republiek
https://www.nederlandwereldwijd.nl/paspoort-id-kaart/nooddocument/congo-democratische-republiek,200,Nooddocument aanvragen in de Democratische Republiek Congo | NederlandWereldwijd,724,0497_paspoort-id-kaart_nooddocument_congo-democratische-republiek
https://www.nederlandwereldwijd.nl/paspoort-id-kaart/nooddocument/cookeilanden,200,Nooddocument aanvragen op de Cookeilanden | NederlandWereldwijd,717,0498_paspoort-id-kaart_nooddocument_cookeilanden
https://www.nederlandwereldwijd.nl/paspoort-id-kaart/nooddocument/costa-rica,200,Nooddocument aanvragen in Costa Rica | NederlandWereldwijd,697,0499_paspoort-id-kaart_nooddocument_costa-rica
https://www.nederlandwereldwijd.nl/paspoort-id-kaart/nooddocument/cuba,200,Nooddocument aanvragen in Cuba | NederlandWereldwijd,734,0500_paspoort-id-kaart_nooddocument_cuba
https://www.nederlandwereldwijd.nl/paspoort-id-kaart/nooddocument/cyprus,200,Nooddocument aanvragen in Cyprus | NederlandWereldwijd,715,0501_paspoort-id-kaart_nooddocument_cyprus
https://www.nederlandwereldwijd.nl/paspoort-id-kaart/nooddocument/denemarken,200,Nooddocument aanvragen in Denemarken | NederlandWereldwijd,769,0502_paspoort-id-kaart_nooddocument_denemarken
https://www.nederlandwereldwijd.nl/paspoort-id-kaart/nooddocument/djibouti,200,Nooddocument aanvragen in Djibouti | NederlandWereldwijd,717,0503_paspoort-id-kaart_nooddocument_djibouti
https://www.nederlandwereldwijd.nl/paspoort-id-kaart/nooddocument/dominica,200,Nooddocument aanvragen in Dominica | NederlandWereldwijd,724,0504_paspoort-id-kaart_nooddocument_dominica
https://www.nederlandwereldwijd.nl/paspoort-id-kaart/nooddocument/dominicaanse-republiek,200,Nooddocument aanvragen in de Dominicaanse Republiek | NederlandWereldwijd,722,0505_paspoort-id-kaart_nooddocument_dominicaanse-republiek
https://www.nederlandwereldwijd.nl/paspoort-id-kaart/nooddocument/duitsland,200,Nooddocument aanvragen in Duitsland | NederlandWereldwijd,769,0506_paspoort-id-kaart_nooddocument_duitsland
https://www.nederlandwereldwijd.nl/paspoort-id-kaart/nooddocument/ecuador,200,Nooddocument aanvragen in Ecuador | NederlandWereldwijd,715,0507_paspoort-id-kaart_nooddocument_ecuador
https://www.nederlandwereldwijd.nl/paspoort-id-kaart/nooddocument/egypte,200,Nooddocument aanvragen in Egypte | NederlandWereldwijd,715,0508_paspoort-id-kaart_nooddocument_egypte
https://www.nederlandwereldwijd.nl/paspoort-id-kaart/nooddocument/el-salvador,200,Nooddocument aanvragen in El Salvador | NederlandWereldwijd,721,0509_paspoort-id-kaart_nooddocument_el-salvador
https://www.nederlandwereldwijd.nl/paspoort-id-kaart/nooddocument/equatoriaal-guinea,200,Nooddocument aanvragen in Equatoriaal-Guinea | NederlandWereldwijd,716,0510_paspoort-id-kaart_nooddocument_equatoriaal-guinea
https://www.nederlandwereldwijd.nl/paspoort-id-kaart/nooddocument/eritrea,200,Nooddocument aanvragen in Eritrea | NederlandWereldwijd,656,0511_paspoort-id-kaart_nooddocument_eritrea
https://www.nederlandwereldwijd.nl/paspoort-id-kaart/nooddocument/estland,200,Nooddocument aanvragen in Estland | NederlandWereldwijd,791,0512_paspoort-id-kaart_nooddocument_estland
https://www.nederlandwereldwijd.nl/paspoort-id-kaart/nooddocument/eswatini,200,Nooddocument aanvragen in Eswatini | NederlandWereldwijd,715,0513_paspoort-id-kaart_nooddocument_eswatini
https://www.nederlandwereldwijd.nl/paspoort-id-kaart/nooddocument/ethiopie,200,Nooddocument aanvragen in Ethiopië | NederlandWereldwijd,716,0514_paspoort-id-kaart_nooddocument_ethiopie
https://www.nederlandwereldwijd.nl/paspoort-id-kaart/nooddocument/fiji,200,Nooddocument aanvragen op Fiji | NederlandWereldwijd,715,0515_paspoort-id-kaart_nooddocument_fiji
https://www.nederlandwereldwijd.nl/paspoort-id-kaart/nooddocument/filipijnen,200,Nooddocument aanvragen in de Filipijnen | NederlandWereldwijd,781,0516_paspoort-id-kaart_nooddocument_filipijnen
https://www.nederlandwereldwijd.nl/paspoort-id-kaart/nooddocument/finland,200,Nooddocument aanvragen in Finland | NederlandWereldwijd,769,0517_paspoort-id-kaart_nooddocument_finland
https://www.nederlandwereldwijd.nl/paspoort-id-kaart/nooddocument/frankrijk,200,Nooddocument aanvragen in Frankrijk | NederlandWereldwijd,769,0518_paspoort-id-kaart_nooddocument_frankrijk
https://www.nederlandwereldwijd.nl/paspoort-id-kaart/nooddocument/frans-guyana,200,Nooddocument aanvragen in Frans-Guyana | NederlandWereldwijd,715,0519_paspoort-id-kaart_nooddocument_frans-guyana
https://www.nederlandwereldwijd.nl/paspoort-id-kaart/nooddocument/frans-polynesie,200,Nooddocument aanvragen in Frans-Polynesië | NederlandWereldwijd,710,0520_paspoort-id-kaart_nooddocument_frans-polynesie
https://www.nederlandwereldwijd.nl/paspoort-id-kaart/nooddocument/gabon,200,Nooddocument aanvragen in Gabon | NederlandWereldwijd,715,0521_paspoort-id-kaart_nooddocument_gabon
https://www.nederlandwereldwijd.nl/paspoort-id-kaart/nooddocument/gambia,200,Nooddocument aanvragen in Gambia | NederlandWereldwijd,788,0522_paspoort-id-kaart_nooddocument_gambia
https://www.nederlandwereldwijd.nl/paspoort-id-kaart/nooddocument/georgie,200,Nooddocument aanvragen in Georgië | NederlandWereldwijd,720,0523_paspoort-id-kaart_nooddocument_georgie
https://www.nederlandwereldwijd.nl/paspoort-id-kaart/nooddocument/ghana,200,Nooddocument aanvragen in Ghana | NederlandWereldwijd,715,0524_paspoort-id-kaart_nooddocument_ghana
https://www.nederlandwereldwijd.nl/paspoort-id-kaart/nooddocument/grenada,200,Nooddocument aanvragen in Grenada | NederlandWereldwijd,717,0525_paspoort-id-kaart_nooddocument_grenada
https://www.nederlandwereldwijd.nl/paspoort-id-kaart/nooddocument/griekenland,200,Nooddocument aanvragen in Griekenland | NederlandWereldwijd,769,0526_paspoort-id-kaart_nooddocument_griekenland
https://www.nederlandwereldwijd.nl/paspoort-id-kaart/nooddocument/groenland,200,Nooddocument aanvragen in Groenland | NederlandWereldwijd,715,0527_paspoort-id-kaart_nooddocument_groenland
https://www.nederlandwereldwijd.nl/paspoort-id-kaart/nooddocument/guadeloupe,200,Nooddocument aanvragen in Guadeloupe | NederlandWereldwijd,720,0528_paspoort-id-kaart_nooddocument_guadeloupe
https://www.nederlandwereldwijd.nl/paspoort-id-kaart/nooddocument/guatemala,200,Nooddocument aanvragen in Guatemala | NederlandWereldwijd,718,0529_paspoort-id-kaart_nooddocument_guatemala
https://www.nederlandwereldwijd.nl/paspoort-id-kaart/nooddocument/guinee,200,Nooddocument aanvragen in Guinee | NederlandWereldwijd,715,0530_paspoort-id-kaart_nooddocument_guinee
https://www.nederlandwereldwijd.nl/paspoort-id-kaart/nooddocument/guinee-bissau,200,Nooddocument aanvragen in Guinee-Bissau | NederlandWereldwijd,715,0531_paspoort-id-kaart_nooddocument_guinee-bissau
https://www.nederlandwereldwijd.nl/paspoort-id-kaart/nooddocument/guyana,200,Nooddocument aanvragen in Guyana | NederlandWereldwijd,715,0532_paspoort-id-kaart_nooddocument_guyana
https://www.nederlandwereldwijd.nl/paspoort-id-kaart/nooddocument/haiti,200,Nooddocument aanvragen in Haïti | NederlandWereldwijd,720,0533_paspoort-id-kaart_nooddocument_haiti
https://www.nederlandwereldwijd.nl/paspoort-id-kaart/nooddocument/heilige-stoel,200,Nooddocument aanvragen Heilige Stoel / Vaticaanstad | NederlandWereldwijd,770,0534_paspoort-id-kaart_nooddocument_heilige-stoel
https://www.nederlandwereldwijd.nl/paspoort-id-kaart/nooddocument/honduras,200,Nooddocument aanvragen in Honduras | NederlandWereldwijd,717,0535_paspoort-id-kaart_nooddocument_honduras
https://www.nederlandwereldwijd.nl/paspoort-id-kaart/nooddocument/hongarije,200,Nooddocument aanvragen in Hongarije | NederlandWereldwijd,769,0536_paspoort-id-kaart_nooddocument_hongarije
https://www.nederlandwereldwijd.nl/paspoort-id-kaart/nooddocument/hongkong,200,Nooddocument aanvragen in Hongkong SAR | NederlandWereldwijd,718,0537_paspoort-id-kaart_nooddocument_hongkong
https://www.nederlandwereldwijd.nl/paspoort-id-kaart/nooddocument/ierland,200,Nooddocument aanvragen in Ierland | NederlandWereldwijd,715,0538_paspoort-id-kaart_nooddocument_ierland
https://www.nederlandwereldwijd.nl/paspoort-id-kaart/nooddocument/ijsland,200,Nooddocument aanvragen in IJsland | NederlandWereldwijd,787,0539_paspoort-id-kaart_nooddocument_ijsland
https://www.nederlandwereldwijd.nl/paspoort-id-kaart/nooddocument/india,200,Nooddocument aanvragen in India | NederlandWereldwijd,818,0540_paspoort-id-kaart_nooddocument_india
https://www.nederlandwereldwijd.nl/paspoort-id-kaart/nooddocument/indonesie,200,Nooddocument aanvragen in Indonesië | NederlandWereldwijd,715,0541_paspoort-id-kaart_nooddocument_indonesie
https://www.nederlandwereldwijd.nl/paspoort-id-kaart/nooddocument/irak,200,Nooddocument aanvragen in Irak | NederlandWereldwijd,773,0542_paspoort-id-kaart_nooddocument_irak
https://www.nederlandwereldwijd.nl/paspoort-id-kaart/nooddocument/iran,200,Nooddocument aanvragen in Iran | NederlandWereldwijd,637,0543_paspoort-id-kaart_nooddocument_iran
https://www.nederlandwereldwijd.nl/paspoort-id-kaart/nooddocument/israel,200,Nooddocument aanvragen in Israël | NederlandWereldwijd,716,0544_paspoort-id-kaart_nooddocument_israel
https://www.nederlandwereldwijd.nl/paspoort-id-kaart/nooddocument/italie,200,Nooddocument aanvragen in Italië | NederlandWereldwijd,769,0545_paspoort-id-kaart_nooddocument_italie
https://www.nederlandwereldwijd.nl/paspoort-id-kaart/nooddocument/ivoorkust,200,Nooddocument aanvragen in Ivoorkust | NederlandWereldwijd,717,0546_paspoort-id-kaart_nooddocument_ivoorkust
https://www.nederlandwereldwijd.nl/paspoort-id-kaart/nooddocument/jamaica,200,Nooddocument aanvragen in Jamaica | NederlandWereldwijd,715,0547_paspoort-id-kaart_nooddocument_jamaica
https://www.nederlandwereldwijd.nl/paspoort-id-kaart/nooddocument/japan,200,Nooddocument aanvragen in Japan | NederlandWereldwijd,713,0548_paspoort-id-kaart_nooddocument_japan
https://www.nederlandwereldwijd.nl/paspoort-id-kaart/nooddocument/jemen,200,Nooddocument aanvragen in Jemen | NederlandWereldwijd,59,0549_paspoort-id-kaart_nooddocument_jemen
https://www.nederlandwereldwijd.nl/paspoort-id-kaart/nooddocument/jordanie,200,Nooddocument aanvragen in Jordanië | NederlandWereldwijd,715,0550_paspoort-id-kaart_nooddocument_jordanie
https://www.nederlandwereldwijd.nl/paspoort-id-kaart/nooddocument/kaaimaneilanden,200,Nooddocument aanvragen op de Kaaimaneilanden | NederlandWereldwijd,724,0551_paspoort-id-kaart_nooddocument_kaaimaneilanden
https://www.nederlandwereldwijd.nl/paspoort-id-kaart/nooddocument/kaapverdie,200,Nooddocument aanvragen in Kaapverdië | NederlandWereldwijd,715,0552_paspoort-id-kaart_nooddocument_kaapverdie
https://www.nederlandwereldwijd.nl/paspoort-id-kaart/nooddocument/kameroen,200,Nooddocument aanvragen in Kameroen | NederlandWereldwijd,715,0553_paspoort-id-kaart_nooddocument_kameroen
https://www.nederlandwereldwijd.nl/paspoort-id-kaart/nooddocument/kazachstan,200,Nooddocument aanvragen in Kazachstan | NederlandWereldwijd,788,0554_paspoort-id-kaart_nooddocument_kazachstan
https://www.nederlandwereldwijd.nl/paspoort-id-kaart/nooddocument/kenia,200,Nooddocument aanvragen in Kenia | NederlandWereldwijd,715,0555_paspoort-id-kaart_nooddocument_kenia
https://www.nederlandwereldwijd.nl/paspoort-id-kaart/nooddocument/kirgizie,200,Nooddocument aanvragen in Kirgizië | NederlandWereldwijd,716,0556_paspoort-id-kaart_nooddocument_kirgizie
https://www.nederlandwereldwijd.nl/paspoort-id-kaart/nooddocument/kiribati,200,Nooddocument aanvragen in Kiribati | NederlandWereldwijd,718,0557_paspoort-id-kaart_nooddocument_kiribati
https://www.nederlandwereldwijd.nl/paspoort-id-kaart/nooddocument/koeweit,200,Nooddocument aanvragen in Koeweit | NederlandWereldwijd,715,0558_paspoort-id-kaart_nooddocument_koeweit
https://www.nederlandwereldwijd.nl/paspoort-id-kaart/nooddocument/kosovo,200,Nooddocument aanvragen in Kosovo | NederlandWereldwijd,715,0559_paspoort-id-kaart_nooddocument_kosovo
https://www.nederlandwereldwijd.nl/paspoort-id-kaart/nooddocument/kroatie,200,Nooddocument aanvragen in Kroatië | NederlandWereldwijd,769,0560_paspoort-id-kaart_nooddocument_kroatie
https://www.nederlandwereldwijd.nl/paspoort-id-kaart/nooddocument/laos,200,Nooddocument aanvragen in Laos | NederlandWereldwijd,760,0561_paspoort-id-kaart_nooddocument_laos
https://www.nederlandwereldwijd.nl/paspoort-id-kaart/nooddocument/lesotho,200,Nooddocument aanvragen in Lesotho | NederlandWereldwijd,715,0562_paspoort-id-kaart_nooddocument_lesotho
https://www.nederlandwereldwijd.nl/paspoort-id-kaart/nooddocument/letland,200,Nooddocument aanvragen in Letland | NederlandWereldwijd,767,0563_paspoort-id-kaart_nooddocument_letland
https://www.nederlandwereldwijd.nl/paspoort-id-kaart/nooddocument/libanon,200,Nooddocument aanvragen in Libanon | NederlandWereldwijd,880,0564_paspoort-id-kaart_nooddocument_libanon
https://www.nederlandwereldwijd.nl/paspoort-id-kaart/nooddocument/liberia,200,Nooddocument aanvragen in Liberia | NederlandWereldwijd,715,0565_paspoort-id-kaart_nooddocument_liberia
https://www.nederlandwereldwijd.nl/paspoort-id-kaart/nooddocument/libie,200,Nooddocument aanvragen in Libië | NederlandWereldwijd,715,0566_paspoort-id-kaart_nooddocument_libie
https://www.nederlandwereldwijd.nl/paspoort-id-kaart/nooddocument/liechtenstein,200,Nooddocument aanvragen in Liechtenstein | NederlandWereldwijd,722,0567_paspoort-id-kaart_nooddocument_liechtenstein
https://www.nederlandwereldwijd.nl/paspoort-id-kaart/nooddocument/litouwen,200,Nooddocument aanvragen in Litouwen | NederlandWereldwijd,780,0568_paspoort-id-kaart_nooddocument_litouwen
https://www.nederlandwereldwijd.nl/paspoort-id-kaart/nooddocument/luxemburg,200,Nooddocument aanvragen in Luxemburg | NederlandWereldwijd,769,0569_paspoort-id-kaart_nooddocument_luxemburg
https://www.nederlandwereldwijd.nl/paspoort-id-kaart/nooddocument/macau-sar,200,Nooddocument aanvragen in Macau SAR | NederlandWereldwijd,718,0570_paspoort-id-kaart_nooddocument_macau-sar
https://www.nederlandwereldwijd.nl/paspoort-id-kaart/nooddocument/madagaskar,200,Nooddocument aanvragen in Madagaskar | NederlandWereldwijd,715,0571_paspoort-id-kaart_nooddocument_madagaskar
https://www.nederlandwereldwijd.nl/paspoort-id-kaart/nooddocument/malawi,200,Nooddocument aanvragen in Malawi | NederlandWereldwijd,623,0572_paspoort-id-kaart_nooddocument_malawi
https://www.nederlandwereldwijd.nl/paspoort-id-kaart/nooddocument/maldiven,200,Nooddocument aanvragen op de Maldiven | NederlandWereldwijd,718,0573_paspoort-id-kaart_nooddocument_maldiven
https://www.nederlandwereldwijd.nl/paspoort-id-kaart/nooddocument/maleisie,200,Nooddocument aanvragen in Maleisië | NederlandWereldwijd,716,0574_paspoort-id-kaart_nooddocument_maleisie
https://www.nederlandwereldwijd.nl/paspoort-id-kaart/nooddocument/mali,200,Nooddocument aanvragen in Mali | NederlandWereldwijd,715,0575_paspoort-id-kaart_nooddocument_mali
https://www.nederlandwereldwijd.nl/paspoort-id-kaart/nooddocument/malta,200,Nooddocument aanvragen in Malta | NederlandWereldwijd,769,0576_paspoort-id-kaart_nooddocument_malta
https://www.nederlandwereldwijd.nl/paspoort-id-kaart/nooddocument/marokko,200,Nooddocument aanvragen in Marokko | NederlandWereldwijd,744,0577_paspoort-id-kaart_nooddocument_marokko
https://www.nederlandwereldwijd.nl/paspoort-id-kaart/nooddocument/marshalleilanden,200,Nooddocument aanvragen op de Marshalleilanden | NederlandWereldwijd,718,0578_paspoort-id-kaart_nooddocument_marshalleilanden
https://www.nederlandwereldwijd.nl/paspoort-id-kaart/nooddocument/martinique,200,Nooddocument aanvragen in Martinique | NederlandWereldwijd,721,0579_paspoort-id-kaart_nooddocument_martinique
https://www.nederlandwereldwijd.nl/paspoort-id-kaart/nooddocument/mauritanie,200,Nooddocument aanvragen in Mauritanië | NederlandWereldwijd,715,0580_paspoort-id-kaart_nooddocument_mauritanie
https://www.nederlandwereldwijd.nl/paspoort-id-kaart/nooddocument/mauritius,200,Nooddocument aanvragen in Mauritius | NederlandWereldwijd,713,0581_paspoort-id-kaart_nooddocument_mauritius
https://www.nederlandwereldwijd.nl/paspoort-id-kaart/nooddocument/mexico,200,Nooddocument aanvragen in Mexico | NederlandWereldwijd,715,0582_paspoort-id-kaart_nooddocument_mexico
https://www.nederlandwereldwijd.nl/paspoort-id-kaart/nooddocument/micronesie,200,Nooddocument aanvragen in Micronesië | NederlandWereldwijd,717,0583_paspoort-id-kaart_nooddocument_micronesie
https://www.nederlandwereldwijd.nl/paspoort-id-kaart/nooddocument/moldavie,200,Nooddocument aanvragen in Moldavië | NederlandWereldwijd,715,0584_paspoort-id-kaart_nooddocument_moldavie
https://www.nederlandwereldwijd.nl/paspoort-id-kaart/nooddocument/monaco,200,Nooddocument aanvragen in Monaco | NederlandWereldwijd,719,0585_paspoort-id-kaart_nooddocument_monaco
https://www.nederlandwereldwijd.nl/paspoort-id-kaart/nooddocument/mongolie,200,Nooddocument aanvragen in Mongolië | NederlandWereldwijd,715,0586_paspoort-id-kaart_nooddocument_mongolie
https://www.nederlandwereldwijd.nl/paspoort-id-kaart/nooddocument/montenegro,200,Nooddocument aanvragen in Montenegro | NederlandWereldwijd,715,0587_paspoort-id-kaart_nooddocument_montenegro
https://www.nederlandwereldwijd.nl/paspoort-id-kaart/nooddocument/montserrat,200,Nooddocument aanvragen op Montserrat | NederlandWereldwijd,717,0588_paspoort-id-kaart_nooddocument_montserrat
https://www.nederlandwereldwijd.nl/paspoort-id-kaart/nooddocument/mozambique,200,Nooddocument aanvragen in Mozambique | NederlandWereldwijd,712,0589_paspoort-id-kaart_nooddocument_mozambique
https://www.nederlandwereldwijd.nl/paspoort-id-kaart/nooddocument/myanmar,200,Nooddocument aanvragen in Myanmar | NederlandWereldwijd,713,0590_paspoort-id-kaart_nooddocument_myanmar
https://www.nederlandwereldwijd.nl/paspoort-id-kaart/nooddocument/namibie,200,Nooddocument aanvragen in Namibië | NederlandWereldwijd,723,0591_paspoort-id-kaart_nooddocument_namibie
https://www.nederlandwereldwijd.nl/paspoort-id-kaart/nooddocument/nauru,200,Nooddocument aanvragen in Naoero (Nauru) | NederlandWereldwijd,716,0592_paspoort-id-kaart_nooddocument_nauru
https://www.nederlandwereldwijd.nl/paspoort-id-kaart/nooddocument/nepal,200,Nooddocument aanvragen in Nepal | NederlandWereldwijd,716,0593_paspoort-id-kaart_nooddocument_nepal
https://www.nederlandwereldwijd.nl/paspoort-id-kaart/nooddocument/nicaragua,200,Nooddocument aanvragen in Nicaragua | NederlandWereldwijd,716,0594_paspoort-id-kaart_nooddocument_nicaragua
https://www.nederlandwereldwijd.nl/paspoort-id-kaart/nooddocument/nieuw-caledonie,200,Nooddocument aanvragen in Nieuw-Caledonië | NederlandWereldwijd,711,0595_paspoort-id-kaart_nooddocument_nieuw-caledonie
https://www.nederlandwereldwijd.nl/paspoort-id-kaart/nooddocument/nieuw-zeeland,200,Nooddocument aanvragen in Nieuw-Zeeland | NederlandWereldwijd,715,0596_paspoort-id-kaart_nooddocument_nieuw-zeeland
https://www.nederlandwereldwijd.nl/paspoort-id-kaart/nooddocument/niger,200,Nooddocument aanvragen in Niger | NederlandWereldwijd,716,0597_paspoort-id-kaart_nooddocument_niger
https://www.nederlandwereldwijd.nl/paspoort-id-kaart/nooddocument/nigeria,200,Nooddocument aanvragen in Nigeria | NederlandWereldwijd,717,0598_paspoort-id-kaart_nooddocument_nigeria
https://www.nederlandwereldwijd.nl/paspoort-id-kaart/nooddocument/niue,200,Nooddocument aanvragen in Niue | NederlandWereldwijd,716,0599_paspoort-id-kaart_nooddocument_niue
https://www.nederlandwereldwijd.nl/paspoort-id-kaart/nooddocument/noord-korea,200,Nooddocument aanvragen in Noord-Korea | NederlandWereldwijd,79,0600_paspoort-id-kaart_nooddocument_noord-korea
https://www.nederlandwereldwijd.nl/paspoort-id-kaart/nooddocument/noord-macedonie,200,Nooddocument aanvragen in Noord-Macedonië | NederlandWereldwijd,715,0601_paspoort-id-kaart_nooddocument_noord-macedonie
https://www.nederlandwereldwijd.nl/paspoort-id-kaart/nooddocument/noorwegen,200,Nooddocument aanvragen in Noorwegen | NederlandWereldwijd,769,0602_paspoort-id-kaart_nooddocument_noorwegen
https://www.nederlandwereldwijd.nl/paspoort-id-kaart/nooddocument/oekraine,200,Nooddocument aanvragen in Oekraïne | NederlandWereldwijd,82,0603_paspoort-id-kaart_nooddocument_oekraine
https://www.nederlandwereldwijd.nl/paspoort-id-kaart/nooddocument/oezbekistan,200,Nooddocument aanvragen in Oezbekistan | NederlandWereldwijd,716,0604_paspoort-id-kaart_nooddocument_oezbekistan
https://www.nederlandwereldwijd.nl/paspoort-id-kaart/nooddocument/oman,200,Nooddocument aanvragen in Oman | NederlandWereldwijd,716,0605_paspoort-id-kaart_nooddocument_oman
https://www.nederlandwereldwijd.nl/paspoort-id-kaart/nooddocument/oost-timor,200,Nooddocument aanvragen in Oost-Timor | NederlandWereldwijd,715,0606_paspoort-id-kaart_nooddocument_oost-timor
https://www.nederlandwereldwijd.nl/paspoort-id-kaart/nooddocument/oostenrijk,200,Nooddocument aanvragen in Oostenrijk | NederlandWereldwijd,769,0607_paspoort-id-kaart_nooddocument_oostenrijk
https://www.nederlandwereldwijd.nl/paspoort-id-kaart/nooddocument/pakistan,200,Nooddocument aanvragen in Pakistan | NederlandWereldwijd,715,0608_paspoort-id-kaart_nooddocument_pakistan
https://www.nederlandwereldwijd.nl/paspoort-id-kaart/nooddocument/palau,200,Nooddocument aanvragen in Palau | NederlandWereldwijd,717,0609_paspoort-id-kaart_nooddocument_palau
https://www.nederlandwereldwijd.nl/paspoort-id-kaart/nooddocument/palestijnse-gebieden,200,Nooddocument aanvragen in de Palestijnse Gebieden | NederlandWereldwijd,733,0610_paspoort-id-kaart_nooddocument_palestijnse-gebieden
https://www.nederlandwereldwijd.nl/paspoort-id-kaart/nooddocument/panama,200,Nooddocument aanvragen in Panama | NederlandWereldwijd,721,0611_paspoort-id-kaart_nooddocument_panama
https://www.nederlandwereldwijd.nl/paspoort-id-kaart/nooddocument/papoea-nieuw-guinea,200,Nooddocument aanvragen in Papoea-Nieuw-Guinea | NederlandWereldwijd,715,0612_paspoort-id-kaart_nooddocument_papoea-nieuw-guinea
https://www.nederlandwereldwijd.nl/paspoort-id-kaart/nooddocument/paraguay,200,Nooddocument aanvragen in Paraguay | NederlandWereldwijd,716,0613_paspoort-id-kaart_nooddocument_paraguay
https://www.nederlandwereldwijd.nl/paspoort-id-kaart/nooddocument/peru,200,Nooddocument aanvragen in Peru | NederlandWereldwijd,715,0614_paspoort-id-kaart_nooddocument_peru
https://www.nederlandwereldwijd.nl/paspoort-id-kaart/nooddocument/pitcairneilanden,200,Nooddocument aanvragen op de Pitcairneilanden | NederlandWereldwijd,716,0615_paspoort-id-kaart_nooddocument_pitcairneilanden
https://www.nederlandwereldwijd.nl/paspoort-id-kaart/nooddocument/polen,200,Nooddocument aanvragen in Polen | NederlandWereldwijd,769,0616_paspoort-id-kaart_nooddocument_polen
https://www.nederlandwereldwijd.nl/paspoort-id-kaart/nooddocument/portugal,200,Nooddocument aanvragen in Portugal | NederlandWereldwijd,769,0617_paspoort-id-kaart_nooddocument_portugal
https://www.nederlandwereldwijd.nl/paspoort-id-kaart/nooddocument/puerto-rico,200,Nooddocument aanvragen in Puerto Rico | NederlandWereldwijd,721,0618_paspoort-id-kaart_nooddocument_puerto-rico
https://www.nederlandwereldwijd.nl/paspoort-id-kaart/nooddocument/qatar,200,Nooddocument aanvragen in Qatar | NederlandWereldwijd,721,0619_paspoort-id-kaart_nooddocument_qatar
https://www.nederlandwereldwijd.nl/paspoort-id-kaart/nooddocument/reunion,200,Nooddocument aanvragen in Réunion | NederlandWereldwijd,715,0620_paspoort-id-kaart_nooddocument_reunion
https://www.nederlandwereldwijd.nl/paspoort-id-kaart/nooddocument/roemenie,200,Nooddocument aanvragen in Roemenië | NederlandWereldwijd,769,0621_paspoort-id-kaart_nooddocument_roemenie
https://www.nederlandwereldwijd.nl/paspoort-id-kaart/nooddocument/rusland,200,Nooddocument aanvragen in Rusland | NederlandWereldwijd,710,0622_paspoort-id-kaart_nooddocument_rusland
https://www.nederlandwereldwijd.nl/paspoort-id-kaart/nooddocument/rwanda,200,Nooddocument aanvragen in Rwanda | NederlandWereldwijd,715,0623_paspoort-id-kaart_nooddocument_rwanda
https://www.nederlandwereldwijd.nl/paspoort-id-kaart/nooddocument/saint-kitts-en-nevis,200,Nooddocument aanvragen in Saint Kitts en Nevis | NederlandWereldwijd,720,0624_paspoort-id-kaart_nooddocument_saint-kitts-en-nevis
https://www.nederlandwereldwijd.nl/paspoort-id-kaart/nooddocument/saint-lucia,200,Nooddocument aanvragen in Saint Lucia | NederlandWereldwijd,725,0625_paspoort-id-kaart_nooddocument_saint-lucia
https://www.nederlandwereldwijd.nl/paspoort-id-kaart/nooddocument/saint-vincent-en-de-grenadines,200,Nooddocument aanvragen in Saint Vincent en de Grenadines | NederlandWereldwijd,728,0626_paspoort-id-kaart_nooddocument_saint-vincent-en-de-grenadines
https://www.nederlandwereldwijd.nl/paspoort-id-kaart/nooddocument/salomonseilanden,200,Nooddocument aanvragen op de Salomonseilanden | NederlandWereldwijd,716,0627_paspoort-id-kaart_nooddocument_salomonseilanden
https://www.nederlandwereldwijd.nl/paspoort-id-kaart/nooddocument/samoa,200,Nooddocument aanvragen in Samoa | NederlandWereldwijd,737,0628_paspoort-id-kaart_nooddocument_samoa
https://www.nederlandwereldwijd.nl/paspoort-id-kaart/nooddocument/san-marino,200,Nooddocument aanvragen in San Marino | NederlandWereldwijd,716,0629_paspoort-id-kaart_nooddocument_san-marino
https://www.nederlandwereldwijd.nl/paspoort-id-kaart/nooddocument/sao-tome-en-principe,200,Nooddocument aanvragen in Sao Tomé en Principe | NederlandWereldwijd,701,0630_paspoort-id-kaart_nooddocument_sao-tome-en-principe
https://www.nederlandwereldwijd.nl/paspoort-id-kaart/nooddocument/saoedi-arabie,200,Nooddocument aanvragen in Saoedi-Arabië | NederlandWereldwijd,715,0631_paspoort-id-kaart_nooddocument_saoedi-arabie
https://www.nederlandwereldwijd.nl/paspoort-id-kaart/nooddocument/senegal,200,Nooddocument aanvragen in Senegal | NederlandWereldwijd,715,0632_paspoort-id-kaart_nooddocument_senegal
https://www.nederlandwereldwijd.nl/paspoort-id-kaart/nooddocument/servie,200,Nooddocument aanvragen in Servië | NederlandWereldwijd,715,0633_paspoort-id-kaart_nooddocument_servie
https://www.nederlandwereldwijd.nl/paspoort-id-kaart/nooddocument/seychellen,200,Nooddocument aanvragen op de Seychellen | NederlandWereldwijd,716,0634_paspoort-id-kaart_nooddocument_seychellen
https://www.nederlandwereldwijd.nl/paspoort-id-kaart/nooddocument/sierra-leone,200,Nooddocument aanvragen in Sierra Leone | NederlandWereldwijd,716,0635_paspoort-id-kaart_nooddocument_sierra-leone
https://www.nederlandwereldwijd.nl/paspoort-id-kaart/nooddocument/singapore,200,Nooddocument aanvragen in Singapore | NederlandWereldwijd,715,0636_paspoort-id-kaart_nooddocument_singapore
https://www.nederlandwereldwijd.nl/paspoort-id-kaart/nooddocument/slovenie,200,Nooddocument aanvragen in Slovenië | NederlandWereldwijd,769,0637_paspoort-id-kaart_nooddocument_slovenie
https://www.nederlandwereldwijd.nl/paspoort-id-kaart/nooddocument/slowakije,200,Nooddocument aanvragen in Slowakije | NederlandWereldwijd,769,0638_paspoort-id-kaart_nooddocument_slowakije
https://www.nederlandwereldwijd.nl/paspoort-id-kaart/nooddocument/somalie,200,Nooddocument aanvragen in Somalië | NederlandWereldwijd,715,0639_paspoort-id-kaart_nooddocument_somalie
https://www.nederlandwereldwijd.nl/paspoort-id-kaart/nooddocument/soorten-nooddocumenten,200,Welke nooddocumenten zijn er? | NederlandWereldwijd,268,0640_paspoort-id-kaart_nooddocument_soorten-nooddocumenten
https://www.nederlandwereldwijd.nl/paspoort-id-kaart/nooddocument/spanje,200,Nooddocument aanvragen in Spanje | NederlandWereldwijd,779,0641_paspoort-id-kaart_nooddocument_spanje
https://www.nederlandwereldwijd.nl/paspoort-id-kaart/nooddocument/sri-lanka,200,Nooddocument aanvragen in Sri Lanka | NederlandWereldwijd,718,0642_paspoort-id-kaart_nooddocument_sri-lanka
https://www.nederlandwereldwijd.nl/paspoort-id-kaart/nooddocument/sudan,200,Nooddocument aanvragen in Sudan | NederlandWereldwijd,81,0643_paspoort-id-kaart_nooddocument_sudan
https://www.nederlandwereldwijd.nl/paspoort-id-kaart/nooddocument/suriname,200,Nooddocument aanvragen in Suriname | NederlandWereldwijd,715,0644_paspoort-id-kaart_nooddocument_suriname
https://www.nederlandwereldwijd.nl/paspoort-id-kaart/nooddocument/syrie,200,Nooddocument aanvragen in Syrië | NederlandWereldwijd,78,0645_paspoort-id-kaart_nooddocument_syrie
https://www.nederlandwereldwijd.nl/paspoort-id-kaart/nooddocument/tadzjikistan,200,Nooddocument aanvragen in Tadzjikistan | NederlandWereldwijd,716,0646_paspoort-id-kaart_nooddocument_tadzjikistan
https://www.nederlandwereldwijd.nl/paspoort-id-kaart/nooddocument/taiwan,200,Nooddocument aanvragen in Taiwan | NederlandWereldwijd,734,0647_paspoort-id-kaart_nooddocument_taiwan
https://www.nederlandwereldwijd.nl/paspoort-id-kaart/nooddocument/tanzania,200,Nooddocument aanvragen in Tanzania | NederlandWereldwijd,717,0648_paspoort-id-kaart_nooddocument_tanzania
https://www.nederlandwereldwijd.nl/paspoort-id-kaart/nooddocument/thailand,200,Nooddocument aanvragen in Thailand | NederlandWereldwijd,834,0649_paspoort-id-kaart_nooddocument_thailand
https://www.nederlandwereldwijd.nl/paspoort-id-kaart/nooddocument/togo,200,Nooddocument aanvragen in Togo | NederlandWereldwijd,715,0650_paspoort-id-kaart_nooddocument_togo
https://www.nederlandwereldwijd.nl/paspoort-id-kaart/nooddocument/tokelau-eilanden,200,Nooddocument aanvragen op de Tokelau-eilanden | NederlandWereldwijd,716,0651_paspoort-id-kaart_nooddocument_tokelau-eilanden
https://www.nederlandwereldwijd.nl/paspoort-id-kaart/nooddocument/tonga,200,Nooddocument aanvragen in Tonga | NederlandWereldwijd,715,0652_paspoort-id-kaart_nooddocument_tonga
https://www.nederlandwereldwijd.nl/paspoort-id-kaart/nooddocument/trinidad-en-tobago,200,Nooddocument aanvragen in Trinidad en Tobago | NederlandWereldwijd,719,0653_paspoort-id-kaart_nooddocument_trinidad-en-tobago
https://www.nederlandwereldwijd.nl/paspoort-id-kaart/nooddocument/tsjaad,200,Nooddocument aanvragen in Tsjaad | NederlandWereldwijd,723,0654_paspoort-id-kaart_nooddocument_tsjaad
https://www.nederlandwereldwijd.nl/paspoort-id-kaart/nooddocument/tsjechie,200,Nooddocument aanvragen in Tsjechië | NederlandWereldwijd,769,0655_paspoort-id-kaart_nooddocument_tsjechie
https://www.nederlandwereldwijd.nl/paspoort-id-kaart/nooddocument/tunesie,200,Nooddocument aanvragen in Tunesië | NederlandWereldwijd,715,0656_paspoort-id-kaart_nooddocument_tunesie
https://www.nederlandwereldwijd.nl/paspoort-id-kaart/nooddocument/turkije,200,Nooddocument aanvragen in Turkije | NederlandWereldwijd,808,0657_paspoort-id-kaart_nooddocument_turkije
https://www.nederlandwereldwijd.nl/paspoort-id-kaart/nooddocument/turkmenistan,200,Nooddocument aanvragen in Turkmenistan | NederlandWereldwijd,699,0658_paspoort-id-kaart_nooddocument_turkmenistan
https://www.nederlandwereldwijd.nl/paspoort-id-kaart/nooddocument/turks-en-caicoseilanden,200,Nooddocument aanvragen op de Turks- en Caicoseilanden | NederlandWereldwijd,722,0659_paspoort-id-kaart_nooddocument_turks-en-caicoseilanden
https://www.nederlandwereldwijd.nl/paspoort-id-kaart/nooddocument/tuvalu,200,Nooddocument aanvragen in Tuvalu | NederlandWereldwijd,715,0660_paspoort-id-kaart_nooddocument_tuvalu
https://www.nederlandwereldwijd.nl/paspoort-id-kaart/nooddocument/uganda,200,Nooddocument aanvragen in Uganda | NederlandWereldwijd,715,0661_paspoort-id-kaart_nooddocument_uganda
https://www.nederlandwereldwijd.nl/paspoort-id-kaart/nooddocument/uruguay,200,Nooddocument aanvragen in Uruguay | NederlandWereldwijd,716,0662_paspoort-id-kaart_nooddocument_uruguay
https://www.nederlandwereldwijd.nl/paspoort-id-kaart/nooddocument/vanuatu,200,Nooddocument aanvragen in Vanuatu | NederlandWereldwijd,712,0663_paspoort-id-kaart_nooddocument_vanuatu
https://www.nederlandwereldwijd.nl/paspoort-id-kaart/nooddocument/venezuela,200,Nooddocument aanvragen in Venezuela | NederlandWereldwijd,715,0664_paspoort-id-kaart_nooddocument_venezuela
https://www.nederlandwereldwijd.nl/paspoort-id-kaart/nooddocument/verenigd-koninkrijk,200,Nooddocument aanvragen in het Verenigd Koninkrijk | NederlandWereldwijd,775,0665_paspoort-id-kaart_nooddocument_verenigd-koninkrijk
https://www.nederlandwereldwijd.nl/paspoort-id-kaart/nooddocument/verenigde-arabische-emiraten,200,Nooddocument aanvragen in de Verenigde Arabische Emiraten (VAE) | NederlandWereldwijd,724,0666_paspoort-id-kaart_nooddocument_verenigde-arabische-emiraten
https://www.nederlandwereldwijd.nl/paspoort-id-kaart/nooddocument/verenigde-staten-van-amerika,200,Nooddocument aanvragen in de Verenigde Staten van Amerika | NederlandWereldwijd,793,0667_paspoort-id-kaart_nooddocument_verenigde-staten-van-amerika
https://www.nederlandwereldwijd.nl/paspoort-id-kaart/nooddocument/vietnam,200,Nooddocument aanvragen in Vietnam | NederlandWereldwijd,906,0668_paspoort-id-kaart_nooddocument_vietnam
https://www.nederlandwereldwijd.nl/paspoort-id-kaart/nooddocument/wallis-en-futuna,200,Nooddocument aanvragen in Wallis en Futuna | NederlandWereldwijd,718,0669_paspoort-id-kaart_nooddocument_wallis-en-futuna
https://www.nederlandwereldwijd.nl/paspoort-id-kaart/nooddocument/zambia,200,Nooddocumenten aanvragen in Zambia | NederlandWereldwijd,716,0670_paspoort-id-kaart_nooddocument_zambia
https://www.nederlandwereldwijd.nl/paspoort-id-kaart/nooddocument/zimbabwe,200,Nooddocument aanvragen in Zimbabwe | NederlandWereldwijd,715,0671_paspoort-id-kaart_nooddocument_zimbabwe
https://www.nederlandwereldwijd.nl/paspoort-id-kaart/nooddocument/zuid-afrika,200,Nooddocument aanvragen in Zuid-Afrika | NederlandWereldwijd,769,0672_paspoort-id-kaart_nooddocument_zuid-afrika
https://www.nederlandwereldwijd.nl/paspoort-id-kaart/nooddocument/zuid-korea,200,Nooddocument aanvragen in Zuid-Korea | NederlandWereldwijd,715,0673_paspoort-id-kaart_nooddocument_zuid-korea
https://www.nederlandwereldwijd.nl/paspoort-id-kaart/nooddocument/zuid-sudan,200,Nooddocument aanvragen in Zuid-Sudan | NederlandWereldwijd,715,0674_paspoort-id-kaart_nooddocument_zuid-sudan
https://www.nederlandwereldwijd.nl/paspoort-id-kaart/nooddocument/zweden,200,Nooddocument aanvragen in Zweden | NederlandWereldwijd,769,0675_paspoort-id-kaart_nooddocument_zweden
https://www.nederlandwereldwijd.nl/paspoort-id-kaart/nooddocument/zwitserland,200,Nooddocument aanvragen in Zwitserland | NederlandWereldwijd,769,0676_paspoort-id-kaart_nooddocument_zwitserland
https://www.nederlandwereldwijd.nl/paspoort-id-kaart/paspoort-id-kaart-vernieuwen,200,Vernieuwen van een Nederlands paspoort of ID-kaart vanuit het buitenland | NederlandWereldwijd,450,0677_paspoort-id-kaart_paspoort-id-kaart-vernieuwen
https://www.nederlandwereldwijd.nl/paspoort-id-kaart/paspoort-kind,200,Voor mijn kind een Nederlands paspoort of ID-kaart aanvragen of vernieuwen in het buitenland | NederlandWereldwijd,562,0678_paspoort-id-kaart_paspoort-kind
https://www.nederlandwereldwijd.nl/paspoort-id-kaart/status-aanvraag,200,Hoe volg ik de status van de aanvraag van mijn paspoort of ID-kaart vanuit het buitenland? | NederlandWereldwijd,469,0679_paspoort-id-kaart_status-aanvraag
https://www.nederlandwereldwijd.nl/paspoort-id-kaart/tijdsduur-aanvragen,200,Hoelang duurt de aanvraag van een paspoort of ID-kaart in het buitenland? | NederlandWereldwijd,370,0680_paspoort-id-kaart_tijdsduur-aanvragen
https://www.nederlandwereldwijd.nl/paspoort-id-kaart/verlopen,200,"Mijn Nederlandse paspoort of ID-kaart is bijna verlopen in het buitenland, wat moet ik doen? | NederlandWereldwijd",404,0681_paspoort-id-kaart_verlopen
https://www.nederlandwereldwijd.nl/paspoort-id-kaart/verschil,200,Wat is het verschil tussen een paspoort en een ID-kaart? | NederlandWereldwijd,635,0682_paspoort-id-kaart_verschil
https://www.nederlandwereldwijd.nl/paspoort-id-kaart/vervangende-toestemming-minderjarige-verenigd-koninkrijk,200,Paspoort of ID-kaart minderjarige in het Verenigd Koninkrijk: vervangende toestemming via de rechtbank | NederlandWereldwijd,190,0683_paspoort-id-kaart_vervangende-toestemming-minderjarige-verenigd-koninkrijk
https://www.nederlandwereldwijd.nl/paspoort-id-kaart/verzendinstructies-rd-zweden,200,Verzendinstructies met PostNord | NederlandWereldwijd,278,0684_paspoort-id-kaart_verzendinstructies-rd-zweden
https://www.nederlandwereldwijd.nl/paspoort-id-kaart/waar-aanvragen,200,Waar kan ik een Nederlands paspoort of ID-kaart aanvragen als ik in het buitenland woon? | NederlandWereldwijd,683,0685_paspoort-id-kaart_waar-aanvragen
https://www.nederlandwereldwijd.nl/paspoort-id-kaart/waar-aanvragen-canada,200,Paspoort of ID-kaart aanvragen als u in Canada woont | NederlandWereldwijd,2699,0686_paspoort-id-kaart_waar-aanvragen-canada
https://www.nederlandwereldwijd.nl/paspoort-id-kaart/waar-let-ik-op-paspoort-kind-buitenland,200,Waar let ik op als ik een Nederlands paspoort of ID-kaart voor mijn kind of baby in het buitenland aanvraag? | NederlandWereldwijd,600,0687_paspoort-id-kaart_waar-let-ik-op-paspoort-kind-buitenland
https://www.nederlandwereldwijd.nl/paspoort-id-kaart/waar-op-letten,200,Waar moet ik op letten als ik een Nederlands paspoort of ID-kaart aanvraag in het buitenland? | NederlandWereldwijd,400,0688_paspoort-id-kaart_waar-op-letten
https://www.nederlandwereldwijd.nl/paspoort-id-kaart/welke-documenten,200,Welke documenten heb ik nodig om een Nederlands paspoort of ID-kaart aan te vragen in het buitenland? | NederlandWereldwijd,205,0689_paspoort-id-kaart_welke-documenten
https://www.nederlandwereldwijd.nl/reizen-paspoort-id-kaart,200,Naar welke landen kan ik reizen met mijn Nederlandse ID-kaart? | NederlandWereldwijd,366,0690_reizen-paspoort-id-kaart
https://www.nederlandwereldwijd.nl/reizen-paspoort-id-kaart/albanie,200,Kan ik naar Albanië reizen met een Nederlandse ID-kaart? | NederlandWereldwijd,184,0691_reizen-paspoort-id-kaart_albanie
https://www.nederlandwereldwijd.nl/reizen-paspoort-id-kaart/andorra,200,Kan ik naar Andorra reizen met een Nederlandse ID-kaart? | NederlandWereldwijd,128,0692_reizen-paspoort-id-kaart_andorra
https://www.nederlandwereldwijd.nl/reizen-paspoort-id-kaart/belgie,200,Kan ik naar België reizen met een Nederlandse ID-kaart? | NederlandWereldwijd,127,0693_reizen-paspoort-id-kaart_belgie
https://www.nederlandwereldwijd.nl/reizen-paspoort-id-kaart/bosnie-en-herzegovina,200,Kan ik naar Bosnië en Herzegovina reizen met een Nederlandse ID-kaart? | NederlandWereldwijd,198,0694_reizen-paspoort-id-kaart_bosnie-en-herzegovina
https://www.nederlandwereldwijd.nl/reizen-paspoort-id-kaart/bulgarije,200,Kan ik naar Bulgarije reizen met een Nederlandse ID-kaart? | NederlandWereldwijd,127,0695_reizen-paspoort-id-kaart_bulgarije
https://www.nederlandwereldwijd.nl/reizen-paspoort-id-kaart/curacao,200,Kan ik naar Curaçao reizen met een Nederlandse ID-kaart? | NederlandWereldwijd,99,0696_reizen-paspoort-id-kaart_curacao
https://www.nederlandwereldwijd.nl/reizen-paspoort-id-kaart/cyprus,200,Kan ik naar Cyprus reizen met een Nederlandse ID-kaart? | NederlandWereldwijd,127,0697_reizen-paspoort-id-kaart_cyprus
https://www.nederlandwereldwijd.nl/reizen-paspoort-id-kaart/denemarken,200,Kan ik naar Denemarken reizen met een Nederlandse ID-kaart? | NederlandWereldwijd,127,0698_reizen-paspoort-id-kaart_denemarken
https://www.nederlandwereldwijd.nl/reizen-paspoort-id-kaart/duitsland,200,Kan ik naar Duitsland reizen met een Nederlandse ID-kaart? | NederlandWereldwijd,131,0699_reizen-paspoort-id-kaart_duitsland
https://www.nederlandwereldwijd.nl/reizen-paspoort-id-kaart/egypte,200,Kan ik naar Egypte reizen met een Nederlandse ID-kaart? | NederlandWereldwijd,157,0700_reizen-paspoort-id-kaart_egypte
https://www.nederlandwereldwijd.nl/reizen-paspoort-id-kaart/estland,200,Kan ik naar Estland reizen met een Nederlandse ID-kaart? | NederlandWereldwijd,127,0701_reizen-paspoort-id-kaart_estland
https://www.nederlandwereldwijd.nl/reizen-paspoort-id-kaart/faeroer,200,Kan ik naar de Faeröer reizen met een Nederlandse ID-kaart? | NederlandWereldwijd,129,0702_reizen-paspoort-id-kaart_faeroer
https://www.nederlandwereldwijd.nl/reizen-paspoort-id-kaart/finland,200,Kan ik naar Finland reizen met een Nederlandse ID-kaart? | NederlandWereldwijd,127,0703_reizen-paspoort-id-kaart_finland
https://www.nederlandwereldwijd.nl/reizen-paspoort-id-kaart/frankrijk,200,Kan ik naar Frankrijk reizen met een Nederlandse ID-kaart? | NederlandWereldwijd,131,0704_reizen-paspoort-id-kaart_frankrijk
https://www.nederlandwereldwijd.nl/reizen-paspoort-id-kaart/frans-guyana,200,Kan ik naar Frans-Guyana reizen met een Nederlandse ID-kaart? | NederlandWereldwijd,134,0705_reizen-paspoort-id-kaart_frans-guyana
https://www.nederlandwereldwijd.nl/reizen-paspoort-id-kaart/georgie,200,Kan ik naar Georgië reizen met een Nederlandse ID-kaart? | NederlandWereldwijd,184,0706_reizen-paspoort-id-kaart_georgie
https://www.nederlandwereldwijd.nl/reizen-paspoort-id-kaart/griekenland,200,Kan ik naar Griekenland reizen met een Nederlandse ID-kaart? | NederlandWereldwijd,127,0707_reizen-paspoort-id-kaart_griekenland
https://www.nederlandwereldwijd.nl/reizen-paspoort-id-kaart/guadeloupe,200,Kan ik naar Guadeloupe reizen met een Nederlandse ID-kaart? | NederlandWereldwijd,134,0708_reizen-paspoort-id-kaart_guadeloupe
https://www.nederlandwereldwijd.nl/reizen-paspoort-id-kaart/hongarije,200,Kan ik naar Hongarije reizen met een Nederlandse ID-kaart? | NederlandWereldwijd,127,0709_reizen-paspoort-id-kaart_hongarije
https://www.nederlandwereldwijd.nl/reizen-paspoort-id-kaart/ierland,200,Kan ik naar Ierland reizen met een Nederlandse ID-kaart? | NederlandWereldwijd,127,0710_reizen-paspoort-id-kaart_ierland
https://www.nederlandwereldwijd.nl/reizen-paspoort-id-kaart/ijsland,200,Kan ik naar IJsland reizen met een Nederlandse ID-kaart? | NederlandWereldwijd,127,0711_reizen-paspoort-id-kaart_ijsland
https://www.nederlandwereldwijd.nl/reizen-paspoort-id-kaart/italie,200,Kan ik naar Italië reizen met een Nederlandse ID-kaart? | NederlandWereldwijd,127,0712_reizen-paspoort-id-kaart_italie
https://www.nederlandwereldwijd.nl/reizen-paspoort-id-kaart/kosovo,200,Kan ik naar Kosovo reizen met een Nederlandse ID-kaart? | NederlandWereldwijd,184,0713_reizen-paspoort-id-kaart_kosovo
https://www.nederlandwereldwijd.nl/reizen-paspoort-id-kaart/kroatie,200,Kan ik naar Kroatië reizen met een Nederlandse ID-kaart? | NederlandWereldwijd,127,0714_reizen-paspoort-id-kaart_kroatie
https://www.nederlandwereldwijd.nl/reizen-paspoort-id-kaart/letland,200,Kan ik naar Letland reizen met een Nederlandse ID-kaart? | NederlandWereldwijd,127,0715_reizen-paspoort-id-kaart_letland
https://www.nederlandwereldwijd.nl/reizen-paspoort-id-kaart/liechtenstein,200,Kan ik naar Liechtenstein reizen met een Nederlandse ID-kaart? | NederlandWereldwijd,127,0716_reizen-paspoort-id-kaart_liechtenstein
https://www.nederlandwereldwijd.nl/reizen-paspoort-id-kaart/litouwen,200,Kan ik naar Litouwen reizen met een Nederlandse ID-kaart? | NederlandWereldwijd,127,0717_reizen-paspoort-id-kaart_litouwen
https://www.nederlandwereldwijd.nl/reizen-paspoort-id-kaart/luxemburg,200,Kan ik naar Luxemburg reizen met een Nederlandse ID-kaart? | NederlandWereldwijd,127,0718_reizen-paspoort-id-kaart_luxemburg
https://www.nederlandwereldwijd.nl/reizen-paspoort-id-kaart/malta,200,Kan ik naar Malta reizen met een Nederlandse ID-kaart? | NederlandWereldwijd,127,0719_reizen-paspoort-id-kaart_malta
https://www.nederlandwereldwijd.nl/reizen-paspoort-id-kaart/martinique,200,Kan ik naar Martinique reizen met een Nederlandse ID-kaart? | NederlandWereldwijd,134,0720_reizen-paspoort-id-kaart_martinique
https://www.nederlandwereldwijd.nl/reizen-paspoort-id-kaart/monaco,200,Kan ik naar Monaco reizen met een Nederlandse ID-kaart? | NederlandWereldwijd,128,0721_reizen-paspoort-id-kaart_monaco
https://www.nederlandwereldwijd.nl/reizen-paspoort-id-kaart/montenegro,200,Kan ik naar Montenegro reizen met een Nederlandse ID-kaart? | NederlandWereldwijd,127,0722_reizen-paspoort-id-kaart_montenegro
https://www.nederlandwereldwijd.nl/reizen-paspoort-id-kaart/noord-macedonie,200,Kan ik naar Noord-Macedonië reizen met een Nederlandse ID-kaart? | NederlandWereldwijd,212,0723_reizen-paspoort-id-kaart_noord-macedonie
https://www.nederlandwereldwijd.nl/reizen-paspoort-id-kaart/noorwegen,200,Kan ik naar Noorwegen (inclusief Spitsbergen) reizen met een Nederlandse ID-kaart? | NederlandWereldwijd,127,0724_reizen-paspoort-id-kaart_noorwegen
https://www.nederlandwereldwijd.nl/reizen-paspoort-id-kaart/oostenrijk,200,Kan ik naar Oostenrijk reizen met een Nederlandse ID-kaart? | NederlandWereldwijd,128,0725_reizen-paspoort-id-kaart_oostenrijk
https://www.nederlandwereldwijd.nl/reizen-paspoort-id-kaart/polen,200,Kan ik naar Polen reizen met een Nederlandse ID-kaart? | NederlandWereldwijd,127,0726_reizen-paspoort-id-kaart_polen
https://www.nederlandwereldwijd.nl/reizen-paspoort-id-kaart/portugal,200,Kan ik naar Portugal (inclusief Madeira en de Azoren) reizen met een Nederlandse ID-kaart? | NederlandWereldwijd,127,0727_reizen-paspoort-id-kaart_portugal
https://www.nederlandwereldwijd.nl/reizen-paspoort-id-kaart/reunion,200,Kan ik naar Réunion reizen met een Nederlandse ID-kaart? | NederlandWereldwijd,134,0728_reizen-paspoort-id-kaart_reunion
https://www.nederlandwereldwijd.nl/reizen-paspoort-id-kaart/roemenie,200,Kan ik naar Roemenië reizen met een Nederlandse ID-kaart? | NederlandWereldwijd,127,0729_reizen-paspoort-id-kaart_roemenie
https://www.nederlandwereldwijd.nl/reizen-paspoort-id-kaart/san-marino,200,Kan ik naar San Marino reizen met een Nederlandse ID-kaart? | NederlandWereldwijd,130,0730_reizen-paspoort-id-kaart_san-marino
https://www.nederlandwereldwijd.nl/reizen-paspoort-id-kaart/servie,200,Kan ik naar Servië reizen met een Nederlandse ID-kaart? | NederlandWereldwijd,180,0731_reizen-paspoort-id-kaart_servie
https://www.nederlandwereldwijd.nl/reizen-paspoort-id-kaart/slovenie,200,Kan ik naar Slovenië reizen met een Nederlandse ID-kaart? | NederlandWereldwijd,128,0732_reizen-paspoort-id-kaart_slovenie
https://www.nederlandwereldwijd.nl/reizen-paspoort-id-kaart/slowakije,200,Kan ik naar Slowakije reizen met een Nederlandse ID-kaart? | NederlandWereldwijd,128,0733_reizen-paspoort-id-kaart_slowakije
https://www.nederlandwereldwijd.nl/reizen-paspoort-id-kaart/spanje,200,Kan ik naar Spanje (inclusief de Canarische eilanden) reizen met een Nederlandse ID-kaart? | NederlandWereldwijd,128,0734_reizen-paspoort-id-kaart_spanje
https://www.nederlandwereldwijd.nl/reizen-paspoort-id-kaart/tsjechie,200,Kan ik naar Tsjechië reizen met een Nederlandse ID-kaart? | NederlandWereldwijd,128,0735_reizen-paspoort-id-kaart_tsjechie
https://www.nederlandwereldwijd.nl/reizen-paspoort-id-kaart/turkije,200,Kan ik naar Turkije reizen met een Nederlandse ID-kaart? | NederlandWereldwijd,179,0736_reizen-paspoort-id-kaart_turkije
https://www.nederlandwereldwijd.nl/reizen-paspoort-id-kaart/verenigd-koninkrijk,200,Kan ik naar het Verenigd Koninkrijk reizen met een Nederlandse ID-kaart? | NederlandWereldwijd,181,0737_reizen-paspoort-id-kaart_verenigd-koninkrijk
https://www.nederlandwereldwijd.nl/reizen-paspoort-id-kaart/zweden,200,Kan ik naar Zweden reizen met een Nederlandse ID-kaart? | NederlandWereldwijd,128,0738_reizen-paspoort-id-kaart_zweden
https://www.nederlandwereldwijd.nl/reizen-paspoort-id-kaart/zwitserland,200,Kan ik naar Zwitserland reizen met een Nederlandse ID-kaart? | NederlandWereldwijd,128,0739_reizen-paspoort-id-kaart_zwitserland
https://www.nederlandwereldwijd.nl/visum-nederland/mvv-zonder-paspoort,200,"Ik krijg een verblijfsvergunning voor nareis asiel, maar ik heb geen paspoort. Wat nu? | NederlandWereldwijd",389,0740_visum-nederland_mvv-zonder-paspoort
https://www.nederlandwereldwijd.nl/visum-nederland/schengenvisum-verlopen-paspoort,200,Mag ik met een geldig Schengenvisum in een verlopen paspoort naar Nederland reizen? | NederlandWereldwijd,131,0741_visum-nederland_schengenvisum-verlopen-paspoort
